sample_id,method,label,target,deletion_auc,insertion_auc
cub_00005,gradcam,0,0,0.017296290234662597,0.17809712364396546
cub_00005,gradcam++,0,0,0.017295662278775124,0.1732233943766914
cub_00005,integrated_gradients,0,0,0.010111725705792194,0.012696627026889463
cub_00005,gradient_shap,0,0,0.009981311254523463,0.01264155538228805
cub_00005,occlusion,0,0,0.009944566190824847,0.3255562565260334
cub_00005,guided_backprop,0,0,0.012807044837973078,0.06388853714452124
cub_00009,gradcam,0,0,0.05372126582078636,0.6273054075660185
cub_00009,gradcam++,0,0,0.058369472040794804,0.6275063804234378
cub_00009,integrated_gradients,0,0,0.023133872002654238,0.21341886656009587
cub_00009,gradient_shap,0,0,0.025052753012278117,0.22148701122205236
cub_00009,occlusion,0,0,0.05753309449646623,0.7111610007705167
cub_00009,guided_backprop,0,0,0.025809184162062595,0.21314868227345868
cub_00016,gradcam,0,0,0.2381810969556682,0.6754970798501745
cub_00016,gradcam++,0,0,0.24094749013311229,0.6836352493730372
cub_00016,integrated_gradients,0,0,0.03317400115338388,0.1250789664802141
cub_00016,gradient_shap,0,0,0.03214180293434765,0.11657361197285349
cub_00016,occlusion,0,0,0.14926587347872558,0.8151374180568381
cub_00016,guided_backprop,0,0,0.04315571973565967,0.37032402199693015
cub_00022,gradcam,0,0,0.2801433532615193,0.4746073746937327
cub_00022,gradcam++,0,0,0.2202484937297413,0.5232657136395573
cub_00022,integrated_gradients,0,0,0.043322049433481884,0.4023498407448642
cub_00022,gradient_shap,0,0,0.057731875780154956,0.40992003262508653
cub_00022,occlusion,0,0,0.06280039444100112,0.7407574452809059
cub_00022,guided_backprop,0,0,0.07378579112119044,0.35878915635403236
cub_00027,gradcam,0,0,0.1148029206611682,0.5671935679380112
cub_00027,gradcam++,0,0,0.10786361012142151,0.5261971870146226
cub_00027,integrated_gradients,0,0,0.026394616563629823,0.04497766037238758
cub_00027,gradient_shap,0,0,0.024342147218703758,0.04911595463199771
cub_00027,occlusion,0,0,0.02686572269012686,0.7324750195024534
cub_00027,guided_backprop,0,0,0.026672051049536093,0.37081608690787105
cub_00032,gradcam,0,0,0.08942136310506615,0.3230273105378728
cub_00032,gradcam++,0,0,0.052236524014733735,0.2739656111574732
cub_00032,integrated_gradients,0,0,0.01569038458401337,0.1147712206991855
cub_00032,gradient_shap,0,0,0.016325486905407163,0.1714026500209002
cub_00032,occlusion,0,0,0.06934573557227851,0.4061027833027766
cub_00032,guided_backprop,0,0,0.02008376610465348,0.2172428602760192
cub_00043,gradcam,0,0,0.2279821997508407,0.6236549339373596
cub_00043,gradcam++,0,0,0.24258016394451262,0.6113993529812431
cub_00043,integrated_gradients,0,0,0.03246050793677569,0.3318406511330977
cub_00043,gradient_shap,0,0,0.035234740137821075,0.396112264948897
cub_00043,occlusion,0,0,0.10165847772732378,0.8429978989763184
cub_00043,guided_backprop,0,0,0.027476496387680533,0.13743532947264608
cub_00048,gradcam,0,0,0.024941624864004554,0.04107022045354823
cub_00048,gradcam++,0,0,0.025783451535971835,0.06091506047523579
cub_00048,integrated_gradients,0,0,0.009054407451185398,0.023912009946070605
cub_00048,gradient_shap,0,0,0.008015108082327062,0.012873561447486272
cub_00048,occlusion,0,0,0.013362688559573142,0.08831956814974545
cub_00048,guided_backprop,0,0,0.012267459119902924,0.10617641635471954
cub_00051,gradcam,0,0,0.1447163147153333,0.8201695924857632
cub_00051,gradcam++,0,0,0.20757532061543316,0.7640710132429377
cub_00051,integrated_gradients,0,0,0.041068484727293256,0.7419318275060504
cub_00051,gradient_shap,0,0,0.035588595888111745,0.7500399578362704
cub_00051,occlusion,0,0,0.10363389570266009,0.8671284117503093
cub_00051,guided_backprop,0,0,0.032683693105354905,0.6770164448535071
cub_00052,gradcam,0,0,0.021643580414820462,0.1742530041170539
cub_00052,gradcam++,0,0,0.022198070469312364,0.16641687182855097
cub_00052,integrated_gradients,0,0,0.0076982491846138154,0.017569537519011635
cub_00052,gradient_shap,0,0,0.006506201999582118,0.011359837303461965
cub_00052,occlusion,0,0,0.006887037829437759,0.19657078778836873
cub_00052,guided_backprop,0,0,0.012485614814795551,0.08412815817137015
cub_00054,gradcam,0,0,0.11245672194636427,0.6011903404723853
cub_00054,gradcam++,0,0,0.04850549462717026,0.4502353582851356
cub_00054,integrated_gradients,0,0,0.025479525930131787,0.11085733686923044
cub_00054,gradient_shap,0,0,0.02549243824905716,0.11614701532525938
cub_00054,occlusion,0,0,0.12210995482091676,0.6514255192829296
cub_00054,guided_backprop,0,0,0.030322466244979297,0.16974957994098075
cub_00057,gradcam,0,0,0.11599666164256632,0.39043321534991265
cub_00057,gradcam++,0,0,0.07525383704341948,0.4790205840719864
cub_00057,integrated_gradients,0,0,0.026880034571513535,0.3871153344865888
cub_00057,gradient_shap,0,0,0.02904641903005541,0.3856310663744807
cub_00057,occlusion,0,0,0.04883881097193808,0.5574050126466319
cub_00057,guided_backprop,0,0,0.036685296520590785,0.5250206115480978
cub_00061,gradcam,1,0,0.184158366243355,0.34060488406103095
cub_00061,gradcam++,1,0,0.043848150921985504,0.5196259235410252
cub_00061,integrated_gradients,1,0,0.025049970578402282,0.21324450790416447
cub_00061,gradient_shap,1,0,0.025138128842809238,0.2592092333128676
cub_00061,occlusion,1,0,0.05732707676943391,0.50868220271077
cub_00061,guided_backprop,1,0,0.03660207124194131,0.3474846553523093
cub_00074,gradcam,1,1,0.07082459841622041,0.912893136125058
cub_00074,gradcam++,1,1,0.047220786276739084,0.9204742300324141
cub_00074,integrated_gradients,1,1,0.03379565824288876,0.5839651333633811
cub_00074,gradient_shap,1,1,0.03558836542069912,0.6801339636323974
cub_00074,occlusion,1,1,0.027707500680116934,0.9064776319079102
cub_00074,guided_backprop,1,1,0.028016310429666194,0.7473900499753653
cub_00077,gradcam,1,1,0.040009054436814045,0.10509218905353918
cub_00077,gradcam++,1,1,0.03797386760124937,0.1739402099046856
cub_00077,integrated_gradients,1,1,0.018754854332655668,0.04890136825852094
cub_00077,gradient_shap,1,1,0.018379488307982684,0.06953208609484135
cub_00077,occlusion,1,1,0.00966894708981272,0.14086435357457958
cub_00077,guided_backprop,1,1,0.020655557583086195,0.22593039819039404
cub_00087,gradcam,1,44,0.20303289995063095,0.647292030416429
cub_00087,gradcam++,1,44,0.16892290334217253,0.5886134004686028
cub_00087,integrated_gradients,1,44,0.017227057495620104,0.15665548749966546
cub_00087,gradient_shap,1,44,0.0169381400803104,0.19524202158208936
cub_00087,occlusion,1,44,0.29887455070856966,0.15284653198905288
cub_00087,guided_backprop,1,44,0.01727969091152772,0.08845882042078299
cub_00091,gradcam,1,0,0.01660064087191131,0.3481627840839792
cub_00091,gradcam++,1,0,0.036353937779495034,0.3253474445082247
cub_00091,integrated_gradients,1,0,0.014127854227263014,0.061603854456916435
cub_00091,gradient_shap,1,0,0.015031606456614097,0.0628013429988641
cub_00091,occlusion,1,0,0.022192501206882303,0.4900004592491314
cub_00091,guided_backprop,1,0,0.016203047384624372,0.24108036692487078
cub_00092,gradcam,1,1,0.11573659494752064,0.29765208010794597
cub_00092,gradcam++,1,1,0.027972180960932746,0.44972792370244863
cub_00092,integrated_gradients,1,1,0.024075316393282267,0.2401969050988555
cub_00092,gradient_shap,1,1,0.02245608762605116,0.2630131762009114
cub_00092,occlusion,1,1,0.020241041126428175,0.4846832784824073
cub_00092,guided_backprop,1,1,0.025240026251412927,0.32081659428367854
cub_00093,gradcam,1,1,0.06510306840064004,0.8543544965796174
cub_00093,gradcam++,1,1,0.04297943388228304,0.8935571032576263
cub_00093,integrated_gradients,1,1,0.03608222308102996,0.8062009091489016
cub_00093,gradient_shap,1,1,0.036130832158960395,0.7953283122740686
cub_00093,occlusion,1,1,0.038694264978403226,0.8216579982079564
cub_00093,guided_backprop,1,1,0.035750692780129614,0.672241061925888
cub_00094,gradcam,1,1,0.10366183009464294,0.8664729493670167
cub_00094,gradcam++,1,1,0.1040793253458105,0.8762348758988082
cub_00094,integrated_gradients,1,1,0.03409452775958925,0.5745466231717729
cub_00094,gradient_shap,1,1,0.03498347542481497,0.5957523028599098
cub_00094,occlusion,1,1,0.04629496899433434,0.8719790729694067
cub_00094,guided_backprop,1,1,0.03235800270922482,0.5305982364807278
cub_00097,gradcam,1,1,0.21334467206615954,0.8341999351046979
cub_00097,gradcam++,1,1,0.14661708114508656,0.8436931622098199
cub_00097,integrated_gradients,1,1,0.0354452550644055,0.4576944144209847
cub_00097,gradient_shap,1,1,0.034078748500905934,0.4600161783630028
cub_00097,occlusion,1,1,0.06248778287554158,0.7652639222331344
cub_00097,guided_backprop,1,1,0.04891613216605037,0.559173817303963
cub_00104,gradcam,1,1,0.22126108908560127,0.6082520256168209
cub_00104,gradcam++,1,1,0.14091463859658687,0.6724309833720327
cub_00104,integrated_gradients,1,1,0.03355953739956022,0.3293783759116195
cub_00104,gradient_shap,1,1,0.03503952561877668,0.37595430404762736
cub_00104,occlusion,1,1,0.0738141626265133,0.4126539441756904
cub_00104,guided_backprop,1,1,0.031317399989347905,0.3861241765960585
cub_00114,gradcam,1,1,0.1035423787077889,0.8319279941730201
cub_00114,gradcam++,1,1,0.0899284958955832,0.8247651352547108
cub_00114,integrated_gradients,1,1,0.040941731818020355,0.7235418956726789
cub_00114,gradient_shap,1,1,0.041500036837533116,0.7455664700828493
cub_00114,occlusion,1,1,0.08550160299637355,0.8397237109951675
cub_00114,guided_backprop,1,1,0.0362225235789083,0.7167941108578815
cub_00115,gradcam,1,1,0.10934396214433947,0.8194486334803515
cub_00115,gradcam++,1,1,0.05528188138268888,0.9290662917308509
cub_00115,integrated_gradients,1,1,0.03892642618156969,0.4465447676833718
cub_00115,gradient_shap,1,1,0.040921977185644214,0.5230763463769108
cub_00115,occlusion,1,1,0.031110909237759193,0.9344389441423119
cub_00115,guided_backprop,1,1,0.043331149104051295,0.7602887027780525
cub_00125,gradcam,2,2,0.10678547438001261,0.428596418525558
cub_00125,gradcam++,2,2,0.1251580304116942,0.3449853686266578
cub_00125,integrated_gradients,2,2,0.015653065238439012,0.11477183878887444
cub_00125,gradient_shap,2,2,0.018263928471424152,0.1136795619386248
cub_00125,occlusion,2,2,0.04825852281646804,0.5384092779946513
cub_00125,guided_backprop,2,2,0.017179833256523128,0.096158359805122
cub_00131,gradcam,2,70,0.14675531657412652,0.03988028317398857
cub_00131,gradcam++,2,70,0.02173200160905253,0.05629281251458451
cub_00131,integrated_gradients,2,70,0.010702179837971925,0.025717448774958022
cub_00131,gradient_shap,2,70,0.009671766211977231,0.02826472778106108
cub_00131,occlusion,2,70,0.020450949482619767,0.07825783416628837
cub_00131,guided_backprop,2,70,0.007592745497822761,0.020320529036689544
cub_00133,gradcam,2,2,0.13402700450969862,0.8410966098890641
cub_00133,gradcam++,2,2,0.139423845813144,0.8375234749284572
cub_00133,integrated_gradients,2,2,0.023654709541006014,0.02932630675204561
cub_00133,gradient_shap,2,2,0.02442283793352544,0.032074835989624226
cub_00133,occlusion,2,2,0.06325071960454806,0.9431872058776206
cub_00133,guided_backprop,2,2,0.025003658872446977,0.30183275445597246
cub_00137,gradcam,2,1,0.025111613108310848,0.06813042752328327
cub_00137,gradcam++,2,1,0.016125891187402888,0.10127809527912177
cub_00137,integrated_gradients,2,1,0.024124696059152483,0.37550790548557417
cub_00137,gradient_shap,2,1,0.027819405402988197,0.5341553346370346
cub_00137,occlusion,2,1,0.012502797189517875,0.20032871696166693
cub_00137,guided_backprop,2,1,0.01303407907835208,0.3508676709490828
cub_00140,gradcam,2,2,0.1588922173250467,0.8513778304797597
cub_00140,gradcam++,2,2,0.1564304364495911,0.8468869306263513
cub_00140,integrated_gradients,2,2,0.031011400924762716,0.07338592360028993
cub_00140,gradient_shap,2,2,0.03177098555897829,0.06081036633113396
cub_00140,occlusion,2,2,0.42614780879812325,0.22152690865332256
cub_00140,guided_backprop,2,2,0.029521207901416345,0.08766641664551568
cub_00142,gradcam,2,2,0.8346624449477532,0.21160174916731186
cub_00142,gradcam++,2,2,0.4974635736434721,0.5034307198511669
cub_00142,integrated_gradients,2,2,0.025836122606415303,0.7001934087951668
cub_00142,gradient_shap,2,2,0.027084361360175536,0.7100528407958336
cub_00142,occlusion,2,2,0.22477500905515627,0.9223626632359809
cub_00142,guided_backprop,2,2,0.02981277800281532,0.7528345078346319
cub_00143,gradcam,2,2,0.5001084525953047,0.2737245983094908
cub_00143,gradcam++,2,2,0.12357746144989507,0.6343334340141153
cub_00143,integrated_gradients,2,2,0.02295508706301917,0.06541544757783409
cub_00143,gradient_shap,2,2,0.02147736271290341,0.10151684449228919
cub_00143,occlusion,2,2,0.06368595419917256,0.900311670091469
cub_00143,guided_backprop,2,2,0.023835547198541467,0.1172410452039912
cub_00146,gradcam,2,2,0.12599202782148494,0.8703339923289604
cub_00146,gradcam++,2,2,0.43171153190778566,0.6908199795172549
cub_00146,integrated_gradients,2,2,0.035868092911550783,0.49275159494718535
cub_00146,gradient_shap,2,2,0.03391374611528591,0.5455774182570168
cub_00146,occlusion,2,2,0.1592815738753416,0.9170712355640717
cub_00146,guided_backprop,2,2,0.0381553711486049,0.6057050437317228
cub_00157,gradcam,2,0,0.0759775661630556,0.6865395021857694
cub_00157,gradcam++,2,0,0.07859646859578788,0.695942822820507
cub_00157,integrated_gradients,2,0,0.03531340211920906,0.08899813632015134
cub_00157,gradient_shap,2,0,0.03624409931217086,0.07768958676606413
cub_00157,occlusion,2,0,0.05899046009290032,0.7326759626390412
cub_00157,guided_backprop,2,0,0.04067732206603979,0.3162256419367622
cub_00163,gradcam,2,2,0.4532718579517678,0.4336025033058831
cub_00163,gradcam++,2,2,0.09569697154220193,0.7914429566008039
cub_00163,integrated_gradients,2,2,0.022398929641349243,0.385587464121636
cub_00163,gradient_shap,2,2,0.022337690371205098,0.39338723102700895
cub_00163,occlusion,2,2,0.08240951239131392,0.86931683459552
cub_00163,guided_backprop,2,2,0.023897027591010554,0.4124931403377558
cub_00168,gradcam,2,2,0.7584653759025968,0.37189816964091726
cub_00168,gradcam++,2,2,0.45367775759223145,0.5061866004718468
cub_00168,integrated_gradients,2,2,0.023574459725932684,0.046743366933515024
cub_00168,gradient_shap,2,2,0.02395482643769355,0.05152052590274249
cub_00168,occlusion,2,2,0.0745734306750819,0.88383221962722
cub_00168,guided_backprop,2,2,0.0361782645864878,0.4818959213676862
cub_00169,gradcam,2,2,0.6960494141676464,0.2799946978106163
cub_00169,gradcam++,2,2,0.11530960731906817,0.9000544600305147
cub_00169,integrated_gradients,2,2,0.025856143799319393,0.13916500769555565
cub_00169,gradient_shap,2,2,0.025139933450554968,0.05424590936163437
cub_00169,occlusion,2,2,0.05740697457222268,0.7719616640475578
cub_00169,guided_backprop,2,2,0.0286925753345713,0.3770326357451267
cub_00181,gradcam,3,3,0.03161119490978308,0.48985059139668014
cub_00181,gradcam++,3,3,0.03832382347318345,0.47856673040078024
cub_00181,integrated_gradients,3,3,0.028420931246364488,0.13710063943872225
cub_00181,gradient_shap,3,3,0.027606624684995043,0.10400495234352998
cub_00181,occlusion,3,3,0.026162211381597442,0.6051261837303173
cub_00181,guided_backprop,3,3,0.02551105192978867,0.11288083867984819
cub_00186,gradcam,3,3,0.021510748920263723,0.2500188132573385
cub_00186,gradcam++,3,3,0.017202844115672637,0.24357544913073068
cub_00186,integrated_gradients,3,3,0.018551858351565895,0.1316175240965094
cub_00186,gradient_shap,3,3,0.017206006334163245,0.1452503614069428
cub_00186,occlusion,3,3,0.05791209061280824,0.10565064051770602
cub_00186,guided_backprop,3,3,0.02269048222224228,0.08311398592195472
cub_00193,gradcam,3,3,0.15466735008521937,0.46585126295103696
cub_00193,gradcam++,3,3,0.13892567752045576,0.46854029369424094
cub_00193,integrated_gradients,3,3,0.037613642791984606,0.21061692572548052
cub_00193,gradient_shap,3,3,0.03965222683618778,0.21202391501865347
cub_00193,occlusion,3,3,0.17130256380769426,0.3374557400762569
cub_00193,guided_backprop,3,3,0.04817330461810344,0.1303397984418552
cub_00194,gradcam,3,3,0.2078786020450934,0.7890001152351034
cub_00194,gradcam++,3,3,0.16287264358034012,0.7982224113016855
cub_00194,integrated_gradients,3,3,0.03651429751771502,0.34376239329576486
cub_00194,gradient_shap,3,3,0.04037253814167343,0.3597291477315593
cub_00194,occlusion,3,3,0.062012084265006706,0.7110900029016192
cub_00194,guided_backprop,3,3,0.041611530754016704,0.3680546772957314
cub_00195,gradcam,3,3,0.019059491838561374,0.2993457569449674
cub_00195,gradcam++,3,3,0.015759898145915944,0.2837731516628992
cub_00195,integrated_gradients,3,3,0.030373264424270022,0.1805585825059097
cub_00195,gradient_shap,3,3,0.034967450465774166,0.2024525850720238
cub_00195,occlusion,3,3,0.028145513398339976,0.2779293070421772
cub_00195,guided_backprop,3,3,0.02219121707021259,0.2535748019523453
cub_00196,gradcam,3,3,0.08270323899923825,0.890338659909321
cub_00196,gradcam++,3,3,0.05618015177897179,0.8955216473608743
cub_00196,integrated_gradients,3,3,0.03963817005860619,0.5496323959843721
cub_00196,gradient_shap,3,3,0.03442276131245307,0.5622896627930459
cub_00196,occlusion,3,3,0.06606720499112272,0.9052798098593483
cub_00196,guided_backprop,3,3,0.04523371357354337,0.6894864175177644
cub_00197,gradcam,3,3,0.0683847354608588,0.702987646352267
cub_00197,gradcam++,3,3,0.045747082954039786,0.6610607321083081
cub_00197,integrated_gradients,3,3,0.02734170458861627,0.22864308741409328
cub_00197,gradient_shap,3,3,0.027243089262628924,0.23507642870536066
cub_00197,occlusion,3,3,0.027954658621456477,0.6377965288877022
cub_00197,guided_backprop,3,3,0.03159823146997952,0.21521511431201357
cub_00207,gradcam,3,3,0.05729377399547959,0.8601936048537027
cub_00207,gradcam++,3,3,0.05029074618942104,0.8424164323776494
cub_00207,integrated_gradients,3,3,0.046121362916892394,0.7096893188136165
cub_00207,gradient_shap,3,3,0.045668339979602034,0.6976686577370855
cub_00207,occlusion,3,3,0.06598717681481503,0.7907925641804467
cub_00207,guided_backprop,3,3,0.044577819638652726,0.5593507186451461
cub_00213,gradcam,3,3,0.27706518272170794,0.1425058357492276
cub_00213,gradcam++,3,3,0.06364794320979854,0.308095103938831
cub_00213,integrated_gradients,3,3,0.016348746986477636,0.13593023144640026
cub_00213,gradient_shap,3,3,0.015310726509778763,0.09479647355619816
cub_00213,occlusion,3,3,0.017519250320037833,0.281289889261825
cub_00213,guided_backprop,3,3,0.017209304755670018,0.06870772968395611
cub_00214,gradcam,3,3,0.09507803549640813,0.26925850114312194
cub_00214,gradcam++,3,3,0.092326651600888,0.7013213580299633
cub_00214,integrated_gradients,3,3,0.08772301438148133,0.6481145391997416
cub_00214,gradient_shap,3,3,0.08972698470461182,0.6444708912109491
cub_00214,occlusion,3,3,0.0758227484242525,0.5479801628447604
cub_00214,guided_backprop,3,3,0.06435725751216524,0.5837011323950718
cub_00224,gradcam,3,3,0.1476057130435947,0.6850954360037577
cub_00224,gradcam++,3,3,0.13524157007341275,0.6589144765108357
cub_00224,integrated_gradients,3,3,0.03270552663016133,0.42665445705060845
cub_00224,gradient_shap,3,3,0.031932210380909966,0.42775619569583795
cub_00224,occlusion,3,3,0.10504880776279606,0.4669665251567494
cub_00224,guided_backprop,3,3,0.04012744936044328,0.391846220678417
cub_00233,gradcam,3,3,0.3862075664394069,0.26584795422968455
cub_00233,gradcam++,3,3,0.11096507566107906,0.5605989362753463
cub_00233,integrated_gradients,3,3,0.03803160997922532,0.37726533128297884
cub_00233,gradient_shap,3,3,0.03673584756324998,0.3871374349284451
cub_00233,occlusion,3,3,0.03501194394775667,0.6890078066557181
cub_00233,guided_backprop,3,3,0.03653652117936872,0.3890959145210217
cub_00243,gradcam,4,4,0.25460768316406757,0.8312228034716099
cub_00243,gradcam++,4,4,0.27032963478704913,0.8094576943200082
cub_00243,integrated_gradients,4,4,0.04059418212855236,0.4231841837521642
cub_00243,gradient_shap,4,4,0.04638515103142709,0.4718499415088445
cub_00243,occlusion,4,4,0.06665169928455726,0.7765052875038237
cub_00243,guided_backprop,4,4,0.0556252707960084,0.5135271474253387
cub_00245,gradcam,4,4,0.10402420982718469,0.2661574575584381
cub_00245,gradcam++,4,4,0.23080268797930334,0.1825068017002195
cub_00245,integrated_gradients,4,4,0.024547183647518973,0.10921789400745181
cub_00245,gradient_shap,4,4,0.024007247103145345,0.0707413335330784
cub_00245,occlusion,4,4,0.032232961663976316,0.5385024116840214
cub_00245,guided_backprop,4,4,0.025098837155383084,0.08660746053792534
cub_00246,gradcam,4,4,0.06075662683870178,0.32396111891139295
cub_00246,gradcam++,4,4,0.02062321341072675,0.4458609003107995
cub_00246,integrated_gradients,4,4,0.011877461825497449,0.15398666742257772
cub_00246,gradient_shap,4,4,0.012744591443333775,0.18314373116008936
cub_00246,occlusion,4,4,0.010842451322241688,0.3583388750907034
cub_00246,guided_backprop,4,4,0.011971641849959268,0.2076217337977141
cub_00247,gradcam,4,4,0.0969891372951679,0.2617956438567489
cub_00247,gradcam++,4,4,0.05929825915955006,0.3970418672543019
cub_00247,integrated_gradients,4,4,0.01621637988137081,0.11686130915768445
cub_00247,gradient_shap,4,4,0.01591497398912907,0.11933433995582161
cub_00247,occlusion,4,4,0.019427391537465154,0.2349692090880126
cub_00247,guided_backprop,4,4,0.010628936626017094,0.11234922665171325
cub_00250,gradcam,4,4,0.5138422153424473,0.4715723262168467
cub_00250,gradcam++,4,4,0.32802981063723563,0.6232905821409076
cub_00250,integrated_gradients,4,4,0.024698368727695198,0.028007551468908758
cub_00250,gradient_shap,4,4,0.026326177094597364,0.03486296976916489
cub_00250,occlusion,4,4,0.06125736728135962,0.6132986261975021
cub_00250,guided_backprop,4,4,0.025393864128272978,0.0396508053410798
cub_00252,gradcam,4,4,0.18863675449683798,0.16123716193251308
cub_00252,gradcam++,4,4,0.04743940641637893,0.29981050672940907
cub_00252,integrated_gradients,4,4,0.023837139655370262,0.14916976834647355
cub_00252,gradient_shap,4,4,0.024870305764488877,0.145709901349619
cub_00252,occlusion,4,4,0.025098393752705304,0.2592502253130078
cub_00252,guided_backprop,4,4,0.02584231682121754,0.08445969545282421
cub_00269,gradcam,4,4,0.20987416931893677,0.6121820180676878
cub_00269,gradcam++,4,4,0.1573147250339389,0.6887801963370295
cub_00269,integrated_gradients,4,4,0.025962214940227574,0.24431972918100653
cub_00269,gradient_shap,4,4,0.0255311525776051,0.23804064933210609
cub_00269,occlusion,4,4,0.03124497175740544,0.7301846492569892
cub_00269,guided_backprop,4,4,0.030124980345135555,0.2179726068396121
cub_00278,gradcam,4,4,0.3089140910888091,0.5977079156320542
cub_00278,gradcam++,4,4,0.12816140830982478,0.6398688364308327
cub_00278,integrated_gradients,4,4,0.023033213129383515,0.38399371928535403
cub_00278,gradient_shap,4,4,0.021779911332123446,0.39720674180425697
cub_00278,occlusion,4,4,0.045077540772035726,0.5915176216047257
cub_00278,guided_backprop,4,4,0.026921176427276806,0.28471781094558535
cub_00279,gradcam,4,4,0.03145594359957613,0.6499449628870935
cub_00279,gradcam++,4,4,0.030019564111717047,0.5532204186078161
cub_00279,integrated_gradients,4,4,0.056582658516708774,0.36360092023387547
cub_00279,gradient_shap,4,4,0.05673831661697478,0.3707911754958331
cub_00279,occlusion,4,4,0.026088349713245404,0.5480767504544929
cub_00279,guided_backprop,4,4,0.03679192673880607,0.3100162839982658
cub_00291,gradcam,5,5,0.054017578596540265,0.8502529532881454
cub_00291,gradcam++,5,5,0.04146792730753077,0.8269917662488296
cub_00291,integrated_gradients,5,5,0.026388009631773453,0.18009249847382303
cub_00291,gradient_shap,5,5,0.026534238833119162,0.24911474196705966
cub_00291,occlusion,5,5,0.03483591572621663,0.9215066784294321
cub_00291,guided_backprop,5,5,0.026865260049817152,0.44133987009990955
cub_00293,gradcam,5,5,0.146329007181339,0.839809158933349
cub_00293,gradcam++,5,5,0.11987881396489683,0.8484794610412791
cub_00293,integrated_gradients,5,5,0.026963018812239174,0.4551008631009608
cub_00293,gradient_shap,5,5,0.027590887135011146,0.4409096522256732
cub_00293,occlusion,5,5,0.08643494593707146,0.9065696799429135
cub_00293,guided_backprop,5,5,0.028976861928822477,0.43022835098672657
cub_00294,gradcam,5,5,0.11461927695199847,0.4217053556116298
cub_00294,gradcam++,5,5,0.09390466072945858,0.6516647321404888
cub_00294,integrated_gradients,5,5,0.01943277141544968,0.10255174034973602
cub_00294,gradient_shap,5,5,0.019917733292095362,0.11844762396649455
cub_00294,occlusion,5,5,0.04279436877695844,0.6243211387423798
cub_00294,guided_backprop,5,5,0.01961231457535178,0.06722088508540762
cub_00297,gradcam,5,5,0.329170900065219,0.8728190534980969
cub_00297,gradcam++,5,5,0.2906872563318757,0.8695565768750384
cub_00297,integrated_gradients,5,5,0.02695514750375878,0.5009440290741621
cub_00297,gradient_shap,5,5,0.02723268509435002,0.5028428572462872
cub_00297,occlusion,5,5,0.12989892097539268,0.8769288794370368
cub_00297,guided_backprop,5,5,0.060370836907532074,0.441851681121625
cub_00304,gradcam,5,5,0.13987402300117538,0.8209595226915551
cub_00304,gradcam++,5,5,0.14556859314179751,0.8384384730132295
cub_00304,integrated_gradients,5,5,0.023901067602855618,0.5394824269926176
cub_00304,gradient_shap,5,5,0.024244182587426624,0.5232828436652198
cub_00304,occlusion,5,5,0.18307988129672598,0.6331225262256338
cub_00304,guided_backprop,5,5,0.02644066669163294,0.5258087973343208
cub_00316,gradcam,5,5,0.3576658000471071,0.6772834999719634
cub_00316,gradcam++,5,5,0.1134907128624036,0.8871750229271129
cub_00316,integrated_gradients,5,5,0.03546652787481435,0.6750968927750364
cub_00316,gradient_shap,5,5,0.034893788379849855,0.6904251785250382
cub_00316,occlusion,5,5,0.11453682865540032,0.7475816325517372
cub_00316,guided_backprop,5,5,0.04189162797993049,0.5917365421773865
cub_00319,gradcam,5,5,0.5172425922763069,0.5289504019776359
cub_00319,gradcam++,5,5,0.08672374853340445,0.8814585977466778
cub_00319,integrated_gradients,5,5,0.024745007217279638,0.612662446149625
cub_00319,gradient_shap,5,5,0.024710565109853637,0.6682199156144634
cub_00319,occlusion,5,5,0.047018225624924526,0.8533728682668879
cub_00319,guided_backprop,5,5,0.0259325061342679,0.6353819511365146
cub_00323,gradcam,5,5,0.1345603182562627,0.4963441179366782
cub_00323,gradcam++,5,5,0.06423178664990702,0.6146725171478465
cub_00323,integrated_gradients,5,5,0.018588561899377968,0.07978050243109462
cub_00323,gradient_shap,5,5,0.019776540208840742,0.10515658708754926
cub_00323,occlusion,5,5,0.03158418515085941,0.7415503946365789
cub_00323,guided_backprop,5,5,0.020561315442319032,0.0915435471688397
cub_00327,gradcam,6,6,0.6300356746301986,0.2250282873457763
cub_00327,gradcam++,6,6,0.29235385833308103,0.5709610381512902
cub_00327,integrated_gradients,6,6,0.06047787327552215,0.43988823847612357
cub_00327,gradient_shap,6,6,0.07275328047107904,0.43059988183667874
cub_00327,occlusion,6,6,0.08189621967467248,0.5531431151437572
cub_00327,guided_backprop,6,6,0.0918503123219125,0.4086121140397153
cub_00328,gradcam,6,6,0.3599196472903714,0.46849001081427555
cub_00328,gradcam++,6,6,0.08579946408135583,0.890838880406227
cub_00328,integrated_gradients,6,6,0.030425197683507578,0.5023801886825822
cub_00328,gradient_shap,6,6,0.032414122845511886,0.5064443509443662
cub_00328,occlusion,6,6,0.06741626738075866,0.9087562571628951
cub_00328,guided_backprop,6,6,0.05437754093436526,0.5858540582819841
cub_00348,gradcam,6,6,0.0747566036414355,0.8824357224046251
cub_00348,gradcam++,6,6,0.0786922043771483,0.8869056003051808
cub_00348,integrated_gradients,6,6,0.03182686750660651,0.6988320093019865
cub_00348,gradient_shap,6,6,0.03133850125595927,0.7683142449124716
cub_00348,occlusion,6,6,0.05319748434703799,0.9120246420963668
cub_00348,guided_backprop,6,6,0.039449613913893705,0.8039003114565275
cub_00349,gradcam,6,6,0.3231355866300874,0.6483801516122184
cub_00349,gradcam++,6,6,0.3096943191427272,0.7702913633664138
cub_00349,integrated_gradients,6,6,0.052651622460689385,0.5688369717798195
cub_00349,gradient_shap,6,6,0.051732156728394325,0.6056224517873489
cub_00349,occlusion,6,6,0.09331732007558459,0.6603634848608635
cub_00349,guided_backprop,6,6,0.05492964255390689,0.5863264805986546
cub_00352,gradcam,6,6,0.05313774353708141,0.6857617684989237
cub_00352,gradcam++,6,6,0.0801532110781409,0.6597995064803399
cub_00352,integrated_gradients,6,6,0.0316665678517893,0.6790153934969568
cub_00352,gradient_shap,6,6,0.03030127342790365,0.6689569290145301
cub_00352,occlusion,6,6,0.028860431545763277,0.7653996448381806
cub_00352,guided_backprop,6,6,0.03646387897897512,0.6863427776261233
cub_00366,gradcam,6,6,0.35760144081432377,0.5118469800130696
cub_00366,gradcam++,6,6,0.1461005586985266,0.6875166042591446
cub_00366,integrated_gradients,6,6,0.037096016318537296,0.28023299108026545
cub_00366,gradient_shap,6,6,0.0364757219562307,0.2696204485720955
cub_00366,occlusion,6,6,0.0438566517936124,0.6802626270917244
cub_00366,guided_backprop,6,6,0.0372672449448146,0.2962487154523842
cub_00368,gradcam,6,6,0.2146312209544704,0.20073033286025743
cub_00368,gradcam++,6,6,0.26237133581889793,0.2574696984491311
cub_00368,integrated_gradients,6,6,0.023261924472171815,0.06825933145591986
cub_00368,gradient_shap,6,6,0.026279544038698078,0.08632100137183439
cub_00368,occlusion,6,6,0.12257803707325365,0.3515257629449479
cub_00368,guided_backprop,6,6,0.02512641226639971,0.06088076276937497
cub_00372,gradcam,6,6,0.06443559602194002,0.8040264946757816
cub_00372,gradcam++,6,6,0.09436819113325329,0.7822531502111815
cub_00372,integrated_gradients,6,6,0.033675487700384116,0.6087214111699724
cub_00372,gradient_shap,6,6,0.03157000617356972,0.6545836272998713
cub_00372,occlusion,6,6,0.036079241120023656,0.8117274813703261
cub_00372,guided_backprop,6,6,0.03216792322928086,0.6561412101960741
cub_00374,gradcam,6,6,0.2488991808961146,0.657395168801304
cub_00374,gradcam++,6,6,0.2313899353495799,0.6529094289406203
cub_00374,integrated_gradients,6,6,0.056089643610175696,0.5737940888269805
cub_00374,gradient_shap,6,6,0.047179537045303734,0.4819465937442146
cub_00374,occlusion,6,6,0.10151414765277877,0.7371051395661197
cub_00374,guided_backprop,6,6,0.058851982944179336,0.5030604212894104
cub_00375,gradcam,6,6,0.16113063843222336,0.5872271364904009
cub_00375,gradcam++,6,6,0.09872659466927872,0.720095252559986
cub_00375,integrated_gradients,6,6,0.08549707203637807,0.5615341577096842
cub_00375,gradient_shap,6,6,0.08140919068828228,0.5605860392912292
cub_00375,occlusion,6,6,0.05954626279562945,0.6574492126121185
cub_00375,guided_backprop,6,6,0.08412389763398097,0.609130367951002
cub_00378,gradcam,7,49,0.1602499387110584,0.131341350445291
cub_00378,gradcam++,7,49,0.03250477685505757,0.15628783674910662
cub_00378,integrated_gradients,7,49,0.0143090226338245,0.048490239540114985
cub_00378,gradient_shap,7,49,0.014862804324366154,0.05670503801666199
cub_00378,occlusion,7,49,0.020841095654759556,0.20166744445450602
cub_00378,guided_backprop,7,49,0.015753934625536203,0.0810634066350758
cub_00389,gradcam,7,7,0.13925923574715857,0.7403585460036993
cub_00389,gradcam++,7,7,0.08950615304056557,0.8135021377005615
cub_00389,integrated_gradients,7,7,0.07334683794761075,0.6337007578345948
cub_00389,gradient_shap,7,7,0.06653996127424762,0.7030122374068015
cub_00389,occlusion,7,7,0.08495267037069425,0.8043510961229912
cub_00389,guided_backprop,7,7,0.09447617841651663,0.6153079558047465
cub_00390,gradcam,7,7,0.02803042010637001,0.34682743254816156
cub_00390,gradcam++,7,7,0.031060674064792692,0.3444620377966202
cub_00390,integrated_gradients,7,7,0.053285665519069894,0.5534318893100135
cub_00390,gradient_shap,7,7,0.050284000963438304,0.5792638144339435
cub_00390,occlusion,7,7,0.03087171728839167,0.39763199676526706
cub_00390,guided_backprop,7,7,0.07392717594048008,0.421026193338912
cub_00391,gradcam,7,7,0.030782983644166963,0.4761197047540918
cub_00391,gradcam++,7,7,0.028111242409795525,0.4787181095802225
cub_00391,integrated_gradients,7,7,0.03155119320144877,0.09101621721638364
cub_00391,gradient_shap,7,7,0.03317621869500727,0.08946571395499628
cub_00391,occlusion,7,7,0.03137761798861902,0.16843485975405198
cub_00391,guided_backprop,7,7,0.03876713070785628,0.11699517999077212
cub_00397,gradcam,7,7,0.1601308404759038,0.6249130523880011
cub_00397,gradcam++,7,7,0.18668085689714645,0.5765802127978531
cub_00397,integrated_gradients,7,7,0.05048341074725614,0.34525648410199206
cub_00397,gradient_shap,7,7,0.04586258482886479,0.41746369575848796
cub_00397,occlusion,7,7,0.09192070181597957,0.4621126378769985
cub_00397,guided_backprop,7,7,0.04398187616607174,0.40744681422365825
cub_00401,gradcam,7,7,0.13656098523642868,0.5725579197402112
cub_00401,gradcam++,7,7,0.15331114234868434,0.5856067554967012
cub_00401,integrated_gradients,7,7,0.06081048420164734,0.35211006406461814
cub_00401,gradient_shap,7,7,0.06575187692651527,0.3473030980792827
cub_00401,occlusion,7,7,0.12062922418117525,0.4233371001901105
cub_00401,guided_backprop,7,7,0.08411720067961141,0.24241224228171626
cub_00403,gradcam,7,7,0.030887843185337265,0.028266963694477447
cub_00403,gradcam++,7,7,0.02352796046470758,0.0253842388279736
cub_00403,integrated_gradients,7,7,0.012385997327510268,0.15932148322463036
cub_00403,gradient_shap,7,7,0.01284585417015478,0.14219329863553867
cub_00403,occlusion,7,7,0.011682526452932506,0.08775460637407377
cub_00403,guided_backprop,7,7,0.01731947503867559,0.1219851857400499
cub_00405,gradcam,7,7,0.07988211161573418,0.5977343145757913
cub_00405,gradcam++,7,7,0.08247400437830947,0.7163929097994696
cub_00405,integrated_gradients,7,7,0.0464281433261931,0.2610857635154389
cub_00405,gradient_shap,7,7,0.041980086849071084,0.34332971939584234
cub_00405,occlusion,7,7,0.09986458725761622,0.4733126288163475
cub_00405,guided_backprop,7,7,0.04198539539356717,0.16190104301786046
cub_00409,gradcam,7,7,0.03608056384837255,0.7022172010852954
cub_00409,gradcam++,7,7,0.033199248358141635,0.6796952303149737
cub_00409,integrated_gradients,7,7,0.02546427312190645,0.24244136536726724
cub_00409,gradient_shap,7,7,0.02634578139986843,0.25798830323619765
cub_00409,occlusion,7,7,0.034896664158441136,0.634399881772697
cub_00409,guided_backprop,7,7,0.028759720659581947,0.20288305182475594
cub_00423,gradcam,7,7,0.17975560671184213,0.26898869806900616
cub_00423,gradcam++,7,7,0.14408241479541176,0.3236865071114153
cub_00423,integrated_gradients,7,7,0.03752778321504594,0.20042006865842266
cub_00423,gradient_shap,7,7,0.0450973937404342,0.23209920917870475
cub_00423,occlusion,7,7,0.064563301182352,0.2728979188366793
cub_00423,guided_backprop,7,7,0.0407680740871001,0.1493843397009186
cub_00428,gradcam,8,8,0.20308953874045985,0.8044467553612776
cub_00428,gradcam++,8,8,0.20402520183706657,0.8029717853409238
cub_00428,integrated_gradients,8,8,0.04812384647084401,0.7608187322621234
cub_00428,gradient_shap,8,8,0.048444318783003835,0.7410171647672541
cub_00428,occlusion,8,8,0.06143448202637956,0.8491971769486554
cub_00428,guided_backprop,8,8,0.04594373597064987,0.6730752478004433
cub_00434,gradcam,8,28,0.09319975033868104,0.28525423368409975
cub_00434,gradcam++,8,28,0.019105762580329613,0.5569632376893424
cub_00434,integrated_gradients,8,28,0.019915559011860748,0.3834677483711857
cub_00434,gradient_shap,8,28,0.019842827657703312,0.3710314846306573
cub_00434,occlusion,8,28,0.02015470329060918,0.672363705909811
cub_00434,guided_backprop,8,28,0.019794111471856012,0.23975625869643405
cub_00436,gradcam,8,8,0.055027852387866005,0.7856557746068575
cub_00436,gradcam++,8,8,0.04965127814793959,0.8100119783426635
cub_00436,integrated_gradients,8,8,0.03441287690075114,0.6717049776692875
cub_00436,gradient_shap,8,8,0.033999938366468994,0.6979647325468251
cub_00436,occlusion,8,8,0.03781618206994608,0.7562051900778897
cub_00436,guided_backprop,8,8,0.03321539586177096,0.6729726835270412
cub_00440,gradcam,8,8,0.032960204096161766,0.38276262684958057
cub_00440,gradcam++,8,8,0.05601697373203934,0.38247606504010034
cub_00440,integrated_gradients,8,8,0.020139394013676797,0.19194602459901944
cub_00440,gradient_shap,8,8,0.02395770309958607,0.16724126978078857
cub_00440,occlusion,8,8,0.013870441511971877,0.18295746167423202
cub_00440,guided_backprop,8,8,0.021430180745664988,0.1412748403963633
cub_00450,gradcam,8,29,0.014696689591801261,0.14703419865109024
cub_00450,gradcam++,8,29,0.018657039146637546,0.1473205199232325
cub_00450,integrated_gradients,8,29,0.005083971601197846,0.07917715149669674
cub_00450,gradient_shap,8,29,0.005081778052408481,0.07282355716597522
cub_00450,occlusion,8,29,0.0189716971362941,0.13529777065850793
cub_00450,guided_backprop,8,29,0.005322712737688562,0.0504750012391014
cub_00454,gradcam,8,8,0.025037353707011795,0.20413364107953388
cub_00454,gradcam++,8,8,0.06132996428059416,0.08737300195498392
cub_00454,integrated_gradients,8,8,0.07966512007405983,0.1520812264760025
cub_00454,gradient_shap,8,8,0.07709393046097829,0.12476917413296179
cub_00454,occlusion,8,8,0.012917033763369548,0.09588573583168909
cub_00454,guided_backprop,8,8,0.03905843555694446,0.04580060095759108
cub_00458,gradcam,8,8,0.28288308206247176,0.8562224821303969
cub_00458,gradcam++,8,8,0.2945846583344973,0.8574206867371686
cub_00458,integrated_gradients,8,8,0.05728790197754278,0.7557849552598782
cub_00458,gradient_shap,8,8,0.04991405460750683,0.7370970512856729
cub_00458,occlusion,8,8,0.05978389085503295,0.8279674404417163
cub_00458,guided_backprop,8,8,0.057803949352819475,0.6756591790472157
cub_00459,gradcam,8,10,0.036606329386995644,0.1600920883473009
cub_00459,gradcam++,8,10,0.03274882746627555,0.16301565695321188
cub_00459,integrated_gradients,8,10,0.010906953187077306,0.08107161357766017
cub_00459,gradient_shap,8,10,0.010715824115322906,0.09279060760163702
cub_00459,occlusion,8,10,0.009955605262075548,0.2524770165095106
cub_00459,guided_backprop,8,10,0.011707039963221177,0.12725247189518993
cub_00461,gradcam,8,8,0.04740350335196126,0.7934651834075338
cub_00461,gradcam++,8,8,0.03223142130300403,0.8253581055556425
cub_00461,integrated_gradients,8,8,0.030787384285940793,0.49807602503569803
cub_00461,gradient_shap,8,8,0.03391197889577598,0.5032242789049632
cub_00461,occlusion,8,8,0.023123422218486667,0.7698860743199476
cub_00461,guided_backprop,8,8,0.03450967615935951,0.3800542340730316
cub_00462,gradcam,8,8,0.09952674243832006,0.8714560859953053
cub_00462,gradcam++,8,8,0.07614174216287213,0.8528077469323762
cub_00462,integrated_gradients,8,8,0.04574113292619587,0.7277675065328367
cub_00462,gradient_shap,8,8,0.043363065633457154,0.7097698771511205
cub_00462,occlusion,8,8,0.08007607065374032,0.834955871955026
cub_00462,guided_backprop,8,8,0.08197362945647912,0.6758896806393749
cub_00476,gradcam,8,8,0.08099157890537756,0.42453102549770844
cub_00476,gradcam++,8,8,0.085777564055752,0.41958030379610134
cub_00476,integrated_gradients,8,8,0.03981790881371126,0.45802323817042634
cub_00476,gradient_shap,8,8,0.03716777168447152,0.46789221247890966
cub_00476,occlusion,8,8,0.02080332943587564,0.371656921133399
cub_00476,guided_backprop,8,8,0.037669845961499956,0.4605647345189936
cub_00483,gradcam,8,8,0.09833001008955763,0.8538317912374622
cub_00483,gradcam++,8,8,0.10715791076654568,0.8395231292699463
cub_00483,integrated_gradients,8,8,0.0799935341463424,0.5892376477946526
cub_00483,gradient_shap,8,8,0.10924454043852165,0.5378759195213206
cub_00483,occlusion,8,8,0.10578210757230411,0.5260053551872261
cub_00483,guided_backprop,8,8,0.05421051710145549,0.44722451969282695
cub_00497,gradcam,9,9,0.1314722135779448,0.8822790498728863
cub_00497,gradcam++,9,9,0.14436302216490735,0.8794306758092716
cub_00497,integrated_gradients,9,9,0.0255262649829092,0.6831814065692015
cub_00497,gradient_shap,9,9,0.02523935422213981,0.6763897501048631
cub_00497,occlusion,9,9,0.0407975951093249,0.9247824920457787
cub_00497,guided_backprop,9,9,0.027011235637473877,0.8398969156784004
cub_00501,gradcam,9,56,0.020102101323573155,0.6912112479680218
cub_00501,gradcam++,9,56,0.019445237451873248,0.774001641117502
cub_00501,integrated_gradients,9,56,0.011731581774620279,0.04526355599518863
cub_00501,gradient_shap,9,56,0.011934047259273939,0.028010642621666172
cub_00501,occlusion,9,56,0.013441082108147389,0.6373720153351314
cub_00501,guided_backprop,9,56,0.012258102742634946,0.10291546208027282
cub_00503,gradcam,9,9,0.3268935243249871,0.3700133767677471
cub_00503,gradcam++,9,9,0.07552211657166481,0.7068542575580069
cub_00503,integrated_gradients,9,9,0.019818139189010257,0.17896252970676865
cub_00503,gradient_shap,9,9,0.020038245716568783,0.20325490731047463
cub_00503,occlusion,9,9,0.030678807396907364,0.7332703899708578
cub_00503,guided_backprop,9,9,0.02120172039794852,0.31772027382394297
cub_00504,gradcam,9,9,0.027156874479260296,0.9072578577441164
cub_00504,gradcam++,9,9,0.06372581189498305,0.8896301819127983
cub_00504,integrated_gradients,9,9,0.024726906264550055,0.25072453805478284
cub_00504,gradient_shap,9,9,0.024061429226094333,0.12372900064801795
cub_00504,occlusion,9,9,0.13962493686703964,0.8293371556443163
cub_00504,guided_backprop,9,9,0.024817904876545074,0.5726426752400584
cub_00509,gradcam,9,9,0.03827495092991739,0.3680909684044309
cub_00509,gradcam++,9,9,0.026357358804671095,0.5995295121218078
cub_00509,integrated_gradients,9,9,0.012879645988505217,0.04484494071220978
cub_00509,gradient_shap,9,9,0.013315767126186987,0.04459031011210753
cub_00509,occlusion,9,9,0.01509912366163917,0.4771019144100137
cub_00509,guided_backprop,9,9,0.013744973604480038,0.0820532317389734
cub_00511,gradcam,9,9,0.3137669179413934,0.3632233262644149
cub_00511,gradcam++,9,9,0.023927468538749965,0.5679863942903466
cub_00511,integrated_gradients,9,9,0.021409558653977007,0.07826882220106196
cub_00511,gradient_shap,9,9,0.018825382427166915,0.0789494289201684
cub_00511,occlusion,9,9,0.022085954411886637,0.6781266218167729
cub_00511,guided_backprop,9,9,0.01853167559893336,0.23661786803277207
cub_00514,gradcam,9,9,0.41635004893178124,0.10254962298204189
cub_00514,gradcam++,9,9,0.11856415026122705,0.1958383714489173
cub_00514,integrated_gradients,9,9,0.010912837530486283,0.10047204819275066
cub_00514,gradient_shap,9,9,0.010996253143821378,0.09973085225792601
cub_00514,occlusion,9,9,0.02187149357050657,0.4950174123165198
cub_00514,guided_backprop,9,9,0.011577215700526722,0.12538789602695033
cub_00522,gradcam,9,12,0.20297704957192766,0.13542220395756882
cub_00522,gradcam++,9,12,0.039865210454445334,0.2693696988862939
cub_00522,integrated_gradients,9,12,0.010380588100088062,0.06545238042017444
cub_00522,gradient_shap,9,12,0.010751124276430346,0.0723751407698728
cub_00522,occlusion,9,12,0.02272525253938511,0.2973743093316443
cub_00522,guided_backprop,9,12,0.012171719303296415,0.19564892511116339
cub_00528,gradcam,9,9,0.39307899867417295,0.6470760472002439
cub_00528,gradcam++,9,9,0.39307899867417295,0.6470760472002439
cub_00528,integrated_gradients,9,9,0.02394978663069196,0.22263175890548154
cub_00528,gradient_shap,9,9,0.023700236586591927,0.27189544056309384
cub_00528,occlusion,9,9,0.02790436878567562,0.8958505494636483
cub_00528,guided_backprop,9,9,0.024063274133368395,0.6016720212646759
cub_00531,gradcam,9,9,0.37960247579612777,0.4363452405785209
cub_00531,gradcam++,9,9,0.03844171689997893,0.6433311199885794
cub_00531,integrated_gradients,9,9,0.023682246199314253,0.2555031604628311
cub_00531,gradient_shap,9,9,0.023680202710238518,0.20895657564979042
cub_00531,occlusion,9,9,0.027475395600777126,0.8824613375705667
cub_00531,guided_backprop,9,9,0.02370619165158132,0.30768450208706777
cub_00540,gradcam,9,9,0.17821243466751185,0.8189099072595127
cub_00540,gradcam++,9,9,0.3639012167579495,0.6326391824753954
cub_00540,integrated_gradients,9,9,0.024863799901504537,0.505782267136965
cub_00540,gradient_shap,9,9,0.024562558182515213,0.5813561164890415
cub_00540,occlusion,9,9,0.029789696107036433,0.9284369422239251
cub_00540,guided_backprop,9,9,0.02458066138642608,0.8309818444889969
cub_00543,gradcam,9,9,0.35768616045825186,0.6185798604914453
cub_00543,gradcam++,9,9,0.35768616045825186,0.6185798604914453
cub_00543,integrated_gradients,9,9,0.024924458003806646,0.13286894714692604
cub_00543,gradient_shap,9,9,0.025108506020478673,0.10620071552693841
cub_00543,occlusion,9,9,0.03129966498236172,0.8964827044052073
cub_00543,guided_backprop,9,9,0.02492895500108716,0.5810116535169073
cub_00549,gradcam,10,10,0.07559380423699621,0.5188659962994279
cub_00549,gradcam++,10,10,0.10598148082863192,0.5037589233485051
cub_00549,integrated_gradients,10,10,0.02297038013493875,0.36190885274845636
cub_00549,gradient_shap,10,10,0.023113444473710845,0.3812816520498018
cub_00549,occlusion,10,10,0.0634974934058846,0.47127526191179636
cub_00549,guided_backprop,10,10,0.029387443701853047,0.4004336465208325
cub_00551,gradcam,10,92,0.06703016678220593,0.31075747199356557
cub_00551,gradcam++,10,92,0.029327884491067383,0.3132549547008239
cub_00551,integrated_gradients,10,92,0.014574165467638523,0.24489634981146083
cub_00551,gradient_shap,10,92,0.01392575983190909,0.1628693589416798
cub_00551,occlusion,10,92,0.015267740574199707,0.58707307925215
cub_00551,guided_backprop,10,92,0.013484407973010091,0.24034333591116594
cub_00555,gradcam,10,10,0.037418384886404955,0.7589605261979159
cub_00555,gradcam++,10,10,0.03618125871071242,0.7586599482339806
cub_00555,integrated_gradients,10,10,0.024314115316701645,0.15733929967100263
cub_00555,gradient_shap,10,10,0.024392785701274986,0.1880525568980374
cub_00555,occlusion,10,10,0.028714306930487512,0.7628467244794593
cub_00555,guided_backprop,10,10,0.024299787072231998,0.0915253552724607
cub_00557,gradcam,10,10,0.09952430985285902,0.5273182869277662
cub_00557,gradcam++,10,10,0.1782688982144464,0.4662953140039462
cub_00557,integrated_gradients,10,10,0.017115364177334415,0.0794024681061273
cub_00557,gradient_shap,10,10,0.01709186907137337,0.06457614421669858
cub_00557,occlusion,10,10,0.03390191983171463,0.2859202612104127
cub_00557,guided_backprop,10,10,0.01731241252382461,0.22508048848249018
cub_00559,gradcam,10,10,0.07056041101259325,0.7900228968122973
cub_00559,gradcam++,10,10,0.0737997330201324,0.7789169534691609
cub_00559,integrated_gradients,10,10,0.023743056795473193,0.03376536708028649
cub_00559,gradient_shap,10,10,0.02346998830782354,0.039993080189014985
cub_00559,occlusion,10,10,0.027905045125226024,0.7879475733730942
cub_00559,guided_backprop,10,10,0.02391065291267296,0.424726141942665
cub_00562,gradcam,10,10,0.09417948085902027,0.4745051885285647
cub_00562,gradcam++,10,10,0.09662189415284958,0.48316197943931916
cub_00562,integrated_gradients,10,10,0.025770484768145252,0.19264334427425633
cub_00562,gradient_shap,10,10,0.025485757611022564,0.17392003658460448
cub_00562,occlusion,10,10,0.16010759896525997,0.5632543559651821
cub_00562,guided_backprop,10,10,0.027122486496227796,0.22618657577550036
cub_00569,gradcam,10,10,0.1258057608501986,0.6822769683087245
cub_00569,gradcam++,10,10,0.11075891677464823,0.6702980889502214
cub_00569,integrated_gradients,10,10,0.060683052643435084,0.6980284365359694
cub_00569,gradient_shap,10,10,0.03365543949184939,0.7478123733773828
cub_00569,occlusion,10,10,0.05493196058087051,0.6661297701648438
cub_00569,guided_backprop,10,10,0.05133835237938911,0.7334346743766218
cub_00571,gradcam,10,11,0.012307964934734628,0.40145805462088896
cub_00571,gradcam++,10,11,0.0064146971872105505,0.1869538697996177
cub_00571,integrated_gradients,10,11,0.008001170344505227,0.07713549437467009
cub_00571,gradient_shap,10,11,0.00888428544276394,0.06735572186298668
cub_00571,occlusion,10,11,0.00970070578623563,0.36746755731292075
cub_00571,guided_backprop,10,11,0.009115349507192151,0.09908103235065936
cub_00576,gradcam,10,10,0.02592390124918893,0.42316805291920906
cub_00576,gradcam++,10,10,0.029531733854673805,0.48878948637284336
cub_00576,integrated_gradients,10,10,0.01789230156500708,0.078591747675091
cub_00576,gradient_shap,10,10,0.01782362808335165,0.0781127813417697
cub_00576,occlusion,10,10,0.0225009413465159,0.35902897487394514
cub_00576,guided_backprop,10,10,0.017979859654587926,0.04831385884899644
cub_00580,gradcam,10,48,0.039768236613599586,0.48715101948109807
cub_00580,gradcam++,10,48,0.05552162108360791,0.43798742565850257
cub_00580,integrated_gradients,10,48,0.016110710752400333,0.5157627468259307
cub_00580,gradient_shap,10,48,0.016169643622561125,0.46125652578630255
cub_00580,occlusion,10,48,0.030581556662218644,0.46861665589385665
cub_00580,guided_backprop,10,48,0.018474665428948357,0.3438005986325151
cub_00595,gradcam,10,10,0.041702568437904125,0.695619297074154
cub_00595,gradcam++,10,10,0.03702695989049971,0.7005931630264968
cub_00595,integrated_gradients,10,10,0.024393440773565093,0.25461205078754573
cub_00595,gradient_shap,10,10,0.025597642812135748,0.24221400052192618
cub_00595,occlusion,10,10,0.029979969159467146,0.7022327220998704
cub_00595,guided_backprop,10,10,0.02384857525539701,0.2747367345029488
cub_00596,gradcam,10,10,0.020727353268011936,0.3963229971661349
cub_00596,gradcam++,10,10,0.020466875725469437,0.4017116072063799
cub_00596,integrated_gradients,10,10,0.016315296503580615,0.0708292810086277
cub_00596,gradient_shap,10,10,0.016190918611755478,0.05118843426898818
cub_00596,occlusion,10,10,0.0162360325222835,0.3885502148186788
cub_00596,guided_backprop,10,10,0.016723773234662075,0.13793901368044315
cub_00608,gradcam,11,11,0.11103931327816101,0.9313335489481688
cub_00608,gradcam++,11,11,0.11103931327816101,0.9313335489481688
cub_00608,integrated_gradients,11,11,0.033012280712136986,0.808810042962432
cub_00608,gradient_shap,11,11,0.03275483436882495,0.8335612494498492
cub_00608,occlusion,11,11,0.09376596128568053,0.9329635929316282
cub_00608,guided_backprop,11,11,0.04599632001190912,0.7188271280378102
cub_00614,gradcam,11,11,0.6224422302519087,0.3447988441846973
cub_00614,gradcam++,11,11,0.06257068669146976,0.8707646857947111
cub_00614,integrated_gradients,11,11,0.02633554461936001,0.345031328627374
cub_00614,gradient_shap,11,11,0.02682001845387276,0.3988519527716562
cub_00614,occlusion,11,11,0.02625197902380023,0.8693022858351469
cub_00614,guided_backprop,11,11,0.031049419648479674,0.5012714037671685
cub_00624,gradcam,11,11,0.34506356070487526,0.4221375716675538
cub_00624,gradcam++,11,11,0.025026278655423083,0.6935376834124328
cub_00624,integrated_gradients,11,11,0.024324398173484953,0.426952519454062
cub_00624,gradient_shap,11,11,0.023345401623555518,0.48253235481679435
cub_00624,occlusion,11,11,0.03785979669919471,0.7512359064072371
cub_00624,guided_backprop,11,11,0.046178845614667806,0.3711845885962248
cub_00628,gradcam,11,11,0.7745031278347597,0.12241533196429367
cub_00628,gradcam++,11,11,0.0654433909483487,0.8595845207571983
cub_00628,integrated_gradients,11,11,0.02455212935892632,0.3942582152085379
cub_00628,gradient_shap,11,11,0.02451956977165537,0.40588130145333706
cub_00628,occlusion,11,11,0.0266172353643924,0.9223978217691183
cub_00628,guided_backprop,11,11,0.02448336023953743,0.6631130795925855
cub_00634,gradcam,11,11,0.12064157327622527,0.802641163021326
cub_00634,gradcam++,11,11,0.11447733154127492,0.8120585803175344
cub_00634,integrated_gradients,11,11,0.027148756934911946,0.7265554123558104
cub_00634,gradient_shap,11,11,0.02798901494825259,0.7504431460052728
cub_00634,occlusion,11,11,0.04163670182024362,0.9021531473845242
cub_00634,guided_backprop,11,11,0.03638829052215442,0.608682394400239
cub_00635,gradcam,11,11,0.3994345114741009,0.5076140389617649
cub_00635,gradcam++,11,11,0.03035801590158372,0.9168459367007017
cub_00635,integrated_gradients,11,11,0.02451301130349748,0.7106998916715382
cub_00635,gradient_shap,11,11,0.024860641511622816,0.734166767820716
cub_00635,occlusion,11,11,0.02950354878557846,0.8948021810501815
cub_00635,guided_backprop,11,11,0.026840397057821975,0.7250705938786269
cub_00648,gradcam,11,11,0.18342188136593904,0.9079433884471654
cub_00648,gradcam++,11,11,0.18060914768720976,0.9350223284214735
cub_00648,integrated_gradients,11,11,0.03025610473996494,0.7121409004554152
cub_00648,gradient_shap,11,11,0.029301518946886058,0.7032705608755349
cub_00648,occlusion,11,11,0.03732133331359364,0.94500945918262
cub_00648,guided_backprop,11,11,0.04782751757884399,0.8585158508270978
cub_00650,gradcam,11,11,0.15915461688200594,0.8216009896248578
cub_00650,gradcam++,11,11,0.1386712075887772,0.8137237746268511
cub_00650,integrated_gradients,11,11,0.024763699203322175,0.6009971778839825
cub_00650,gradient_shap,11,11,0.025621107441838833,0.5578654121607542
cub_00650,occlusion,11,11,0.027647456573322415,0.7875667657703161
cub_00650,guided_backprop,11,11,0.027921265969052905,0.6143560621887446
cub_00653,gradcam,11,11,0.09364988432789689,0.8279508795589209
cub_00653,gradcam++,11,11,0.06418396140106779,0.8250513251870871
cub_00653,integrated_gradients,11,11,0.022452909316780283,0.38138121142983433
cub_00653,gradient_shap,11,11,0.023885303229326384,0.3906025286763906
cub_00653,occlusion,11,11,0.02525392604293302,0.7914192523807287
cub_00653,guided_backprop,11,11,0.02358790621801745,0.5498546559363604
cub_00655,gradcam,11,11,0.35385774046590085,0.7847100622951984
cub_00655,gradcam++,11,11,0.14044023797323466,0.7888698223978282
cub_00655,integrated_gradients,11,11,0.026870164819411006,0.6670745048671961
cub_00655,gradient_shap,11,11,0.027265072356385648,0.6684750419110059
cub_00655,occlusion,11,11,0.04395252394897397,0.851672713086009
cub_00655,guided_backprop,11,11,0.029795942138298417,0.5225787218660116
cub_00658,gradcam,11,11,0.09061883631511593,0.7853121953085065
cub_00658,gradcam++,11,11,0.08732180729712129,0.7762314852327109
cub_00658,integrated_gradients,11,11,0.028191474522463983,0.36392952911555765
cub_00658,gradient_shap,11,11,0.03492742008529604,0.4283715672791003
cub_00658,occlusion,11,11,0.08358850846998395,0.8494395654648543
cub_00658,guided_backprop,11,11,0.03607613595377189,0.5595778916031122
cub_00668,gradcam,12,12,0.07634067630860954,0.9086190966074356
cub_00668,gradcam++,12,12,0.09046940881526097,0.905757990211714
cub_00668,integrated_gradients,12,12,0.02315599297289737,0.5143596195499412
cub_00668,gradient_shap,12,12,0.02360445283120498,0.5835150679689831
cub_00668,occlusion,12,12,0.17462101472774524,0.8853692081873307
cub_00668,guided_backprop,12,12,0.024885473767062655,0.658861888301908
cub_00675,gradcam,12,12,0.042094126934534876,0.7430922317435034
cub_00675,gradcam++,12,12,0.027048870938597244,0.7266112880897708
cub_00675,integrated_gradients,12,12,0.022409826362854803,0.4826351754949428
cub_00675,gradient_shap,12,12,0.022091361008642705,0.450455745041836
cub_00675,occlusion,12,12,0.05224212472094223,0.7084015471045859
cub_00675,guided_backprop,12,12,0.02357072020095075,0.460503720268025
cub_00677,gradcam,12,12,0.029580974459531718,0.7510513243381866
cub_00677,gradcam++,12,12,0.026081955843255858,0.7432103869621642
cub_00677,integrated_gradients,12,12,0.01968418720352929,0.4352578408783302
cub_00677,gradient_shap,12,12,0.01959941133973189,0.3829185991198756
cub_00677,occlusion,12,12,0.06350271352566778,0.5954721125890501
cub_00677,guided_backprop,12,12,0.020450029586208986,0.5805141527380328
cub_00678,gradcam,12,12,0.16141719232546167,0.9448773902957327
cub_00678,gradcam++,12,12,0.17507933579618112,0.9450684917275793
cub_00678,integrated_gradients,12,12,0.04509572299430147,0.7954554512223695
cub_00678,gradient_shap,12,12,0.043555942212697124,0.794464347336907
cub_00678,occlusion,12,12,0.3616549327154644,0.9525748592917808
cub_00678,guided_backprop,12,12,0.042429321364033976,0.7627908760332502
cub_00680,gradcam,12,12,0.10083203666727059,0.841928432614077
cub_00680,gradcam++,12,12,0.10290316293248906,0.8426620227401144
cub_00680,integrated_gradients,12,12,0.02428140817646636,0.20429556076996955
cub_00680,gradient_shap,12,12,0.02412931192302495,0.11823956230655308
cub_00680,occlusion,12,12,0.15314266763161868,0.8525942740147001
cub_00680,guided_backprop,12,12,0.02449249354540371,0.4487547800759786
cub_00681,gradcam,12,12,0.03925620844820514,0.6351975646917707
cub_00681,gradcam++,12,12,0.0449271464953199,0.6331996119697577
cub_00681,integrated_gradients,12,12,0.023668051080312582,0.08658566245576363
cub_00681,gradient_shap,12,12,0.02380976951099001,0.09104066329309712
cub_00681,occlusion,12,12,0.02991185100981966,0.7674709038459697
cub_00681,guided_backprop,12,12,0.02446703399473336,0.2963675908511504
cub_00690,gradcam,12,12,0.19804422814631836,0.943810189992655
cub_00690,gradcam++,12,12,0.2128882018732839,0.9452097755973228
cub_00690,integrated_gradients,12,12,0.030197683023288846,0.526791037066141
cub_00690,gradient_shap,12,12,0.03229555748403073,0.5729078834527173
cub_00690,occlusion,12,12,0.17787803324172274,0.8994750392739661
cub_00690,guided_backprop,12,12,0.030267557949991898,0.6380397047381848
cub_00691,gradcam,12,12,0.11650379408383743,0.8988775533740407
cub_00691,gradcam++,12,12,0.12799177860142666,0.897265739471186
cub_00691,integrated_gradients,12,12,0.027512488269712778,0.7914172883611172
cub_00691,gradient_shap,12,12,0.025918272358831013,0.7983447561389766
cub_00691,occlusion,12,12,0.31708962229313337,0.7550957621191628
cub_00691,guided_backprop,12,12,0.028856779652414847,0.7407873665099032
cub_00692,gradcam,12,12,0.03877407868858427,0.11744335422699803
cub_00692,gradcam++,12,12,0.01903053227579221,0.23035216056741775
cub_00692,integrated_gradients,12,12,0.019458410504739728,0.18665645600995046
cub_00692,gradient_shap,12,12,0.021164222108200195,0.1719173598103225
cub_00692,occlusion,12,12,0.021481103810947387,0.2402055529062636
cub_00692,guided_backprop,12,12,0.022983784531243143,0.2039151094853878
cub_00705,gradcam,12,12,0.129151834116783,0.9327346083824523
cub_00705,gradcam++,12,12,0.1298866732977331,0.9327681866590865
cub_00705,integrated_gradients,12,12,0.02609184311586432,0.7395478175079916
cub_00705,gradient_shap,12,12,0.025500941158679787,0.7481316236022394
cub_00705,occlusion,12,12,0.37133584766415884,0.39559553080471227
cub_00705,guided_backprop,12,12,0.026193201489513745,0.7138355108210818
cub_00707,gradcam,12,12,0.33169910610886294,0.8807471242849716
cub_00707,gradcam++,12,12,0.2938694613170811,0.8819240120355971
cub_00707,integrated_gradients,12,12,0.0305881725565996,0.702476908743847
cub_00707,gradient_shap,12,12,0.031588636891683564,0.7244803848559968
cub_00707,occlusion,12,12,0.16917162617901346,0.8014231984619983
cub_00707,guided_backprop,12,12,0.03599680707848166,0.6813971297466196
cub_00718,gradcam,12,12,0.04685687511228025,0.8212523278896697
cub_00718,gradcam++,12,12,0.048333724826807166,0.8174396542017348
cub_00718,integrated_gradients,12,12,0.025317255861591552,0.7197011623647995
cub_00718,gradient_shap,12,12,0.025207414734177296,0.750218647310976
cub_00718,occlusion,12,12,0.12131600371794776,0.8794562992756255
cub_00718,guided_backprop,12,12,0.02738992549711839,0.7680777741479687
cub_00720,gradcam,13,14,0.010992031961359316,0.13878703345544635
cub_00720,gradcam++,13,14,0.010604552467702888,0.1316133035812527
cub_00720,integrated_gradients,13,14,0.005983902889420278,0.01010131161892786
cub_00720,gradient_shap,13,14,0.006205871849670076,0.01581176183826755
cub_00720,occlusion,13,14,0.007902707598987035,0.09154538600705563
cub_00720,guided_backprop,13,14,0.006391746783629059,0.014271142083453009
cub_00724,gradcam,13,13,0.058012745782616545,0.8859543516999111
cub_00724,gradcam++,13,13,0.06331687224155758,0.8855065211420878
cub_00724,integrated_gradients,13,13,0.07823147890157997,0.7539392802631484
cub_00724,gradient_shap,13,13,0.06338979764259421,0.7776773422723635
cub_00724,occlusion,13,13,0.07569967363961042,0.8994488671189175
cub_00724,guided_backprop,13,13,0.04511013341252691,0.8301175400381907
cub_00732,gradcam,13,13,0.21980265660677106,0.9497615203028545
cub_00732,gradcam++,13,13,0.24761298580560837,0.9535499408608302
cub_00732,integrated_gradients,13,13,0.05578416494536215,0.35807278873398896
cub_00732,gradient_shap,13,13,0.06054843879246619,0.3155787835596129
cub_00732,occlusion,13,13,0.12829715320840482,0.9169327392941341
cub_00732,guided_backprop,13,13,0.0783176853437908,0.6463910538470372
cub_00738,gradcam,13,13,0.03668856419390068,0.5141442768042908
cub_00738,gradcam++,13,13,0.031754850130528214,0.522001863247715
cub_00738,integrated_gradients,13,13,0.06970780380070209,0.2682098227320239
cub_00738,gradient_shap,13,13,0.07204285415355116,0.3815656140213832
cub_00738,occlusion,13,13,0.04968697668518871,0.5703019261127338
cub_00738,guided_backprop,13,13,0.03926193050574511,0.41839262170251457
cub_00741,gradcam,13,13,0.09183581907418559,0.8522433660691604
cub_00741,gradcam++,13,13,0.08997740000631894,0.844315318367444
cub_00741,integrated_gradients,13,13,0.057082424967666155,0.6007088356767781
cub_00741,gradient_shap,13,13,0.04682066024397501,0.6392080772668123
cub_00741,occlusion,13,13,0.0911006141686812,0.8052194133168087
cub_00741,guided_backprop,13,13,0.03775339131825604,0.6570018343394622
cub_00744,gradcam,13,13,0.10498335622542072,0.8284655257826671
cub_00744,gradcam++,13,13,0.13215257323863627,0.8121058031683787
cub_00744,integrated_gradients,13,13,0.038443498272681606,0.4034788945224136
cub_00744,gradient_shap,13,13,0.04118084032088518,0.3554448748938739
cub_00744,occlusion,13,13,0.07116929524927403,0.8617652982240541
cub_00744,guided_backprop,13,13,0.04395876197668259,0.5168373148655518
cub_00746,gradcam,13,13,0.030040494687273163,0.9260497331386432
cub_00746,gradcam++,13,13,0.030045066183083693,0.9251610547071324
cub_00746,integrated_gradients,13,13,0.03735172203741968,0.8738815763732417
cub_00746,gradient_shap,13,13,0.03505684130359442,0.8982827301835643
cub_00746,occlusion,13,13,0.030820936075178905,0.9354379534488544
cub_00746,guided_backprop,13,13,0.03424810913857074,0.9389467626577243
cub_00747,gradcam,13,13,0.061172125954180964,0.744432508922182
cub_00747,gradcam++,13,13,0.06476249629631638,0.7360285773640498
cub_00747,integrated_gradients,13,13,0.03000796903215815,0.21134016395080832
cub_00747,gradient_shap,13,13,0.028818661041441377,0.23415445343125607
cub_00747,occlusion,13,13,0.20927491933107378,0.5883120845770462
cub_00747,guided_backprop,13,13,0.030260373538476416,0.5997825691476464
cub_00757,gradcam,13,13,0.03347346252994612,0.8395564608043059
cub_00757,gradcam++,13,13,0.03506501689553261,0.8321419965242967
cub_00757,integrated_gradients,13,13,0.027857203979510817,0.40436996254720725
cub_00757,gradient_shap,13,13,0.028474283119430763,0.4109917583293281
cub_00757,occlusion,13,13,0.028513470837788192,0.8592080883448945
cub_00757,guided_backprop,13,13,0.029365404974669215,0.5023017501225695
cub_00763,gradcam,13,48,0.05679709480609745,0.33240755514707415
cub_00763,gradcam++,13,48,0.06281087491079233,0.3286025121749845
cub_00763,integrated_gradients,13,48,0.017326492934444104,0.10375361827318554
cub_00763,gradient_shap,13,48,0.01732748950671521,0.10476218751282429
cub_00763,occlusion,13,48,0.06975691848783755,0.4260481714212801
cub_00763,guided_backprop,13,48,0.016821665904717523,0.15888289780705234
cub_00764,gradcam,13,13,0.029660211957525467,0.890663883066736
cub_00764,gradcam++,13,13,0.028395115502644334,0.8780261546140536
cub_00764,integrated_gradients,13,13,0.02940030041208956,0.28286915600765494
cub_00764,gradient_shap,13,13,0.03135625044669724,0.3038749868748709
cub_00764,occlusion,13,13,0.03752976217074319,0.8936115443473682
cub_00764,guided_backprop,13,13,0.03297930115950294,0.5546754523878917
cub_00767,gradcam,13,13,0.015240899674245157,0.3900712875416502
cub_00767,gradcam++,13,13,0.02391187762405025,0.39201901087071744
cub_00767,integrated_gradients,13,13,0.017002936895005406,0.2066392019158229
cub_00767,gradient_shap,13,13,0.018887385842390362,0.19931211916264147
cub_00767,occlusion,13,13,0.020487955107819294,0.5092749111121521
cub_00767,guided_backprop,13,13,0.014368541340809317,0.20413513432722535
cub_00789,gradcam,14,14,0.09086925036899632,0.9376921114046126
cub_00789,gradcam++,14,14,0.066642306772701,0.9373521384317429
cub_00789,integrated_gradients,14,14,0.04128960000816733,0.9038630541879684
cub_00789,gradient_shap,14,14,0.030564543773652992,0.9025523659307509
cub_00789,occlusion,14,14,0.06429193823569222,0.93986168471165
cub_00789,guided_backprop,14,14,0.03164449327159673,0.908530664118007
cub_00790,gradcam,14,14,0.06674291812814773,0.41037209569476546
cub_00790,gradcam++,14,14,0.0670856998069212,0.4125489620957524
cub_00790,integrated_gradients,14,14,0.011387050937628375,0.11108974892413243
cub_00790,gradient_shap,14,14,0.01057092404807918,0.09149588977452364
cub_00790,occlusion,14,14,0.03664414967061021,0.45854250290431076
cub_00790,guided_backprop,14,14,0.010745272345957346,0.08726191045716404
cub_00791,gradcam,14,14,0.11144255488761702,0.9335462403018029
cub_00791,gradcam++,14,14,0.10849513793364168,0.9302775811869651
cub_00791,integrated_gradients,14,14,0.027365841978462414,0.40685120415873827
cub_00791,gradient_shap,14,14,0.027462820010259747,0.4951636836398393
cub_00791,occlusion,14,14,0.07919781354139559,0.9441903662402182
cub_00791,guided_backprop,14,14,0.028596625797217713,0.7529422764200717
cub_00803,gradcam,14,14,0.17590846422826875,0.851065368624404
cub_00803,gradcam++,14,14,0.1468826565775089,0.8665419277269395
cub_00803,integrated_gradients,14,14,0.047750036744400856,0.8803290617186577
cub_00803,gradient_shap,14,14,0.056926314352313066,0.8754768711049111
cub_00803,occlusion,14,14,0.058981476584449424,0.9060414385516197
cub_00803,guided_backprop,14,14,0.0685331297805533,0.8650362980086356
cub_00804,gradcam,14,14,0.12376501560211181,0.7318922081496565
cub_00804,gradcam++,14,14,0.10280163538409398,0.7222771905828267
cub_00804,integrated_gradients,14,14,0.024129942600848157,0.26061267363838847
cub_00804,gradient_shap,14,14,0.023783118708524856,0.24449053532443937
cub_00804,occlusion,14,14,0.06494721959461457,0.5400089478585869
cub_00804,guided_backprop,14,14,0.04895157783757896,0.32804219392128287
cub_00805,gradcam,14,14,0.019367292936658488,0.41540573281235993
cub_00805,gradcam++,14,14,0.01700993012054823,0.42625245284289126
cub_00805,integrated_gradients,14,14,0.014215111394878476,0.20369350002147252
cub_00805,gradient_shap,14,14,0.01451844212715514,0.24212903049774467
cub_00805,occlusion,14,14,0.01406913771206746,0.42035371926613146
cub_00805,guided_backprop,14,14,0.015944540337659418,0.3347535510081797
cub_00811,gradcam,14,14,0.03404801494907588,0.8440861113835125
cub_00811,gradcam++,14,14,0.03886608006432653,0.8485669609624893
cub_00811,integrated_gradients,14,14,0.025844217173289514,0.5982267414219677
cub_00811,gradient_shap,14,14,0.02606735011795536,0.5997709180228412
cub_00811,occlusion,14,14,0.028949785704026,0.8555669572670013
cub_00811,guided_backprop,14,14,0.02879118875134736,0.7038075441960245
cub_00825,gradcam,14,14,0.023608076252276077,0.7159760799724608
cub_00825,gradcam++,14,14,0.023269833042286334,0.7225255039054901
cub_00825,integrated_gradients,14,14,0.028788358892779798,0.5896601396147161
cub_00825,gradient_shap,14,14,0.029326314083300532,0.6061495613772421
cub_00825,occlusion,14,14,0.024459502787794914,0.710356390150264
cub_00825,guided_backprop,14,14,0.030179027281701565,0.641738148452714
cub_00830,gradcam,14,14,0.07425886598648504,0.7935483184177429
cub_00830,gradcam++,14,14,0.0731016736535821,0.7894038986880333
cub_00830,integrated_gradients,14,14,0.05139037768822163,0.7501245182473213
cub_00830,gradient_shap,14,14,0.043238059303257616,0.7472757410723716
cub_00830,occlusion,14,14,0.1674294769880362,0.8506111335474996
cub_00830,guided_backprop,14,14,0.028597653168253606,0.7503633868414908
cub_00831,gradcam,14,14,0.18293525187764317,0.4447432633955032
cub_00831,gradcam++,14,14,0.2041439638531301,0.40441784304566686
cub_00831,integrated_gradients,14,14,0.03545920528122224,0.3441030734218657
cub_00831,gradient_shap,14,14,0.03657548428163864,0.3638629137072712
cub_00831,occlusion,14,14,0.3678280638996512,0.47243979196064173
cub_00831,guided_backprop,14,14,0.06303311133524403,0.2667724743951112
cub_00832,gradcam,14,14,0.0942328156612348,0.8803272884804755
cub_00832,gradcam++,14,14,0.10621950663626198,0.8662747379858047
cub_00832,integrated_gradients,14,14,0.041991346690338105,0.6165072384290398
cub_00832,gradient_shap,14,14,0.03634177703643217,0.6366814468288794
cub_00832,occlusion,14,14,0.1267613168223761,0.7340449542272836
cub_00832,guided_backprop,14,14,0.04450016759801657,0.6467394059058278
cub_00833,gradcam,14,14,0.07652289528632537,0.8470784381381237
cub_00833,gradcam++,14,14,0.06635432172624861,0.8546111129689962
cub_00833,integrated_gradients,14,14,0.025498515617800876,0.7710166838485747
cub_00833,gradient_shap,14,14,0.025054480900871565,0.8060283285100013
cub_00833,occlusion,14,14,0.024982453158008865,0.8843878847081215
cub_00833,guided_backprop,14,14,0.02811760852346197,0.8748311263043435
cub_00846,gradcam,15,15,0.03502407622872852,0.9324102891492657
cub_00846,gradcam++,15,15,0.03838400704553352,0.9324055744218641
cub_00846,integrated_gradients,15,15,0.028107118196203377,0.9148632092284972
cub_00846,gradient_shap,15,15,0.027271955899777822,0.9154343379545025
cub_00846,occlusion,15,15,0.0398667857167311,0.9401856018113904
cub_00846,guided_backprop,15,15,0.026846002951788257,0.9252991212415509
cub_00849,gradcam,15,55,0.011194910743506627,0.10169277567183596
cub_00849,gradcam++,15,55,0.014918765949551018,0.13108975837239994
cub_00849,integrated_gradients,15,55,0.018422527692746375,0.11921154955634845
cub_00849,gradient_shap,15,55,0.020779012178536508,0.09925613856175913
cub_00849,occlusion,15,55,0.00923830711108167,0.14340177025878803
cub_00849,guided_backprop,15,55,0.04468939156504348,0.15136035160394384
cub_00850,gradcam,15,15,0.05092893281835132,0.8950385643052868
cub_00850,gradcam++,15,15,0.04318906109547242,0.894058806996327
cub_00850,integrated_gradients,15,15,0.02462752222782001,0.5462876439269166
cub_00850,gradient_shap,15,15,0.024422684843011664,0.5037051565595901
cub_00850,occlusion,15,15,0.04065632845740766,0.9123904032516292
cub_00850,guided_backprop,15,15,0.024327802815241745,0.5579234847682528
cub_00858,gradcam,15,15,0.05792123283754336,0.9334108693408779
cub_00858,gradcam++,15,15,0.05115391410181473,0.938392849068623
cub_00858,integrated_gradients,15,15,0.02474104822176742,0.7898852042271755
cub_00858,gradient_shap,15,15,0.025284073951479514,0.7513245094800368
cub_00858,occlusion,15,15,0.06302269703883212,0.9324457300710491
cub_00858,guided_backprop,15,15,0.024679902525167566,0.797413067042362
cub_00860,gradcam,15,15,0.11481687123450683,0.9343041328596882
cub_00860,gradcam++,15,15,0.10894462440919599,0.9333883730578236
cub_00860,integrated_gradients,15,15,0.02670331982808421,0.7617786874063314
cub_00860,gradient_shap,15,15,0.026940916824969467,0.7878896302485373
cub_00860,occlusion,15,15,0.12343695579329504,0.9291548935580067
cub_00860,guided_backprop,15,15,0.02639411520940485,0.7682469551335089
cub_00861,gradcam,15,15,0.10628662280505524,0.962984351615887
cub_00861,gradcam++,15,15,0.10750581050524488,0.962297747831326
cub_00861,integrated_gradients,15,15,0.031116094096796592,0.8751247165608219
cub_00861,gradient_shap,15,15,0.029924694274086512,0.9028206462855451
cub_00861,occlusion,15,15,0.221083505905699,0.9605020625400356
cub_00861,guided_backprop,15,15,0.05325263522099704,0.9220960480975918
cub_00873,gradcam,15,15,0.09664578494848684,0.9436845449614337
cub_00873,gradcam++,15,15,0.092871954315342,0.9446388153242878
cub_00873,integrated_gradients,15,15,0.025754503245116214,0.8746327888104134
cub_00873,gradient_shap,15,15,0.02608138359355508,0.8883523313212209
cub_00873,occlusion,15,15,0.08217329996405168,0.9455652294564062
cub_00873,guided_backprop,15,15,0.025454062035714743,0.9074043569969945
cub_00876,gradcam,15,15,0.08187412676052191,0.7829680124181323
cub_00876,gradcam++,15,15,0.08049561086227186,0.7947875222074798
cub_00876,integrated_gradients,15,15,0.021304623047763017,0.5250241918169195
cub_00876,gradient_shap,15,15,0.021937559393700214,0.5123923659470165
cub_00876,occlusion,15,15,0.041792476305272434,0.8509047863888555
cub_00876,guided_backprop,15,15,0.02177953597274609,0.6259619366261178
cub_00882,gradcam,15,15,0.062112701078876856,0.5817670727032237
cub_00882,gradcam++,15,15,0.05753718810738064,0.575242243509274
cub_00882,integrated_gradients,15,15,0.02325555716670351,0.05979396591428664
cub_00882,gradient_shap,15,15,0.02333398317859974,0.05740372735890557
cub_00882,occlusion,15,15,0.04421486429637299,0.8014946984010747
cub_00882,guided_backprop,15,15,0.024056791263865313,0.042088204072206245
cub_00890,gradcam,15,15,0.026309799509181178,0.8557859746622853
cub_00890,gradcam++,15,15,0.02753078097011894,0.8461181251215747
cub_00890,integrated_gradients,15,15,0.024285354740277397,0.6358328378060831
cub_00890,gradient_shap,15,15,0.024814131000312045,0.668596253276337
cub_00890,occlusion,15,15,0.034751989424694325,0.9149412331986241
cub_00890,guided_backprop,15,15,0.023709539137780667,0.5529958263621666
cub_00895,gradcam,15,15,0.03409057916724123,0.9252041725325398
cub_00895,gradcam++,15,15,0.03298194077797234,0.9250495819258503
cub_00895,integrated_gradients,15,15,0.03048897493281402,0.5845982774510049
cub_00895,gradient_shap,15,15,0.042139099689666185,0.5646846209769136
cub_00895,occlusion,15,15,0.05220741675002501,0.9103576091933065
cub_00895,guided_backprop,15,15,0.027824556874111298,0.8757693020510487
cub_00899,gradcam,16,16,0.1354594322037883,0.8229364744736813
cub_00899,gradcam++,16,16,0.1379470393178053,0.8290466270758771
cub_00899,integrated_gradients,16,16,0.038425539544550705,0.39048748732311644
cub_00899,gradient_shap,16,16,0.04011875258293004,0.4251479822560213
cub_00899,occlusion,16,16,0.17988941826624796,0.8391183018102311
cub_00899,guided_backprop,16,16,0.031235417327843608,0.7360239416710102
cub_00908,gradcam,16,16,0.36293807098409164,0.8658709264709615
cub_00908,gradcam++,16,16,0.3618417303427122,0.8618848375394009
cub_00908,integrated_gradients,16,16,0.06613554525538348,0.8291873044683598
cub_00908,gradient_shap,16,16,0.05785814275150188,0.7958673565997741
cub_00908,occlusion,16,16,0.3533087469520979,0.8332230679108762
cub_00908,guided_backprop,16,16,0.08329799738712608,0.8250557250692508
cub_00910,gradcam,16,16,0.10627892004558816,0.8464686266495846
cub_00910,gradcam++,16,16,0.10775110227987171,0.8494107655598782
cub_00910,integrated_gradients,16,16,0.03535574428387917,0.3209478638484143
cub_00910,gradient_shap,16,16,0.03336840998963453,0.40214528975775465
cub_00910,occlusion,16,16,0.1449170724838041,0.8971978924586438
cub_00910,guided_backprop,16,16,0.03944971981691196,0.548366475792136
cub_00915,gradcam,16,16,0.09278085541445763,0.7465466576977632
cub_00915,gradcam++,16,16,0.0931934231077321,0.7455237097456119
cub_00915,integrated_gradients,16,16,0.02761891664704308,0.6861746571375987
cub_00915,gradient_shap,16,16,0.02870810767635703,0.697908186109271
cub_00915,occlusion,16,16,0.1888358406489715,0.8161882690503262
cub_00915,guided_backprop,16,16,0.03563319037202746,0.7006288192584179
cub_00916,gradcam,16,16,0.338086563476827,0.6893218866898678
cub_00916,gradcam++,16,16,0.3393461888073943,0.6892872250988148
cub_00916,integrated_gradients,16,16,0.05661213958519511,0.48879674094496295
cub_00916,gradient_shap,16,16,0.042080999264726415,0.5134150655823759
cub_00916,occlusion,16,16,0.3102081247023306,0.7349412869079969
cub_00916,guided_backprop,16,16,0.09144820745568723,0.5336338716675527
cub_00921,gradcam,16,16,0.09458869958762083,0.35648353121941906
cub_00921,gradcam++,16,16,0.08678973447822501,0.342409771529492
cub_00921,integrated_gradients,16,16,0.023679046978941184,0.08598308792570603
cub_00921,gradient_shap,16,16,0.02243973804870621,0.07279633235884828
cub_00921,occlusion,16,16,0.046451312093995514,0.5548978135338984
cub_00921,guided_backprop,16,16,0.018921604653587564,0.09053107206127603
cub_00931,gradcam,16,16,0.1632773177989293,0.8104367635562084
cub_00931,gradcam++,16,16,0.1729212230187841,0.8079355216934345
cub_00931,integrated_gradients,16,16,0.15715987370931547,0.6587071447982453
cub_00931,gradient_shap,16,16,0.14977645764593034,0.7173569201841019
cub_00931,occlusion,16,16,0.23047499906970195,0.8131821829243562
cub_00931,guided_backprop,16,16,0.09781578743131833,0.7198051010607742
cub_00938,gradcam,16,16,0.4436485151294619,0.8760217897011898
cub_00938,gradcam++,16,16,0.4511971494066529,0.8716195187880657
cub_00938,integrated_gradients,16,16,0.13933108296478167,0.8178768259822391
cub_00938,gradient_shap,16,16,0.15576481133466588,0.8364393269061111
cub_00938,occlusion,16,16,0.4307172431959771,0.7601055662496946
cub_00938,guided_backprop,16,16,0.24753854585578666,0.8208242527558467
cub_00940,gradcam,16,16,0.2624594620079733,0.8785104058100841
cub_00940,gradcam++,16,16,0.26583133378298957,0.8775092712952756
cub_00940,integrated_gradients,16,16,0.0912873320048675,0.6208431152044795
cub_00940,gradient_shap,16,16,0.07611381419701503,0.6146706796600483
cub_00940,occlusion,16,16,0.3430364037747494,0.7849841735675
cub_00940,guided_backprop,16,16,0.058029444713611156,0.69867142731091
cub_00943,gradcam,16,16,0.1682297630934045,0.8494566626264715
cub_00943,gradcam++,16,16,0.16628648951882502,0.8471679962589407
cub_00943,integrated_gradients,16,16,0.06939610897097738,0.8187115661217831
cub_00943,gradient_shap,16,16,0.03949229724239559,0.8350235234363936
cub_00943,occlusion,16,16,0.2422330409404822,0.7538870460703037
cub_00943,guided_backprop,16,16,0.06861664931057022,0.840656036825385
cub_00944,gradcam,16,16,0.0728424683387857,0.8884872264578006
cub_00944,gradcam++,16,16,0.07124436245358082,0.8908566779806278
cub_00944,integrated_gradients,16,16,0.027082303992938244,0.7358047928544692
cub_00944,gradient_shap,16,16,0.026769789482932547,0.8159790701582097
cub_00944,occlusion,16,16,0.07247607664903627,0.8716973997070453
cub_00944,guided_backprop,16,16,0.026840147114126012,0.7590851775719784
cub_00946,gradcam,16,16,0.40487653760937975,0.920413073094096
cub_00946,gradcam++,16,16,0.42350934467976914,0.9166842333390379
cub_00946,integrated_gradients,16,16,0.15787282754899934,0.8036212033941411
cub_00946,gradient_shap,16,16,0.13175497591728347,0.791814281733241
cub_00946,occlusion,16,16,0.6773143104626798,0.7986629969789647
cub_00946,guided_backprop,16,16,0.15471317149931565,0.849631100089755
cub_00954,gradcam,17,17,0.7044483623554699,0.17083200028573622
cub_00954,gradcam++,17,17,0.207936529366998,0.750033278769115
cub_00954,integrated_gradients,17,17,0.023114365601941248,0.40826529043843035
cub_00954,gradient_shap,17,17,0.02308662831492256,0.39423539734561924
cub_00954,occlusion,17,17,0.02730283686541952,0.8296030042751226
cub_00954,guided_backprop,17,17,0.023388757151406023,0.454664555384079
cub_00955,gradcam,17,17,0.6842024645127821,0.33237797602196223
cub_00955,gradcam++,17,17,0.28438994231983095,0.7829574865463655
cub_00955,integrated_gradients,17,17,0.027943222528119805,0.07562698470137544
cub_00955,gradient_shap,17,17,0.025763336599629844,0.07648233140644148
cub_00955,occlusion,17,17,0.05212756998953411,0.5947956592368427
cub_00955,guided_backprop,17,17,0.027878704430622746,0.10509752182115331
cub_00956,gradcam,17,17,0.5689132935658563,0.18542232385952953
cub_00956,gradcam++,17,17,0.15771237809094601,0.5800202840997372
cub_00956,integrated_gradients,17,17,0.020407396031077947,0.27995361413341013
cub_00956,gradient_shap,17,17,0.020516387254610895,0.29793108204321467
cub_00956,occlusion,17,17,0.11556085371994414,0.5319240638113115
cub_00956,guided_backprop,17,17,0.020261923942598518,0.24285639694426203
cub_00957,gradcam,17,17,0.5298904792813119,0.36437039434094914
cub_00957,gradcam++,17,17,0.23043969769496475,0.7085198771732395
cub_00957,integrated_gradients,17,17,0.03216367591521704,0.4470786229067016
cub_00957,gradient_shap,17,17,0.03370683045322949,0.4852494354418013
cub_00957,occlusion,17,17,0.2018821618810762,0.5808101120463106
cub_00957,guided_backprop,17,17,0.047018009494695444,0.46801058378187005
cub_00958,gradcam,17,17,0.6862074869510252,0.8877085996849928
cub_00958,gradcam++,17,17,0.2589092646841891,0.8516104020236527
cub_00958,integrated_gradients,17,17,0.024229565046698556,0.19752902413456466
cub_00958,gradient_shap,17,17,0.024285584093740913,0.2710587513458449
cub_00958,occlusion,17,17,0.13682297034101795,0.7050988362694625
cub_00958,guided_backprop,17,17,0.02491827147641743,0.5752615245452034
cub_00964,gradcam,17,17,0.8470762501528952,0.3659674679111049
cub_00964,gradcam++,17,17,0.5738200740132015,0.8410124493821058
cub_00964,integrated_gradients,17,17,0.06543141930014827,0.4271623422973789
cub_00964,gradient_shap,17,17,0.06068606817134423,0.4878918150847311
cub_00964,occlusion,17,17,0.18030680139199834,0.8337760959577282
cub_00964,guided_backprop,17,17,0.06567282975665878,0.5234451191470725
cub_00967,gradcam,17,17,0.49443757348344664,0.4525975281430873
cub_00967,gradcam++,17,17,0.1745059133099858,0.8310799447877799
cub_00967,integrated_gradients,17,17,0.02398595043923706,0.19907445419230493
cub_00967,gradient_shap,17,17,0.024114158516749744,0.20129856618004846
cub_00967,occlusion,17,17,0.04758695755735972,0.8313472373469266
cub_00967,guided_backprop,17,17,0.024382525194960186,0.22833416304201815
cub_00969,gradcam,17,17,0.588538649241673,0.4907870561961317
cub_00969,gradcam++,17,17,0.537720678828191,0.7659108869440389
cub_00969,integrated_gradients,17,17,0.04260696678247769,0.1945429795334348
cub_00969,gradient_shap,17,17,0.03261923836398638,0.2264190463465638
cub_00969,occlusion,17,17,0.4241007679665927,0.7099337153078523
cub_00969,guided_backprop,17,17,0.07519585239497246,0.31094082538620565
cub_00986,gradcam,17,17,0.571278598444769,0.13944845686201002
cub_00986,gradcam++,17,17,0.026869097872986455,0.7954142255766783
cub_00986,integrated_gradients,17,17,0.021675959569984117,0.5053977065545041
cub_00986,gradient_shap,17,17,0.02144811639154796,0.5113257547898683
cub_00986,occlusion,17,17,0.026938675256678837,0.8521381510479842
cub_00986,guided_backprop,17,17,0.02113686108205002,0.5801235193444882
cub_00998,gradcam,18,18,0.07237776136025785,0.6354190259939059
cub_00998,gradcam++,18,18,0.03590292024891824,0.6306904922006652
cub_00998,integrated_gradients,18,18,0.03327166582457722,0.3520632454426959
cub_00998,gradient_shap,18,18,0.03477965455967933,0.36030347705818716
cub_00998,occlusion,18,18,0.07791161180357449,0.6852711742511018
cub_00998,guided_backprop,18,18,0.04455672050826251,0.45448430685210034
cub_01002,gradcam,18,18,0.08283303298521788,0.8351507718442006
cub_01002,gradcam++,18,18,0.08747357752872631,0.8340437003644182
cub_01002,integrated_gradients,18,18,0.0523076330544427,0.5320849280571566
cub_01002,gradient_shap,18,18,0.05145742280874401,0.5879642410902306
cub_01002,occlusion,18,18,0.0561873733997345,0.8979687286308035
cub_01002,guided_backprop,18,18,0.03604591635521501,0.5665198387345298
cub_01004,gradcam,18,18,0.2081389709142968,0.7493115079356357
cub_01004,gradcam++,18,18,0.2732491135364398,0.6730286022648214
cub_01004,integrated_gradients,18,18,0.07808575180824848,0.5166027649887837
cub_01004,gradient_shap,18,18,0.08127694621216507,0.5656019773567095
cub_01004,occlusion,18,18,0.23518930657301101,0.705943396850489
cub_01004,guided_backprop,18,18,0.05780755965970457,0.30387270438950503
cub_01008,gradcam,18,18,0.04102712643216364,0.4373641315207351
cub_01008,gradcam++,18,18,0.03978715902194382,0.438185020419769
cub_01008,integrated_gradients,18,18,0.044986124790739275,0.3794546786462888
cub_01008,gradient_shap,18,18,0.0455616282648407,0.5065014863153919
cub_01008,occlusion,18,18,0.029388905284577056,0.5359207106521353
cub_01008,guided_backprop,18,18,0.03753526529762894,0.43168153853621327
cub_01020,gradcam,18,18,0.19207166039850562,0.8336756681790575
cub_01020,gradcam++,18,18,0.1297152668004856,0.8168053580215201
cub_01020,integrated_gradients,18,18,0.05785492176655681,0.7693888162961229
cub_01020,gradient_shap,18,18,0.053025046386756015,0.7858062411425636
cub_01020,occlusion,18,18,0.18235853521618994,0.8723487116163596
cub_01020,guided_backprop,18,18,0.05883930143900216,0.7368952547898515
cub_01023,gradcam,18,18,0.27300143906031743,0.8190768854459747
cub_01023,gradcam++,18,18,0.3011133974185214,0.7547903151949866
cub_01023,integrated_gradients,18,18,0.1597425150452182,0.6513745166128501
cub_01023,gradient_shap,18,18,0.12001934377476572,0.7173369029769675
cub_01023,occlusion,18,18,0.4319430072326213,0.7265489563113078
cub_01023,guided_backprop,18,18,0.11968208788894119,0.8031933801015838
cub_01033,gradcam,18,18,0.16675739526981492,0.7928811775287614
cub_01033,gradcam++,18,18,0.14864991908107192,0.7762858854373917
cub_01033,integrated_gradients,18,18,0.031118072802200917,0.6185061593307182
cub_01033,gradient_shap,18,18,0.03181061131181196,0.6023987282067538
cub_01033,occlusion,18,18,0.12481370750465431,0.46286179723683735
cub_01033,guided_backprop,18,18,0.04614819451817311,0.5606005657231435
cub_01039,gradcam,18,18,0.12013614242896437,0.8222301636589691
cub_01039,gradcam++,18,18,0.11054882586468012,0.7980670070042833
cub_01039,integrated_gradients,18,18,0.07484698260668665,0.5289461829233915
cub_01039,gradient_shap,18,18,0.07294053954537959,0.5431816888973117
cub_01039,occlusion,18,18,0.11818853428121658,0.8448224473511801
cub_01039,guided_backprop,18,18,0.050425135320983826,0.2793331930181011
cub_01044,gradcam,18,18,0.07248115064576269,0.6436778126517311
cub_01044,gradcam++,18,18,0.08636045890161768,0.6385639475542121
cub_01044,integrated_gradients,18,18,0.04780964439269155,0.5164211657363922
cub_01044,gradient_shap,18,18,0.053506405581720186,0.5743406781810336
cub_01044,occlusion,18,18,0.13679997518192977,0.6498912279726937
cub_01044,guided_backprop,18,18,0.04319063285365701,0.47767604712862516
cub_01052,gradcam,18,18,0.13525300113251434,0.8202193698612974
cub_01052,gradcam++,18,18,0.13401327879400923,0.8179187405621633
cub_01052,integrated_gradients,18,18,0.03445438218768686,0.551966200885363
cub_01052,gradient_shap,18,18,0.03357217139564454,0.5627447504317388
cub_01052,occlusion,18,18,0.10584545984165744,0.8238654443761334
cub_01052,guided_backprop,18,18,0.03541181038599461,0.4521265822229906
cub_01053,gradcam,18,18,0.18620935746002942,0.8001466644695028
cub_01053,gradcam++,18,18,0.18459045573836194,0.7916964275529608
cub_01053,integrated_gradients,18,18,0.0542561790207401,0.49949887876864524
cub_01053,gradient_shap,18,18,0.053437451110221454,0.536148801422678
cub_01053,occlusion,18,18,0.31283912442158907,0.8920914975693451
cub_01053,guided_backprop,18,18,0.042400650982744995,0.6697959495475516
cub_01058,gradcam,19,19,0.06335069313063287,0.9320302241947501
cub_01058,gradcam++,19,19,0.06568108760984614,0.9262992703821511
cub_01058,integrated_gradients,19,19,0.025120125108514916,0.4424184359144419
cub_01058,gradient_shap,19,19,0.0253311826265417,0.5143909161444753
cub_01058,occlusion,19,19,0.026818653647205794,0.9335009837057441
cub_01058,guided_backprop,19,19,0.026432864613889252,0.7673363679554313
cub_01062,gradcam,19,7,0.05094814532203599,0.029969551082467655
cub_01062,gradcam++,19,7,0.03284863983426476,0.04369959233954432
cub_01062,integrated_gradients,19,7,0.023522319053881798,0.08355488831875846
cub_01062,gradient_shap,19,7,0.018096514965873212,0.08233946812106294
cub_01062,occlusion,19,7,0.01229803747846745,0.05173092208569869
cub_01062,guided_backprop,19,7,0.01624275863287039,0.08521350891096519
cub_01067,gradcam,19,19,0.08038224366027862,0.9231635221745819
cub_01067,gradcam++,19,19,0.08038657903671266,0.941695482423529
cub_01067,integrated_gradients,19,19,0.025630757703038402,0.33052748916670677
cub_01067,gradient_shap,19,19,0.02717854386755789,0.3345496657304466
cub_01067,occlusion,19,19,0.04831930389918852,0.9438941785600036
cub_01067,guided_backprop,19,19,0.028749815926130393,0.8230327257420867
cub_01073,gradcam,19,19,0.07432195656019759,0.8901851156260819
cub_01073,gradcam++,19,19,0.15970005512208446,0.8886755207087843
cub_01073,integrated_gradients,19,19,0.033420369874147586,0.6712353074457497
cub_01073,gradient_shap,19,19,0.028803344911648307,0.6757904381956905
cub_01073,occlusion,19,19,0.0430451036489103,0.9263136738445611
cub_01073,guided_backprop,19,19,0.044598275754833605,0.7875107476022094
cub_01075,gradcam,19,19,0.21160742731499346,0.7293448560405521
cub_01075,gradcam++,19,19,0.21420200527063574,0.7328890066244641
cub_01075,integrated_gradients,19,19,0.02437215752688644,0.4163787850644439
cub_01075,gradient_shap,19,19,0.023958540335843284,0.22336595966480668
cub_01075,occlusion,19,19,0.034049181558657445,0.8996354588773101
cub_01075,guided_backprop,19,19,0.027728986488364176,0.5537760981824249
cub_01088,gradcam,19,19,0.13590265939710663,0.9362097257282584
cub_01088,gradcam++,19,19,0.22119490752520504,0.8453587969299406
cub_01088,integrated_gradients,19,19,0.03388223260481026,0.5042802603216842
cub_01088,gradient_shap,19,19,0.03171595617677667,0.43640164039097723
cub_01088,occlusion,19,19,0.10598399710579542,0.963218326261267
cub_01088,guided_backprop,19,19,0.03682646567031043,0.8615819314029068
cub_01091,gradcam,19,19,0.05403334631446342,0.7240449425298722
cub_01091,gradcam++,19,19,0.06707775048562327,0.7682076462078841
cub_01091,integrated_gradients,19,19,0.02323099261338939,0.26773373618489127
cub_01091,gradient_shap,19,19,0.0232861359956587,0.20862246095784936
cub_01091,occlusion,19,19,0.025332634287769905,0.8958844312932343
cub_01091,guided_backprop,19,19,0.024913914231001408,0.23525332384742795
cub_01092,gradcam,19,19,0.08192032746737823,0.8924816594924778
cub_01092,gradcam++,19,19,0.10548703015956562,0.9267546722199769
cub_01092,integrated_gradients,19,19,0.025522349069797202,0.4550648346543311
cub_01092,gradient_shap,19,19,0.02633916771992518,0.4500291211996227
cub_01092,occlusion,19,19,0.13915076043922453,0.9430294522549957
cub_01092,guided_backprop,19,19,0.03385660143430869,0.742839797725901
cub_01100,gradcam,19,19,0.31876751134404924,0.7956320349592716
cub_01100,gradcam++,19,19,0.17710970436455684,0.8713741326238961
cub_01100,integrated_gradients,19,19,0.024878095055828452,0.15077701935078947
cub_01100,gradient_shap,19,19,0.024741540779359642,0.13097959108999924
cub_01100,occlusion,19,19,0.07459016196080483,0.9440999263431877
cub_01100,guided_backprop,19,19,0.02664938351663295,0.6503389359917492
cub_01108,gradcam,19,19,0.34971051990869456,0.12237990017238186
cub_01108,gradcam++,19,19,0.08745162067061757,0.37186806339304895
cub_01108,integrated_gradients,19,19,0.013521984830731526,0.08425379818654616
cub_01108,gradient_shap,19,19,0.013481519385095451,0.09416760358144527
cub_01108,occlusion,19,19,0.013749997979903129,0.42937397048808634
cub_01108,guided_backprop,19,19,0.013991239194001536,0.08841951850336044
cub_01111,gradcam,19,19,0.0623025118780788,0.8671333105769008
cub_01111,gradcam++,19,19,0.058375045499997225,0.863775911880657
cub_01111,integrated_gradients,19,19,0.02453944516055345,0.4417293279897422
cub_01111,gradient_shap,19,19,0.02457804766527261,0.44942628177814187
cub_01111,occlusion,19,19,0.026404493146401368,0.9346738883759828
cub_01111,guided_backprop,19,19,0.025103028399462348,0.715486125042662
cub_01114,gradcam,19,199,0.09167832985986027,0.38236367861973114
cub_01114,gradcam++,19,199,0.046983366779750214,0.474783628503792
cub_01114,integrated_gradients,19,199,0.01514418176666368,0.33635880146175623
cub_01114,gradient_shap,19,199,0.015458797544124537,0.35926455091685056
cub_01114,occlusion,19,199,0.015300142543856053,0.4369631207839121
cub_01114,guided_backprop,19,199,0.014953743212390692,0.3541905967518687
cub_01120,gradcam,20,20,0.44008356586637093,0.274080177093856
cub_01120,gradcam++,20,20,0.08147141610461406,0.7976087031827774
cub_01120,integrated_gradients,20,20,0.02199909670453053,0.40682335185701957
cub_01120,gradient_shap,20,20,0.02197389030188788,0.40810198095859956
cub_01120,occlusion,20,20,0.1130820356665936,0.5474366600567009
cub_01120,guided_backprop,20,20,0.02213483566010837,0.42127262696740214
cub_01123,gradcam,20,20,0.09956360465148466,0.8861742518784012
cub_01123,gradcam++,20,20,0.10128891080385073,0.885569026315352
cub_01123,integrated_gradients,20,20,0.025479648754117085,0.5807769297680351
cub_01123,gradient_shap,20,20,0.025263767696742434,0.5786468861682806
cub_01123,occlusion,20,20,0.4434400561964139,0.3258021197922062
cub_01123,guided_backprop,20,20,0.02721275093645091,0.5136807971633971
cub_01125,gradcam,20,20,0.01967965360963718,0.6079307606385554
cub_01125,gradcam++,20,20,0.019008899468462917,0.6320185057760682
cub_01125,integrated_gradients,20,20,0.017097800566989466,0.4172153314371826
cub_01125,gradient_shap,20,20,0.017031735925411344,0.4174822375702207
cub_01125,occlusion,20,20,0.01821531988680363,0.60336846045102
cub_01125,guided_backprop,20,20,0.017062633644673045,0.34328004232957027
cub_01128,gradcam,20,20,0.04892981303564739,0.7477773190883454
cub_01128,gradcam++,20,20,0.03660449958697427,0.7416204774344806
cub_01128,integrated_gradients,20,20,0.024464629621070346,0.26062490596086707
cub_01128,gradient_shap,20,20,0.024415171731379817,0.25007680387934667
cub_01128,occlusion,20,20,0.02614194160705665,0.8658927681099157
cub_01128,guided_backprop,20,20,0.024657576647587123,0.40271629271446724
cub_01130,gradcam,20,20,0.03498825145070441,0.7847421302751173
cub_01130,gradcam++,20,20,0.046348983163625235,0.7997369988297577
cub_01130,integrated_gradients,20,20,0.02407208681834163,0.20693841408938168
cub_01130,gradient_shap,20,20,0.024148785930447052,0.12878703273017886
cub_01130,occlusion,20,20,0.0245359175678459,0.7715051573410164
cub_01130,guided_backprop,20,20,0.024246689450228585,0.27462882298859764
cub_01137,gradcam,20,20,0.05353310273058014,0.7956827737332788
cub_01137,gradcam++,20,20,0.05453486536862329,0.785054226074135
cub_01137,integrated_gradients,20,20,0.020797890351968818,0.216158104914939
cub_01137,gradient_shap,20,20,0.021197136170667364,0.2386582486622501
cub_01137,occlusion,20,20,0.027681706441399,0.7369612786336801
cub_01137,guided_backprop,20,20,0.021721860909019598,0.3921268961858005
cub_01139,gradcam,20,20,0.07838297619018703,0.8923212937952484
cub_01139,gradcam++,20,20,0.06093461939599366,0.8538347640744177
cub_01139,integrated_gradients,20,20,0.0247454150710837,0.3976752752903848
cub_01139,gradient_shap,20,20,0.024896881141467018,0.3708577366371173
cub_01139,occlusion,20,20,0.052019869227660824,0.8247289254097269
cub_01139,guided_backprop,20,20,0.026044353915494863,0.418077240436105
cub_01146,gradcam,20,20,0.03354572634852958,0.4965127862931694
cub_01146,gradcam++,20,20,0.034737985447281974,0.47479554153396747
cub_01146,integrated_gradients,20,20,0.016505671969207478,0.5119665924052242
cub_01146,gradient_shap,20,20,0.016437470278469847,0.4557060164923314
cub_01146,occlusion,20,20,0.07992548426263966,0.6606886528374162
cub_01146,guided_backprop,20,20,0.016981422682874836,0.49417252120911137
cub_01159,gradcam,20,20,0.0705429358116817,0.7723700024129357
cub_01159,gradcam++,20,20,0.06841809481265955,0.7782157428504434
cub_01159,integrated_gradients,20,20,0.020985342707717795,0.637348654406378
cub_01159,gradient_shap,20,20,0.021033786353655156,0.6463736916019116
cub_01159,occlusion,20,20,0.08126731555967127,0.7380160316766704
cub_01159,guided_backprop,20,20,0.022220386780099945,0.5921559758426155
cub_01160,gradcam,20,20,0.03962594345794059,0.3668333515059202
cub_01160,gradcam++,20,20,0.030741966719506308,0.553346201631939
cub_01160,integrated_gradients,20,20,0.01942674867168535,0.21022075613727792
cub_01160,gradient_shap,20,20,0.019384217275364785,0.21575076415901998
cub_01160,occlusion,20,20,0.01928391703404486,0.5524831627320964
cub_01160,guided_backprop,20,20,0.019153286732762356,0.2879974466835847
cub_01165,gradcam,20,20,0.056782557410770096,0.7857522845675703
cub_01165,gradcam++,20,20,0.06264239131705836,0.7874789108464029
cub_01165,integrated_gradients,20,20,0.024758829659549526,0.7607725979120005
cub_01165,gradient_shap,20,20,0.02504138718068134,0.7582050087105018
cub_01165,occlusion,20,20,0.038293158600572495,0.8817911140562501
cub_01165,guided_backprop,20,20,0.025506575216422793,0.6758899060019757
cub_01172,gradcam,20,20,0.025373271782882515,0.6361494253556884
cub_01172,gradcam++,20,20,0.033669577218825,0.6091014137717139
cub_01172,integrated_gradients,20,20,0.01949702476049424,0.2097719737095758
cub_01172,gradient_shap,20,20,0.019379635172663258,0.20488260795245877
cub_01172,occlusion,20,20,0.01955642093962524,0.8182554282189815
cub_01172,guided_backprop,20,20,0.020086387566698255,0.2594108141085598
cub_01176,gradcam,21,104,0.06677841367200016,0.3490338622301351
cub_01176,gradcam++,21,104,0.05047250631032512,0.23057628973911048
cub_01176,integrated_gradients,21,104,0.020675084972754124,0.03490399615839122
cub_01176,gradient_shap,21,104,0.020423342753201724,0.034821502864360795
cub_01176,occlusion,21,104,0.030699005560018124,0.2922021926147863
cub_01176,guided_backprop,21,104,0.021898838016204538,0.028063372144242735
cub_01191,gradcam,21,21,0.288755455907085,0.48662437424645744
cub_01191,gradcam++,21,21,0.4181300300420844,0.4745344275084789
cub_01191,integrated_gradients,21,21,0.3011145675554871,0.3895029302337206
cub_01191,gradient_shap,21,21,0.27212018012651246,0.41078236886532976
cub_01191,occlusion,21,21,0.08493771078647115,0.6531981909065506
cub_01191,guided_backprop,21,21,0.28235698285279803,0.5673663082416169
cub_01195,gradcam,21,21,0.16929957134416326,0.7483805531752296
cub_01195,gradcam++,21,21,0.29372175916796556,0.789649414003361
cub_01195,integrated_gradients,21,21,0.23632724952185527,0.34579344335943457
cub_01195,gradient_shap,21,21,0.1947790197446011,0.3438788017374463
cub_01195,occlusion,21,21,0.22408405091846365,0.764694192877505
cub_01195,guided_backprop,21,21,0.10265630072681232,0.2362321832682937
cub_01197,gradcam,21,21,0.17558475806145,0.6648410475230775
cub_01197,gradcam++,21,21,0.15309821134433152,0.728676476434339
cub_01197,integrated_gradients,21,21,0.08533197256037967,0.5634705195785501
cub_01197,gradient_shap,21,21,0.06620029996847734,0.5392758515314199
cub_01197,occlusion,21,21,0.09029333458165636,0.5573889558087104
cub_01197,guided_backprop,21,21,0.08368834690772928,0.6019061044440605
cub_01200,gradcam,21,21,0.14630803387844937,0.7069312567473389
cub_01200,gradcam++,21,21,0.04566203091526404,0.7141336552915163
cub_01200,integrated_gradients,21,21,0.09753097982611508,0.5773685824708082
cub_01200,gradient_shap,21,21,0.0804224360268563,0.5406162642524578
cub_01200,occlusion,21,21,0.04162695872364566,0.6428399040945804
cub_01200,guided_backprop,21,21,0.0670989588543307,0.72402795717353
cub_01202,gradcam,21,104,0.07780984864220955,0.1811031155288219
cub_01202,gradcam++,21,104,0.0367362217977643,0.3539340861141681
cub_01202,integrated_gradients,21,104,0.029512701136991382,0.1071154976263642
cub_01202,gradient_shap,21,104,0.029850083013297994,0.11743061328306792
cub_01202,occlusion,21,104,0.03591873403638601,0.5328872073441743
cub_01202,guided_backprop,21,104,0.0428635552059859,0.18043720256537196
cub_01214,gradcam,21,21,0.4757004483079073,0.5205097676371223
cub_01214,gradcam++,21,21,0.10018043264281005,0.7558509583235719
cub_01214,integrated_gradients,21,21,0.1720183464814909,0.6085206896415911
cub_01214,gradient_shap,21,21,0.13651553202653305,0.6134866297594271
cub_01214,occlusion,21,21,0.10940355380298572,0.7185379336238837
cub_01214,guided_backprop,21,21,0.10625834442907946,0.6429853759822436
cub_01219,gradcam,21,21,0.31335263114888223,0.8487373728887178
cub_01219,gradcam++,21,21,0.3122557295486331,0.6898487663478591
cub_01219,integrated_gradients,21,21,0.11111490963376129,0.4068074171082116
cub_01219,gradient_shap,21,21,0.11297701111179777,0.43482846213737497
cub_01219,occlusion,21,21,0.2776994233834557,0.4492002576705999
cub_01219,guided_backprop,21,21,0.18596210097894075,0.3186775949900038
cub_01222,gradcam,21,21,0.09185199086205102,0.8459253075183369
cub_01222,gradcam++,21,21,0.06660337093053385,0.8369594334275462
cub_01222,integrated_gradients,21,21,0.06934581408277155,0.7023243516799994
cub_01222,gradient_shap,21,21,0.06674229205818846,0.7178273610887117
cub_01222,occlusion,21,21,0.12666624754201625,0.6946262893849052
cub_01222,guided_backprop,21,21,0.06701760404976084,0.7070091393426992
cub_01224,gradcam,21,104,0.04788164710189449,0.7879581606015563
cub_01224,gradcam++,21,104,0.028255123966664544,0.7282238451763989
cub_01224,integrated_gradients,21,104,0.04882944811251946,0.4735655924305319
cub_01224,gradient_shap,21,104,0.04609083731193094,0.4201012518256902
cub_01224,occlusion,21,104,0.04887174916802907,0.719761260226369
cub_01224,guided_backprop,21,104,0.06256021459121258,0.5827576475217937
cub_01227,gradcam,21,21,0.2844605941558257,0.7004560247645714
cub_01227,gradcam++,21,21,0.30895204676635335,0.666017397714313
cub_01227,integrated_gradients,21,21,0.05308560713892803,0.33556682729395093
cub_01227,gradient_shap,21,21,0.0542841935181059,0.32677005269797516
cub_01227,occlusion,21,21,0.18365380259929223,0.59183383412892
cub_01227,guided_backprop,21,21,0.10272231472190471,0.3787669486482627
cub_01235,gradcam,22,7,0.006309329954819986,0.14859604857629166
cub_01235,gradcam++,22,7,0.006312837210134604,0.12222649134600944
cub_01235,integrated_gradients,22,7,0.012026255141245203,0.07696243213722481
cub_01235,gradient_shap,22,7,0.012887409186805598,0.0786614078679122
cub_01235,occlusion,22,7,0.006425652902908041,0.11499728697817772
cub_01235,guided_backprop,22,7,0.010317986708832903,0.05252897226018831
cub_01237,gradcam,22,49,0.28907543490640814,0.12402181542711327
cub_01237,gradcam++,22,49,0.022257034538779405,0.3802515044808387
cub_01237,integrated_gradients,22,49,0.01706789744202979,0.021856874076183863
cub_01237,gradient_shap,22,49,0.01841683867387474,0.02485208918224087
cub_01237,occlusion,22,49,0.022495980001986028,0.7033844556659461
cub_01237,guided_backprop,22,49,0.02223503192071803,0.03441950195701791
cub_01238,gradcam,22,22,0.11938670341623948,0.8482503723120316
cub_01238,gradcam++,22,22,0.10596380776260046,0.7888243181398139
cub_01238,integrated_gradients,22,22,0.02467698199325241,0.02927443060325456
cub_01238,gradient_shap,22,22,0.0316083449695725,0.037639533285982886
cub_01238,occlusion,22,22,0.048467076779343185,0.6317509695654735
cub_01238,guided_backprop,22,22,0.030075412103906275,0.10923983368556946
cub_01239,gradcam,22,24,0.08966319229803048,0.12514506815350612
cub_01239,gradcam++,22,24,0.032962746365228675,0.1432396204851102
cub_01239,integrated_gradients,22,24,0.14024167666793802,0.5844687674718444
cub_01239,gradient_shap,22,24,0.14844528926187198,0.5604007024841848
cub_01239,occlusion,22,24,0.014118423021864153,0.24650956980767658
cub_01239,guided_backprop,22,24,0.1788901230378542,0.49842122733243743
cub_01246,gradcam,22,0,0.06162264804588631,0.33531348255346527
cub_01246,gradcam++,22,0,0.054398585902526976,0.3098564500120119
cub_01246,integrated_gradients,22,0,0.022797510627424345,0.03760141518141606
cub_01246,gradient_shap,22,0,0.02427322190778796,0.03164812526520106
cub_01246,occlusion,22,0,0.04763821939704939,0.24475709798280146
cub_01246,guided_backprop,22,0,0.025668976060114805,0.07789494213939174
cub_01249,gradcam,22,22,0.2918131231795997,0.7959302374860272
cub_01249,gradcam++,22,22,0.25576762442360634,0.8104456467321142
cub_01249,integrated_gradients,22,22,0.0328693816671148,0.16026254676980892
cub_01249,gradient_shap,22,22,0.0379762543423567,0.1245908866403624
cub_01249,occlusion,22,22,0.2680576174054295,0.7583865463035181
cub_01249,guided_backprop,22,22,0.051262820675037804,0.5745177035918458
cub_01269,gradcam,22,22,0.14004483839962634,0.6075320182135329
cub_01269,gradcam++,22,22,0.2658817465417087,0.7203649944160133
cub_01269,integrated_gradients,22,22,0.03688766290433706,0.07662219984922555
cub_01269,gradient_shap,22,22,0.03600150777492673,0.07906308036763218
cub_01269,occlusion,22,22,0.19167583689559253,0.2437839069170877
cub_01269,guided_backprop,22,22,0.04705020415131003,0.0643468828871846
cub_01271,gradcam,22,22,0.1782582192216069,0.5941734964493662
cub_01271,gradcam++,22,22,0.20186752725858242,0.4548334793886169
cub_01271,integrated_gradients,22,22,0.03641060462687165,0.2102748684585094
cub_01271,gradient_shap,22,22,0.036030152090825135,0.22009466916788367
cub_01271,occlusion,22,22,0.09037710202392192,0.571984461392276
cub_01271,guided_backprop,22,22,0.05115897422656417,0.2858041011495515
cub_01274,gradcam,22,22,0.05858968549873681,0.9257658554008231
cub_01274,gradcam++,22,22,0.057646367535926404,0.9091152978828176
cub_01274,integrated_gradients,22,22,0.0413012818666175,0.3502071915427223
cub_01274,gradient_shap,22,22,0.04036246861796826,0.3903016517637298
cub_01274,occlusion,22,22,0.03472301680594683,0.9155598116805778
cub_01274,guided_backprop,22,22,0.03534599512349815,0.402296165167354
cub_01281,gradcam,22,22,0.24296035582665357,0.6709898886969313
cub_01281,gradcam++,22,22,0.23337869860697538,0.6801256237318739
cub_01281,integrated_gradients,22,22,0.03621500954031944,0.15509225776186208
cub_01281,gradient_shap,22,22,0.04135025987052359,0.19210544638335703
cub_01281,occlusion,22,22,0.15896414073649795,0.7842472086893395
cub_01281,guided_backprop,22,22,0.04732205315958709,0.37133917638566344
cub_01282,gradcam,22,22,0.10697048376314344,0.6771104609360917
cub_01282,gradcam++,22,22,0.18419067698996516,0.6658894097199662
cub_01282,integrated_gradients,22,22,0.02896037340979092,0.03466083670500664
cub_01282,gradient_shap,22,22,0.028093747753882785,0.041171647817827735
cub_01282,occlusion,22,22,0.035185750620439646,0.7771126808365807
cub_01282,guided_backprop,22,22,0.06044668091926725,0.28567507506813855
cub_01284,gradcam,22,22,0.1361116193234921,0.4750430269865319
cub_01284,gradcam++,22,22,0.15888529235962776,0.4681179581442848
cub_01284,integrated_gradients,22,22,0.059167229919694364,0.27812355563510205
cub_01284,gradient_shap,22,22,0.05521310474723577,0.30267249175813044
cub_01284,occlusion,22,22,0.11482840429525822,0.2856556324055418
cub_01284,guided_backprop,22,22,0.08616415681317446,0.17684040290769187
cub_01291,gradcam,23,23,0.3964620540587929,0.4689064009988214
cub_01291,gradcam++,23,23,0.11988949058577417,0.6982142164488323
cub_01291,integrated_gradients,23,23,0.03606457511777989,0.24791089725913476
cub_01291,gradient_shap,23,23,0.03746296397875994,0.27254312984878193
cub_01291,occlusion,23,23,0.053749060703557915,0.6035820008371957
cub_01291,guided_backprop,23,23,0.03185880683595315,0.13679932717932386
cub_01294,gradcam,23,23,0.4881049251533114,0.35554748642025513
cub_01294,gradcam++,23,23,0.24540179996984082,0.7889839948271402
cub_01294,integrated_gradients,23,23,0.04153506022412331,0.13910423592897128
cub_01294,gradient_shap,23,23,0.047143875027541075,0.10620030035497618
cub_01294,occlusion,23,23,0.07176609150337754,0.3328041326371021
cub_01294,guided_backprop,23,23,0.050671934254933146,0.25235204204218453
cub_01296,gradcam,23,23,0.353077945986297,0.36594233327778053
cub_01296,gradcam++,23,23,0.18273558575892818,0.7619974517379887
cub_01296,integrated_gradients,23,23,0.05232833145419135,0.33133868026779967
cub_01296,gradient_shap,23,23,0.05313373944954947,0.2971126041957177
cub_01296,occlusion,23,23,0.06347014860366472,0.48847087464528155
cub_01296,guided_backprop,23,23,0.04326883187750354,0.2220917057362385
cub_01307,gradcam,23,23,0.028390996115194876,0.7266871557687409
cub_01307,gradcam++,23,23,0.02350316834053956,0.7749252886627801
cub_01307,integrated_gradients,23,23,0.020861714362399655,0.5749068604898638
cub_01307,gradient_shap,23,23,0.02104000472172629,0.5548371044103988
cub_01307,occlusion,23,23,0.02168986207543639,0.4579649933730252
cub_01307,guided_backprop,23,23,0.021686051426513586,0.36581026205094525
cub_01312,gradcam,23,23,0.08828815136803315,0.3577382565592416
cub_01312,gradcam++,23,23,0.453411294973921,0.413060969777871
cub_01312,integrated_gradients,23,23,0.03466124250553549,0.19548257190035653
cub_01312,gradient_shap,23,23,0.041140523727517586,0.23593506711767986
cub_01312,occlusion,23,23,0.026317635830491775,0.44041804467560725
cub_01312,guided_backprop,23,23,0.05358778139343487,0.1932768308673985
cub_01314,gradcam,23,22,0.14170684404671194,0.2343226451834198
cub_01314,gradcam++,23,22,0.10311762643977998,0.28160162768326696
cub_01314,integrated_gradients,23,22,0.034069833368994294,0.09834663269575683
cub_01314,gradient_shap,23,22,0.03452436260413379,0.15545728148426857
cub_01314,occlusion,23,22,0.016940041186171585,0.2096368555445224
cub_01314,guided_backprop,23,22,0.031101208808831875,0.07689739463385192
cub_01323,gradcam,23,24,0.43634447745134836,0.3285092711128527
cub_01323,gradcam++,23,24,0.21195521141053178,0.221651154133724
cub_01323,integrated_gradients,23,24,0.1754971198912245,0.6447504338400903
cub_01323,gradient_shap,23,24,0.16408212795504368,0.61369883758598
cub_01323,occlusion,23,24,0.047268161161082387,0.3853953533805906
cub_01323,guided_backprop,23,24,0.23401222173706634,0.513676369987661
cub_01330,gradcam,23,23,0.5641490340814926,0.28272214067401363
cub_01330,gradcam++,23,23,0.7749004140845499,0.0985709814005531
cub_01330,integrated_gradients,23,23,0.021470142250473143,0.22003540872829033
cub_01330,gradient_shap,23,23,0.022226376039907333,0.26102709408150987
cub_01330,occlusion,23,23,0.03418406658747699,0.6425581039045937
cub_01330,guided_backprop,23,23,0.023977920139441264,0.14333036468597127
cub_01333,gradcam,23,23,0.08804810097208249,0.5779729546164163
cub_01333,gradcam++,23,23,0.08504123016027734,0.5983666882966645
cub_01333,integrated_gradients,23,23,0.04410414239973762,0.4997384701971896
cub_01333,gradient_shap,23,23,0.04850662934477442,0.5249249973450787
cub_01333,occlusion,23,23,0.1024934510351159,0.7196571723674423
cub_01333,guided_backprop,23,23,0.05960263350280002,0.44563652492361144
cub_01336,gradcam,23,23,0.13717713006190024,0.7286919788573869
cub_01336,gradcam++,23,23,0.12745169929112307,0.7522402898524888
cub_01336,integrated_gradients,23,23,0.0450233199633658,0.36061307872878384
cub_01336,gradient_shap,23,23,0.059819268865976494,0.4819281079922802
cub_01336,occlusion,23,23,0.05520223916391843,0.7514332250808365
cub_01336,guided_backprop,23,23,0.05004454698646441,0.2857012153719552
cub_01340,gradcam,23,23,0.26623755810433075,0.8113935903762466
cub_01340,gradcam++,23,23,0.2752357125864365,0.8196134866331704
cub_01340,integrated_gradients,23,23,0.03193704016739503,0.1471941836294718
cub_01340,gradient_shap,23,23,0.037373785872478034,0.15733481600182128
cub_01340,occlusion,23,23,0.04317382307053777,0.23063961557345458
cub_01340,guided_backprop,23,23,0.03594790304778144,0.3438695811782963
cub_01345,gradcam,24,24,0.1998943597849575,0.37310776198282836
cub_01345,gradcam++,24,24,0.12025575346197004,0.6808576411625835
cub_01345,integrated_gradients,24,24,0.2790490821062122,0.7592937443929259
cub_01345,gradient_shap,24,24,0.2723572359245736,0.7612367366033141
cub_01345,occlusion,24,24,0.053008956299163405,0.33349407738132864
cub_01345,guided_backprop,24,24,0.3057763202174101,0.7554867510276382
cub_01346,gradcam,24,22,0.06522176929283889,0.610228805965744
cub_01346,gradcam++,24,22,0.08512154687196019,0.5246444838820025
cub_01346,integrated_gradients,24,22,0.029747923696413638,0.05635308651253579
cub_01346,gradient_shap,24,22,0.02974871455226093,0.0630143124843016
cub_01346,occlusion,24,22,0.037848454952472826,0.46174917395692316
cub_01346,guided_backprop,24,22,0.03162894442211837,0.11834219924639908
cub_01347,gradcam,24,24,0.06453161434619688,0.7310492619988509
cub_01347,gradcam++,24,24,0.0535507359134499,0.683809674467193
cub_01347,integrated_gradients,24,24,0.14263187696342355,0.6618043054419103
cub_01347,gradient_shap,24,24,0.18164778343052604,0.6823236529307906
cub_01347,occlusion,24,24,0.051202083245152616,0.7651660764415281
cub_01347,guided_backprop,24,24,0.149834483122686,0.6201709148066584
cub_01349,gradcam,24,22,0.09126339070498943,0.1253666019299999
cub_01349,gradcam++,24,22,0.10707964615430686,0.211382835614495
cub_01349,integrated_gradients,24,22,0.010940168146044016,0.06261923392303287
cub_01349,gradient_shap,24,22,0.012106856692116707,0.06668960333336144
cub_01349,occlusion,24,22,0.01709244907833636,0.4703483535675332
cub_01349,guided_backprop,24,22,0.012129078514408316,0.03999648835742846
cub_01358,gradcam,24,24,0.39845818556495943,0.48329728177632203
cub_01358,gradcam++,24,24,0.33419138783938257,0.5928578448190819
cub_01358,integrated_gradients,24,24,0.20075143934809606,0.7134962741809432
cub_01358,gradient_shap,24,24,0.27171449303277767,0.7416679863410536
cub_01358,occlusion,24,24,0.0862347027818032,0.449953359994106
cub_01358,guided_backprop,24,24,0.34766239734017296,0.6480585881101433
cub_01362,gradcam,24,22,0.031784699100535364,0.35357247863430524
cub_01362,gradcam++,24,22,0.04756419064942747,0.5972662450280041
cub_01362,integrated_gradients,24,22,0.0342241647420451,0.2594456521561369
cub_01362,gradient_shap,24,22,0.04080608517397194,0.25983497926499693
cub_01362,occlusion,24,22,0.019663578446488823,0.45123833999969065
cub_01362,guided_backprop,24,22,0.04532872496638448,0.3001096600433811
cub_01375,gradcam,24,24,0.26315518359770074,0.3507418740889988
cub_01375,gradcam++,24,24,0.16753048120881428,0.5774474819714669
cub_01375,integrated_gradients,24,24,0.245100027002627,0.589098659955198
cub_01375,gradient_shap,24,24,0.19816727559664288,0.43360889745526954
cub_01375,occlusion,24,24,0.05523224134813063,0.6019957557844464
cub_01375,guided_backprop,24,24,0.1953451724315528,0.6139051221834961
cub_01376,gradcam,24,22,0.047247470612637704,0.6278165348572657
cub_01376,gradcam++,24,22,0.05345050955656916,0.6192971100797876
cub_01376,integrated_gradients,24,22,0.020881691295653586,0.06338830636814234
cub_01376,gradient_shap,24,22,0.022563528688624507,0.055933475284837164
cub_01376,occlusion,24,22,0.04208359506446869,0.641328745870851
cub_01376,guided_backprop,24,22,0.021704627008875835,0.0637763795792125
cub_01385,gradcam,24,22,0.022530764550901947,0.8264195320894943
cub_01385,gradcam++,24,22,0.02575381663627923,0.824586015730165
cub_01385,integrated_gradients,24,22,0.023710783023852853,0.02820183860603718
cub_01385,gradient_shap,24,22,0.0268362796283327,0.03985998409334568
cub_01385,occlusion,24,22,0.020533762601553464,0.7292953265598046
cub_01385,guided_backprop,24,22,0.02672295701922849,0.22314905652310696
cub_01393,gradcam,24,24,0.15269828464952298,0.297962047252804
cub_01393,gradcam++,24,24,0.0281757543241838,0.3631097829667851
cub_01393,integrated_gradients,24,24,0.15037024920457043,0.5387260016577784
cub_01393,gradient_shap,24,24,0.09102514866390267,0.29729361744248306
cub_01393,occlusion,24,24,0.07601937774197721,0.18388884993619284
cub_01393,guided_backprop,24,24,0.044634626869810755,0.49539060914539734
cub_01397,gradcam,24,24,0.49185011029185266,0.26204673022220953
cub_01397,gradcam++,24,24,0.1466743134700664,0.5005910839245189
cub_01397,integrated_gradients,24,24,0.08780248801340351,0.7102085073071064
cub_01397,gradient_shap,24,24,0.11141244674217889,0.7231702153163496
cub_01397,occlusion,24,24,0.06449104818238995,0.4621652088302653
cub_01397,guided_backprop,24,24,0.13467610269435681,0.67990585459047
cub_01399,gradcam,24,24,0.27562231828342193,0.1485383209579595
cub_01399,gradcam++,24,24,0.15485777510330082,0.29914778969832695
cub_01399,integrated_gradients,24,24,0.34366559968912047,0.7052445758657996
cub_01399,gradient_shap,24,24,0.3608105095161591,0.5858893547730986
cub_01399,occlusion,24,24,0.2631572037746082,0.25157173689294715
cub_01399,guided_backprop,24,24,0.421302653249586,0.4323302284872625
cub_01403,gradcam,25,25,0.05418742902111263,0.5691330654313788
cub_01403,gradcam++,25,25,0.1719962928444147,0.4589190097642131
cub_01403,integrated_gradients,25,25,0.01830363092885819,0.23233996615745126
cub_01403,gradient_shap,25,25,0.01778706745826639,0.27894902976695446
cub_01403,occlusion,25,25,0.04517872295691633,0.3118408255511894
cub_01403,guided_backprop,25,25,0.017573353214538658,0.2453875827835873
cub_01405,gradcam,25,25,0.025764513731701296,0.6149437178159133
cub_01405,gradcam++,25,25,0.021021127805579458,0.5508819470531308
cub_01405,integrated_gradients,25,25,0.023057712032459675,0.4147203497355804
cub_01405,gradient_shap,25,25,0.02292130940186326,0.4899571847869083
cub_01405,occlusion,25,25,0.02047435023414437,0.6682154398644343
cub_01405,guided_backprop,25,25,0.020658459223341197,0.23026873059570788
cub_01408,gradcam,25,25,0.0277464477752801,0.3003468222159426
cub_01408,gradcam++,25,25,0.021609444246860225,0.3530814167374047
cub_01408,integrated_gradients,25,25,0.01421473101945594,0.10582249726576262
cub_01408,gradient_shap,25,25,0.013900114060379564,0.08810503201675599
cub_01408,occlusion,25,25,0.0164031362044625,0.30424267796333876
cub_01408,guided_backprop,25,25,0.014046110578055961,0.11541619240597353
cub_01413,gradcam,25,25,0.058286301838234064,0.907150386669673
cub_01413,gradcam++,25,25,0.06170405739685521,0.89817524200771
cub_01413,integrated_gradients,25,25,0.02596441308123758,0.2888957268791273
cub_01413,gradient_shap,25,25,0.02597697737073759,0.3493641812121495
cub_01413,occlusion,25,25,0.029926220979541538,0.9053307052934542
cub_01413,guided_backprop,25,25,0.0259914042064338,0.4490019407356158
cub_01417,gradcam,25,25,0.060067591082770384,0.9078272681916132
cub_01417,gradcam++,25,25,0.04580684825195931,0.908390722819604
cub_01417,integrated_gradients,25,25,0.02506487448772532,0.8156291071558373
cub_01417,gradient_shap,25,25,0.02527704792664736,0.8525349062168971
cub_01417,occlusion,25,25,0.0379477220994886,0.8944780539954081
cub_01417,guided_backprop,25,25,0.026120255182468098,0.8338164877379314
cub_01420,gradcam,25,25,0.04165863891248592,0.8548059240332804
cub_01420,gradcam++,25,25,0.08544638176681477,0.8493273306172341
cub_01420,integrated_gradients,25,25,0.02498354793133331,0.45285587073303757
cub_01420,gradient_shap,25,25,0.025089708762243392,0.4716497958404943
cub_01420,occlusion,25,25,0.030498966563027353,0.837736701616086
cub_01420,guided_backprop,25,25,0.025106884707383873,0.5161703087156638
cub_01438,gradcam,25,25,0.015604836528655146,0.28926448470156174
cub_01438,gradcam++,25,25,0.01637606747171958,0.376531566050835
cub_01438,integrated_gradients,25,25,0.012614569718425627,0.013115634693531305
cub_01438,gradient_shap,25,25,0.012518764441483653,0.018301987103768607
cub_01438,occlusion,25,25,0.020469447528012098,0.12095513357780874
cub_01438,guided_backprop,25,25,0.012441192328697072,0.017936635925434513
cub_01440,gradcam,25,25,0.5165176455164329,0.3025905972055625
cub_01440,gradcam++,25,25,0.5343623401597143,0.27524910931533664
cub_01440,integrated_gradients,25,25,0.031072326167486612,0.7899579312885179
cub_01440,gradient_shap,25,25,0.0303560653119348,0.7824717629933731
cub_01440,occlusion,25,25,0.04791959954891355,0.8640455331886187
cub_01440,guided_backprop,25,25,0.030522583046695216,0.826536038168706
cub_01441,gradcam,25,25,0.0464183855423471,0.5923286374891177
cub_01441,gradcam++,25,25,0.035734890872845426,0.7868974058423192
cub_01441,integrated_gradients,25,25,0.02356669324362883,0.35509152738959526
cub_01441,gradient_shap,25,25,0.023628735251259064,0.39766556026297617
cub_01441,occlusion,25,25,0.02607069272198715,0.695156502746977
cub_01441,guided_backprop,25,25,0.02314332147070672,0.3292402910301462
cub_01445,gradcam,25,25,0.08121583920437844,0.8701062452280893
cub_01445,gradcam++,25,25,0.4385872315295273,0.5288375643081964
cub_01445,integrated_gradients,25,25,0.02638357806426939,0.7380631596082822
cub_01445,gradient_shap,25,25,0.026995510263077453,0.7625350263202564
cub_01445,occlusion,25,25,0.04959570989012719,0.8321022283518686
cub_01445,guided_backprop,25,25,0.027270677269552835,0.7962134685600176
cub_01446,gradcam,25,25,0.044089832715690135,0.8222768971463665
cub_01446,gradcam++,25,25,0.03772777302656324,0.8114234718552326
cub_01446,integrated_gradients,25,25,0.023891293752240025,0.6207761420169846
cub_01446,gradient_shap,25,25,0.023816178464039696,0.6883498000213876
cub_01446,occlusion,25,25,0.026061088003916665,0.8314168926561252
cub_01446,guided_backprop,25,25,0.025216802970680876,0.625137352454476
cub_01455,gradcam,25,25,0.02097148189204745,0.6453948196256531
cub_01455,gradcam++,25,25,0.020229961458971955,0.5239822637522593
cub_01455,integrated_gradients,25,25,0.015008643988403493,0.4114736136281863
cub_01455,gradient_shap,25,25,0.015020649637881436,0.4379659828031436
cub_01455,occlusion,25,25,0.01563673296768684,0.6165471207583322
cub_01455,guided_backprop,25,25,0.014831708875135522,0.3983507108176127
cub_01464,gradcam,26,127,0.032389594009146094,0.5834352714999113
cub_01464,gradcam++,26,127,0.037390921200858435,0.5855603480536956
cub_01464,integrated_gradients,26,127,0.019314253488846588,0.08301234191167166
cub_01464,gradient_shap,26,127,0.01915644995606271,0.096066900040023
cub_01464,occlusion,26,127,0.043587752530584126,0.6171885887917598
cub_01464,guided_backprop,26,127,0.01928761866438435,0.19622789428685788
cub_01481,gradcam,26,48,0.03775141368387268,0.1029932367055153
cub_01481,gradcam++,26,48,0.03647416329185944,0.11574556981577186
cub_01481,integrated_gradients,26,48,0.01014459038806308,0.01990253925832802
cub_01481,gradient_shap,26,48,0.01003602884429711,0.01583097210968843
cub_01481,occlusion,26,48,0.06579488216084428,0.19988693142659028
cub_01481,guided_backprop,26,48,0.01014313673367724,0.031480752753850524
cub_01490,gradcam,26,154,0.11714833729784004,0.10395533831615467
cub_01490,gradcam++,26,154,0.03428551803226584,0.33250747209531245
cub_01490,integrated_gradients,26,154,0.010216174845118074,0.052010225330013767
cub_01490,gradient_shap,26,154,0.01030806154230959,0.05422626379877327
cub_01490,occlusion,26,154,0.012036592556978575,0.24479566340451128
cub_01490,guided_backprop,26,154,0.01059883237539907,0.08728628365206531
cub_01493,gradcam,26,73,0.008161670976551249,0.15066549714683786
cub_01493,gradcam++,26,73,0.009764854129753074,0.1498177710804157
cub_01493,integrated_gradients,26,73,0.004210628203873056,0.010052405609167177
cub_01493,gradient_shap,26,73,0.004055886230344185,0.006183435907587404
cub_01493,occlusion,26,73,0.006214445614023135,0.2476557168527506
cub_01493,guided_backprop,26,73,0.0046810321509838096,0.018145552848000075
cub_01505,gradcam,26,26,0.14408099157735704,0.575203414587304
cub_01505,gradcam++,26,26,0.16784048196859655,0.459401813079603
cub_01505,integrated_gradients,26,26,0.017212419537827373,0.2292401371640153
cub_01505,gradient_shap,26,26,0.017649764262023384,0.17989320124033836
cub_01505,occlusion,26,26,0.03675829105777666,0.3954563934355974
cub_01505,guided_backprop,26,26,0.019259866443462666,0.20544114580843595
cub_01508,gradcam,26,26,0.0448953724000603,0.45104459295980626
cub_01508,gradcam++,26,26,0.061282669764477764,0.35417641806416217
cub_01508,integrated_gradients,26,26,0.012884621965349652,0.16241899332962928
cub_01508,gradient_shap,26,26,0.012357327982317656,0.14309847790282218
cub_01508,occlusion,26,26,0.024498855252750213,0.40060086849844084
cub_01508,guided_backprop,26,26,0.013251666649011897,0.13265744192758572
cub_01514,gradcam,26,26,0.2866631095239427,0.8469698100816458
cub_01514,gradcam++,26,26,0.21223884010687474,0.8722757236566395
cub_01514,integrated_gradients,26,26,0.02903453806065955,0.3788422129349783
cub_01514,gradient_shap,26,26,0.02786596157529857,0.442645323195029
cub_01514,occlusion,26,26,0.07149515347555281,0.8130672309082001
cub_01514,guided_backprop,26,26,0.027925882310955785,0.4677549481741153
