sample_id,method,label,target,deletion_auc,insertion_auc
cub_00006,gradcam,0,0,0.14929824943537826,0.672757698589703
cub_00006,gradcam++,0,0,0.4996238671650645,0.6849849796795751
cub_00006,integrated_gradients,0,0,0.1642158894974273,0.7664802743063774
cub_00006,gradient_shap,0,0,0.1203180194075685,0.8215618913935033
cub_00006,occlusion,0,0,0.09997924575000071,0.693241880502319
cub_00006,guided_backprop,0,0,0.1282512714329641,0.7102792097197381
cub_00008,gradcam,0,0,0.24318204535520638,0.8237637137004641
cub_00008,gradcam++,0,0,0.22769682031939742,0.8206846902554389
cub_00008,integrated_gradients,0,0,0.04194662572699599,0.764808231353527
cub_00008,gradient_shap,0,0,0.038121850782772526,0.7632014517381321
cub_00008,occlusion,0,0,0.21994742312817836,0.8515016991121228
cub_00008,guided_backprop,0,0,0.09315301891765557,0.6697739528433887
cub_00010,gradcam,0,0,0.06083035067713354,0.29569220702978777
cub_00010,gradcam++,0,0,0.03588726297239191,0.2989915169950109
cub_00010,integrated_gradients,0,0,0.026374248723732303,0.5009246632631402
cub_00010,gradient_shap,0,0,0.03021409258362837,0.5356561618566048
cub_00010,occlusion,0,0,0.034852620068704716,0.5284586479829159
cub_00010,guided_backprop,0,0,0.03587749433354475,0.3104715980531182
cub_00012,gradcam,0,0,0.10070811374462207,0.7642197876644786
cub_00012,gradcam++,0,0,0.12467545426334256,0.7621086923812982
cub_00012,integrated_gradients,0,0,0.19012476654606875,0.7755075404362288
cub_00012,gradient_shap,0,0,0.132996765821008,0.7981645849475172
cub_00012,occlusion,0,0,0.1895091740123462,0.8139571263396647
cub_00012,guided_backprop,0,0,0.13614318882464432,0.707729508675402
cub_00015,gradcam,0,0,0.11851648867013866,0.6948552126938012
cub_00015,gradcam++,0,0,0.14435429821605794,0.68810662459
cub_00015,integrated_gradients,0,0,0.03447361459839158,0.4726911523321178
cub_00015,gradient_shap,0,0,0.032891182851744825,0.5048496439063455
cub_00015,occlusion,0,0,0.07986808360437862,0.5455099796818104
cub_00015,guided_backprop,0,0,0.06294685131288133,0.46696655712439683
cub_00024,gradcam,0,0,0.3222752589907032,0.8138096318522002
cub_00024,gradcam++,0,0,0.3667600275890437,0.8098094234650489
cub_00024,integrated_gradients,0,0,0.16944340108311737,0.6677267614693846
cub_00024,gradient_shap,0,0,0.12285417527309618,0.7433694576320704
cub_00024,occlusion,0,0,0.5503651452425402,0.6241968312708196
cub_00024,guided_backprop,0,0,0.2634472538891715,0.835882096545538
cub_00026,gradcam,0,2,0.4917020906694234,0.21738644917495548
cub_00026,gradcam++,0,2,0.5439833325799555,0.17918755076825615
cub_00026,integrated_gradients,0,2,0.020078309834934773,0.34804525625077076
cub_00026,gradient_shap,0,2,0.026255222433246676,0.28457465068786403
cub_00026,occlusion,0,2,0.11316711129620671,0.2604406581260264
cub_00026,guided_backprop,0,2,0.020418666320620105,0.2682962709630374
cub_00034,gradcam,0,0,0.14894363644416445,0.8044581388530788
cub_00034,gradcam++,0,0,0.14148148035747002,0.8080530158185866
cub_00034,integrated_gradients,0,0,0.03189139586756937,0.7302242423116695
cub_00034,gradient_shap,0,0,0.03531589446938597,0.7673265737888868
cub_00034,occlusion,0,0,0.24442226716200824,0.6942645105475094
cub_00034,guided_backprop,0,0,0.049081824318272994,0.7067654496000614
cub_00037,gradcam,0,0,0.44791922186850575,0.157587824849179
cub_00037,gradcam++,0,0,0.5178420890064445,0.1386300904152449
cub_00037,integrated_gradients,0,0,0.0358306211361196,0.3462085525970906
cub_00037,gradient_shap,0,0,0.03215798958553933,0.3422640569449868
cub_00037,occlusion,0,0,0.07295072930282914,0.6604152990446891
cub_00037,guided_backprop,0,0,0.03499968237592839,0.3662975310056936
cub_00049,gradcam,0,0,0.21898757919552733,0.5559197194117587
cub_00049,gradcam++,0,0,0.7369323329941836,0.5386830928677226
cub_00049,integrated_gradients,0,0,0.05836937419953757,0.6341435109206941
cub_00049,gradient_shap,0,0,0.052254068054026014,0.6898243042698595
cub_00049,occlusion,0,0,0.19476237820344977,0.618308200960746
cub_00049,guided_backprop,0,0,0.06717682512826288,0.545922071574023
cub_00053,gradcam,0,0,0.551638791145524,0.5005667384422849
cub_00053,gradcam++,0,0,0.6250836182327475,0.3122888158250134
cub_00053,integrated_gradients,0,0,0.0601474924653303,0.4961214164213743
cub_00053,gradient_shap,0,0,0.06587779658730142,0.5426933050097431
cub_00053,occlusion,0,0,0.2515796766791027,0.8222339585830922
cub_00053,guided_backprop,0,0,0.06871001431136392,0.5304295628971885
cub_00059,gradcam,0,0,0.308345375926001,0.6930096389667596
cub_00059,gradcam++,0,0,0.35035164681612513,0.7514456156583037
cub_00059,integrated_gradients,0,0,0.127094939671224,0.7971355525718536
cub_00059,gradient_shap,0,0,0.10213391857105308,0.790369808668038
cub_00059,occlusion,0,0,0.229658118163934,0.6708619257376995
cub_00059,guided_backprop,0,0,0.1681325133133214,0.8062516484584196
cub_00064,gradcam,1,1,0.07738333547022194,0.5340443240478635
cub_00064,gradcam++,1,1,0.07499415808124468,0.5314789937809109
cub_00064,integrated_gradients,1,1,0.028295220696600155,0.4849123797845095
cub_00064,gradient_shap,1,1,0.02869476026389748,0.48523302383255207
cub_00064,occlusion,1,1,0.037332929251715545,0.49108404265716665
cub_00064,guided_backprop,1,1,0.0316661091230344,0.4813568972051143
cub_00070,gradcam,1,1,0.43187730852514505,0.040096916258335086
cub_00070,gradcam++,1,1,0.6652654077857735,0.03882248827721921
cub_00070,integrated_gradients,1,1,0.03456694600172341,0.801316877361387
cub_00070,gradient_shap,1,1,0.03526851939968765,0.822875272668898
cub_00070,occlusion,1,1,0.037181662581861015,0.754640452750027
cub_00070,guided_backprop,1,1,0.03576598134823143,0.7282481844071298
cub_00071,gradcam,1,1,0.16582763404585424,0.8326737821102143
cub_00071,gradcam++,1,1,0.1684697697870434,0.8554432488977909
cub_00071,integrated_gradients,1,1,0.036570695554837586,0.7931686339201406
cub_00071,gradient_shap,1,1,0.03901273042429239,0.7876500898506492
cub_00071,occlusion,1,1,0.05296068983152509,0.9236108565703034
cub_00071,guided_backprop,1,1,0.049474470876157285,0.6699771978892386
cub_00075,gradcam,1,1,0.13060985838528727,0.8521557642146945
cub_00075,gradcam++,1,1,0.11470587042858824,0.8445738902781159
cub_00075,integrated_gradients,1,1,0.033760118286591013,0.6589106007944793
cub_00075,gradient_shap,1,1,0.03299393206252717,0.7822784396354109
cub_00075,occlusion,1,1,0.10341806553769857,0.9141865381971002
cub_00075,guided_backprop,1,1,0.03499902983894571,0.7701233036234043
cub_00078,gradcam,1,1,0.18729574212920858,0.8611778961494565
cub_00078,gradcam++,1,1,0.1923707601381466,0.8761615995317698
cub_00078,integrated_gradients,1,1,0.03613212790805846,0.8594416800886393
cub_00078,gradient_shap,1,1,0.034964652953203765,0.876102156890556
cub_00078,occlusion,1,1,0.11418825567816383,0.9191851997748017
cub_00078,guided_backprop,1,1,0.13911544482689353,0.8735267641022801
cub_00079,gradcam,1,1,0.1154209134168923,0.8658163159154356
cub_00079,gradcam++,1,1,0.10996950217522682,0.8607211465016007
cub_00079,integrated_gradients,1,1,0.03615299777593464,0.7652156574651598
cub_00079,gradient_shap,1,1,0.03617443339899182,0.7553188898484222
cub_00079,occlusion,1,1,0.048670878773555165,0.8810355337336659
cub_00079,guided_backprop,1,1,0.03573548778658732,0.6208113243803383
cub_00090,gradcam,1,1,0.21165069029666486,0.9351184600964189
cub_00090,gradcam++,1,1,0.22566973646171393,0.9216314161196352
cub_00090,integrated_gradients,1,1,0.09733006336027757,0.8160127711831592
cub_00090,gradient_shap,1,1,0.03815274092485197,0.7864947722060605
cub_00090,occlusion,1,1,0.5264556230977178,0.7521681794896722
cub_00090,guided_backprop,1,1,0.13874431983567778,0.848928690701723
cub_00096,gradcam,1,1,0.3469426430761815,0.7581619204953314
cub_00096,gradcam++,1,1,0.38526361100375656,0.7551239308901131
cub_00096,integrated_gradients,1,1,0.06950359395705163,0.6832510991953312
cub_00096,gradient_shap,1,1,0.07352413967018946,0.6679889618884771
cub_00096,occlusion,1,1,0.38983500469475996,0.818117824755609
cub_00096,guided_backprop,1,1,0.09854373360285537,0.6691402255091816
cub_00099,gradcam,1,1,0.09819219065830112,0.7585746331140399
cub_00099,gradcam++,1,1,0.18069079979322852,0.38393215322867036
cub_00099,integrated_gradients,1,1,0.03452179618179798,0.42908536340110004
cub_00099,gradient_shap,1,1,0.03903578715398908,0.4962599146645516
cub_00099,occlusion,1,1,0.05092015501577407,0.46826891331002113
cub_00099,guided_backprop,1,1,0.03356119403615594,0.3226602299138903
cub_00100,gradcam,1,1,0.16750210276804867,0.7427001353353262
cub_00100,gradcam++,1,1,0.19313847878947857,0.7277374574216082
cub_00100,integrated_gradients,1,1,0.03348029139451683,0.6625258390326053
cub_00100,gradient_shap,1,1,0.03542279859539122,0.656998416694114
cub_00100,occlusion,1,1,0.0897252121940255,0.8070448788814246
cub_00100,guided_backprop,1,1,0.03434599244501442,0.320216854289174
cub_00106,gradcam,1,2,0.1126278462354094,0.83185721677728
cub_00106,gradcam++,1,2,0.24057434224523608,0.63612039857544
cub_00106,integrated_gradients,1,2,0.043727106810547416,0.5144642123486847
cub_00106,gradient_shap,1,2,0.04502883488312365,0.5083291154820472
cub_00106,occlusion,1,2,0.16408588592894377,0.6056384779978543
cub_00106,guided_backprop,1,2,0.03574904457200318,0.4768426072318107
cub_00112,gradcam,1,1,0.09344463065499439,0.8384224228560924
cub_00112,gradcam++,1,1,0.09436475976835937,0.8454215625301003
cub_00112,integrated_gradients,1,1,0.03141173638287,0.733724767365493
cub_00112,gradient_shap,1,1,0.03387096430233214,0.7683456681668758
cub_00112,occlusion,1,1,0.04058673287509009,0.9116328665986657
cub_00112,guided_backprop,1,1,0.038078707689419386,0.6611962899100035
cub_00121,gradcam,2,2,0.08667987184016965,0.5355211137328296
cub_00121,gradcam++,2,2,0.0918229794537183,0.24173668110743163
cub_00121,integrated_gradients,2,2,0.02104830306489021,0.4562522731721402
cub_00121,gradient_shap,2,2,0.020158801623620094,0.5375316245947033
cub_00121,occlusion,2,2,0.022746096481569108,0.6197349235881121
cub_00121,guided_backprop,2,2,0.020552857118309478,0.3507220372091978
cub_00122,gradcam,2,2,0.19927874971181156,0.8346789853647352
cub_00122,gradcam++,2,2,0.17406701808795333,0.8272323466371745
cub_00122,integrated_gradients,2,2,0.0322186203673482,0.7476895458996295
cub_00122,gradient_shap,2,2,0.03257956146262586,0.7486016334965824
cub_00122,occlusion,2,2,0.10544753312133252,0.7984623693395405
cub_00122,guided_backprop,2,2,0.031558535213116565,0.6088376012630761
cub_00124,gradcam,2,1,0.09219887962099166,0.8029873635619879
cub_00124,gradcam++,2,1,0.10087381321936846,0.7869075806811451
cub_00124,integrated_gradients,2,1,0.03758180930744857,0.7927686339244245
cub_00124,gradient_shap,2,1,0.038765115011483435,0.7748013072879985
cub_00124,occlusion,2,1,0.04667733765672893,0.6050531963817775
cub_00124,guided_backprop,2,1,0.03799162129871547,0.7169097492005677
cub_00128,gradcam,2,44,0.139116857945919,0.14457670897245406
cub_00128,gradcam++,2,44,0.09813464432954787,0.09888977305963634
cub_00128,integrated_gradients,2,44,0.0191528708091937,0.13405797891318796
cub_00128,gradient_shap,2,44,0.02817498276126571,0.13292172010987996
cub_00128,occlusion,2,44,0.036757114715874194,0.10392439477145671
cub_00128,guided_backprop,2,44,0.044486534688621765,0.11189846997149287
cub_00138,gradcam,2,0,0.1392951471556444,0.48270642049028545
cub_00138,gradcam++,2,0,0.18323940823029264,0.4020266625971999
cub_00138,integrated_gradients,2,0,0.040998552966630075,0.43064135836320927
cub_00138,gradient_shap,2,0,0.05445948071428574,0.40768386581330557
cub_00138,occlusion,2,0,0.10990282031125391,0.49167316462262534
cub_00138,guided_backprop,2,0,0.025422085734317076,0.3300232330278958
cub_00145,gradcam,2,2,0.022034553888079244,0.7086043159011752
cub_00145,gradcam++,2,2,0.019644654393050586,0.7139264516998084
cub_00145,integrated_gradients,2,2,0.021386563035775907,0.32639432996511464
cub_00145,gradient_shap,2,2,0.020976333369617354,0.32960773170343594
cub_00145,occlusion,2,2,0.02489202637807466,0.6470787734258919
cub_00145,guided_backprop,2,2,0.02121334743060288,0.2758431965950876
cub_00147,gradcam,2,2,0.23464558962732554,0.5401447769720107
cub_00147,gradcam++,2,2,0.13941184277646246,0.52120340061374
cub_00147,integrated_gradients,2,2,0.04243642217479647,0.3688856431283057
cub_00147,gradient_shap,2,2,0.04021152388304473,0.3540377037134022
cub_00147,occlusion,2,2,0.08140387604944409,0.19230441802646964
cub_00147,guided_backprop,2,2,0.05045116965193302,0.47224607099778954
cub_00149,gradcam,2,2,0.06653781529748815,0.7535251375753433
cub_00149,gradcam++,2,2,0.07697136491769925,0.7808421501424164
cub_00149,integrated_gradients,2,2,0.03126881956122816,0.7410004010889679
cub_00149,gradient_shap,2,2,0.028594287973828618,0.7627669744659216
cub_00149,occlusion,2,2,0.04118009521625936,0.7019540898967535
cub_00149,guided_backprop,2,2,0.026893862447468563,0.6436373968143018
cub_00152,gradcam,2,71,0.4038428494008258,0.07335885715438051
cub_00152,gradcam++,2,71,0.38971088540274645,0.07458573017502201
cub_00152,integrated_gradients,2,71,0.020840594428591434,0.2467252052621916
cub_00152,gradient_shap,2,71,0.01970261996611953,0.22168941863346847
cub_00152,occlusion,2,71,0.12870513142552228,0.22638212128076704
cub_00152,guided_backprop,2,71,0.020753194089047612,0.3077322508441284
cub_00159,gradcam,2,2,0.3131942927837371,0.7436520651448518
cub_00159,gradcam++,2,2,0.3774497205857188,0.7618577043060214
cub_00159,integrated_gradients,2,2,0.0758315286366269,0.38702902668155725
cub_00159,gradient_shap,2,2,0.06296825665049255,0.4741649762261658
cub_00159,occlusion,2,2,0.29105168408714227,0.6870933227706703
cub_00159,guided_backprop,2,2,0.031384248402900994,0.4756304428447037
cub_00170,gradcam,2,2,0.07394285690970717,0.9328695491421967
cub_00170,gradcam++,2,2,0.08644605702720583,0.9229889020789415
cub_00170,integrated_gradients,2,2,0.052849894971586764,0.812063157511875
cub_00170,gradient_shap,2,2,0.038558900565840305,0.8485598097089678
cub_00170,occlusion,2,2,0.06490658316761255,0.9307997182477264
cub_00170,guided_backprop,2,2,0.052277543069794784,0.7505182657856495
cub_00183,gradcam,3,3,0.37230439260019915,0.06397468160721471
cub_00183,gradcam++,3,3,0.4841101644502487,0.0778876694035716
cub_00183,integrated_gradients,3,3,0.022110768797574565,0.17633316373103297
cub_00183,gradient_shap,3,3,0.01906577085028403,0.1972257894172799
cub_00183,occlusion,3,3,0.10364061560831032,0.5453264668525662
cub_00183,guided_backprop,3,3,0.026766815333394336,0.2360364952881355
cub_00192,gradcam,3,3,0.277454315876821,0.829032587452093
cub_00192,gradcam++,3,3,0.30358315300545663,0.8686233041749802
cub_00192,integrated_gradients,3,3,0.04940462088561617,0.6703393485571723
cub_00192,gradient_shap,3,3,0.09223864133819007,0.6960257862403522
cub_00192,occlusion,3,3,0.12754943144391293,0.8622037611843553
cub_00192,guided_backprop,3,3,0.11808517099707388,0.48548765672021543
cub_00199,gradcam,3,3,0.17553387920488603,0.8727527431386987
cub_00199,gradcam++,3,3,0.1743356872641016,0.8589753178937826
cub_00199,integrated_gradients,3,3,0.05148077727644706,0.8461208055436146
cub_00199,gradient_shap,3,3,0.04917114572017453,0.8698156258033123
cub_00199,occlusion,3,3,0.12847763774334453,0.8922236647398677
cub_00199,guided_backprop,3,3,0.11358872500131839,0.8104980222822633
cub_00200,gradcam,3,3,0.27595657706842763,0.7506160333228763
cub_00200,gradcam++,3,3,0.30787225028616383,0.7939126314537133
cub_00200,integrated_gradients,3,3,0.0659253222576808,0.6915345041954424
cub_00200,gradient_shap,3,3,0.07273711501038634,0.7190623248170596
cub_00200,occlusion,3,3,0.16760442361119204,0.7823146982875187
cub_00200,guided_backprop,3,3,0.11068704833160155,0.7073806376138235
cub_00204,gradcam,3,3,0.07074522396433167,0.8298652313591447
cub_00204,gradcam++,3,3,0.08518026382080279,0.826317692635348
cub_00204,integrated_gradients,3,3,0.032943946908926595,0.8340251296700444
cub_00204,gradient_shap,3,3,0.034839104599086575,0.8488174043537583
cub_00204,occlusion,3,3,0.09449151796870864,0.8644589804054702
cub_00204,guided_backprop,3,3,0.03520746612339281,0.813112308824202
cub_00208,gradcam,3,3,0.03972586418385618,0.6884529994043986
cub_00208,gradcam++,3,3,0.048683374741813175,0.6828508597740437
cub_00208,integrated_gradients,3,3,0.06832382594584488,0.6384252058283891
cub_00208,gradient_shap,3,3,0.06532719900715166,0.6719986092706677
cub_00208,occlusion,3,3,0.07259710678481496,0.7994032679998782
cub_00208,guided_backprop,3,3,0.05559486809070223,0.7042310083226765
cub_00215,gradcam,3,3,0.12554786050459374,0.8007415668980685
cub_00215,gradcam++,3,3,0.1403281969658565,0.7670390863844659
cub_00215,integrated_gradients,3,3,0.06155299951205962,0.7377217609842773
cub_00215,gradient_shap,3,3,0.0855776476848405,0.795567552599823
cub_00215,occlusion,3,3,0.11920215591671879,0.8748359225632159
cub_00215,guided_backprop,3,3,0.12162441082182342,0.7898472897650208
cub_00220,gradcam,3,3,0.10258703175350092,0.7425063975097146
cub_00220,gradcam++,3,3,0.13763457695604303,0.7291437962499913
cub_00220,integrated_gradients,3,3,0.04030790244578385,0.746528631489491
cub_00220,gradient_shap,3,3,0.06357799309189431,0.7390973616798874
cub_00220,occlusion,3,3,0.15777329857810402,0.7743327714444604
cub_00220,guided_backprop,3,3,0.060617478698259224,0.6720086523273494
cub_00221,gradcam,3,3,0.03980738167301752,0.7981918068544473
cub_00221,gradcam++,3,3,0.0478048137447331,0.8092793957970571
cub_00221,integrated_gradients,3,3,0.028197491884930058,0.6654171047091949
cub_00221,gradient_shap,3,3,0.027954958513146267,0.6914714382903185
cub_00221,occlusion,3,3,0.03152111174422317,0.8276292405964341
cub_00221,guided_backprop,3,3,0.02806966282078065,0.7258894307713489
cub_00230,gradcam,3,26,0.374887564755045,0.032242474623490114
cub_00230,gradcam++,3,26,0.36089038548525426,0.03236774987308307
cub_00230,integrated_gradients,3,26,0.010037026918143965,0.09157798154628835
cub_00230,gradient_shap,3,26,0.009740332380170004,0.08368624639697372
cub_00230,occlusion,3,26,0.01390215321443975,0.18736395251471546
cub_00230,guided_backprop,3,26,0.010149837651988491,0.09407879041973502
cub_00234,gradcam,3,26,0.22345530528982638,0.1516377944732085
cub_00234,gradcam++,3,26,0.4389406027388759,0.1449594092322513
cub_00234,integrated_gradients,3,26,0.019229567138245328,0.38008735862094906
cub_00234,gradient_shap,3,26,0.01836482937214896,0.43691027548629796
cub_00234,occlusion,3,26,0.045966112054884434,0.3139686146983877
cub_00234,guided_backprop,3,26,0.01984285494545475,0.41702221340965484
cub_00236,gradcam,3,3,0.07192597888060848,0.8332155738200526
cub_00236,gradcam++,3,3,0.08059997032978573,0.8227328683657106
cub_00236,integrated_gradients,3,3,0.04137690644129179,0.6758407532412093
cub_00236,gradient_shap,3,3,0.07221159547916614,0.7306401870388072
cub_00236,occlusion,3,3,0.04243756511132232,0.9024601985991468
cub_00236,guided_backprop,3,3,0.05721240636776202,0.6561983073304872
cub_00240,gradcam,4,4,0.1870037384214811,0.8727135561755859
cub_00240,gradcam++,4,4,0.3462416969588958,0.8654242880991659
cub_00240,integrated_gradients,4,4,0.05011555982055142,0.6546483758487738
cub_00240,gradient_shap,4,4,0.037098932859953485,0.730828687956091
cub_00240,occlusion,4,4,0.06380794894648717,0.8481554072699509
cub_00240,guided_backprop,4,4,0.03554489419329912,0.6551878843805752
cub_00241,gradcam,4,4,0.16180894466815518,0.8265479617170058
cub_00241,gradcam++,4,4,0.26821403348585593,0.8232669048360549
cub_00241,integrated_gradients,4,4,0.14921461526537314,0.7428197875502519
cub_00241,gradient_shap,4,4,0.10837087332038207,0.7517443642369472
cub_00241,occlusion,4,4,0.10964877760270611,0.8473897837451659
cub_00241,guided_backprop,4,4,0.07239988710498438,0.8089627199224195
cub_00248,gradcam,4,4,0.30740295649738986,0.6071664688526651
cub_00248,gradcam++,4,4,0.5716616695164703,0.13518125856062396
cub_00248,integrated_gradients,4,4,0.03807920863619074,0.4927592271356843
cub_00248,gradient_shap,4,4,0.030720544507494195,0.53610458340263
cub_00248,occlusion,4,4,0.1552208796492778,0.7936597129213623
cub_00248,guided_backprop,4,4,0.03062044545076788,0.38761907428270204
cub_00258,gradcam,4,4,0.07183318525785581,0.6722982629085892
cub_00258,gradcam++,4,4,0.08077217320678756,0.6477907862863503
cub_00258,integrated_gradients,4,4,0.04118650953751059,0.6178688437095844
cub_00258,gradient_shap,4,4,0.030715654499363157,0.5832403406850062
cub_00258,occlusion,4,4,0.029633341392036525,0.6496025565429591
cub_00258,guided_backprop,4,4,0.02989417432108894,0.5308531724265776
cub_00260,gradcam,4,4,0.10181577148614451,0.8227692179731094
cub_00260,gradcam++,4,4,0.42573023386066783,0.5996095966896972
cub_00260,integrated_gradients,4,4,0.039793543738778685,0.7578627586713993
cub_00260,gradient_shap,4,4,0.03857864876044915,0.7661392091191375
cub_00260,occlusion,4,4,0.03335358820622787,0.7104199401452206
cub_00260,guided_backprop,4,4,0.030352896742988376,0.7242331490269862
cub_00268,gradcam,4,4,0.6691016634576955,0.08200127625605089
cub_00268,gradcam++,4,4,0.6747523493948394,0.07923579242778939
cub_00268,integrated_gradients,4,4,0.03472808967344462,0.598935263173189
cub_00268,gradient_shap,4,4,0.03280814299359918,0.5665451210341417
cub_00268,occlusion,4,4,0.03834390334086493,0.619338077341672
cub_00268,guided_backprop,4,4,0.03153662519762293,0.46975314248120414
cub_00271,gradcam,4,23,0.2101112703250692,0.02794239306786038
cub_00271,gradcam++,4,23,0.21854197135362483,0.029786873365446796
cub_00271,integrated_gradients,4,23,0.010737652152965895,0.19358238272070594
cub_00271,gradient_shap,4,23,0.010839020794446697,0.1826380856724427
cub_00271,occlusion,4,23,0.010703181501230575,0.2519460303166852
cub_00271,guided_backprop,4,23,0.010878235085328924,0.15514410330615647
cub_00273,gradcam,4,18,0.25254581902809153,0.026762393032913667
cub_00273,gradcam++,4,18,0.2506354855064274,0.026863208059148734
cub_00273,integrated_gradients,4,18,0.011082106538742663,0.27095203847602534
cub_00273,gradient_shap,4,18,0.010975102106385748,0.2933269326644221
cub_00273,occlusion,4,18,0.01034577843711304,0.24016228966756897
cub_00273,guided_backprop,4,18,0.01041663155301649,0.2070876063615287
cub_00277,gradcam,4,4,0.3566366143873892,0.8380761891021393
cub_00277,gradcam++,4,4,0.7684448395273649,0.3773293266422115
cub_00277,integrated_gradients,4,4,0.054112222034018484,0.7497857101610862
cub_00277,gradient_shap,4,4,0.056477534119039774,0.7716304276487791
cub_00277,occlusion,4,4,0.15211154109565542,0.8550277468166314
cub_00277,guided_backprop,4,4,0.06345897099236025,0.6138565007946453
cub_00287,gradcam,5,5,0.41052929287543516,0.8600503634777851
cub_00287,gradcam++,5,5,0.7446396409417503,0.843264342856128
cub_00287,integrated_gradients,5,5,0.04807858256390317,0.5224562787334435
cub_00287,gradient_shap,5,5,0.04239718347089366,0.5353069571894593
cub_00287,occlusion,5,5,0.20736512370640414,0.6412639161688276
cub_00287,guided_backprop,5,5,0.04189208341995254,0.5508715859265066
cub_00288,gradcam,5,5,0.11781200364930555,0.8495374238234945
cub_00288,gradcam++,5,5,0.2185259155347012,0.8701444430393166
cub_00288,integrated_gradients,5,5,0.0412684966926463,0.7504229565733113
cub_00288,gradient_shap,5,5,0.0372740788734518,0.7553251497098245
cub_00288,occlusion,5,5,0.15136589013272897,0.912660457205493
cub_00288,guided_backprop,5,5,0.04091181670082733,0.7512124297325499
cub_00292,gradcam,5,5,0.40211874080123383,0.7856253182631917
cub_00292,gradcam++,5,5,0.65890048322035,0.6486526740714907
cub_00292,integrated_gradients,5,5,0.03373530770186335,0.5225413533044048
cub_00292,gradient_shap,5,5,0.03432035517180338,0.5201006319955922
cub_00292,occlusion,5,5,0.14418037625728178,0.7396368721034376
cub_00292,guided_backprop,5,5,0.05772577292518691,0.5151915059541351
cub_00295,gradcam,5,5,0.17916970470687377,0.6925766963628119
cub_00295,gradcam++,5,5,0.3978540849289858,0.7169242657837458
cub_00295,integrated_gradients,5,5,0.027576191833941263,0.49709105975925927
cub_00295,gradient_shap,5,5,0.027767277491511783,0.6014210232184268
cub_00295,occlusion,5,5,0.2786899421480485,0.7141617827233858
cub_00295,guided_backprop,5,5,0.02777095452183858,0.5664057398331351
cub_00306,gradcam,5,5,0.2845659344166052,0.8486406337586232
cub_00306,gradcam++,5,5,0.2691807631228585,0.8038948655244894
cub_00306,integrated_gradients,5,5,0.039679490157868716,0.4643436664366163
cub_00306,gradient_shap,5,5,0.0636077323113568,0.4979961770470253
cub_00306,occlusion,5,5,0.2521106429514475,0.7894725924474186
cub_00306,guided_backprop,5,5,0.06535481022438035,0.4055058820988051
cub_00307,gradcam,5,5,0.630968671431765,0.15009656586626074
cub_00307,gradcam++,5,5,0.6808751856093296,0.12432117369899057
cub_00307,integrated_gradients,5,5,0.026093842973932625,0.6211056653992273
cub_00307,gradient_shap,5,5,0.027445351914502685,0.6385078739025629
cub_00307,occlusion,5,5,0.052522101282374944,0.7919926077243873
cub_00307,guided_backprop,5,5,0.05184378736885264,0.48334505228558555
cub_00313,gradcam,5,5,0.19424942686455324,0.8746658399817533
cub_00313,gradcam++,5,5,0.1521452770917677,0.8756524727796205
cub_00313,integrated_gradients,5,5,0.08082283743424343,0.6640941350604407
cub_00313,gradient_shap,5,5,0.09656676297308878,0.7276127891731448
cub_00313,occlusion,5,5,0.2853940013912507,0.6799767804914154
cub_00313,guided_backprop,5,5,0.05653814045945182,0.629537583014462
cub_00314,gradcam,5,5,0.09752409057691694,0.8068186119315215
cub_00314,gradcam++,5,5,0.2698968293203507,0.7761581778642721
cub_00314,integrated_gradients,5,5,0.03385230685817078,0.6785088714328595
cub_00314,gradient_shap,5,5,0.02920639041112736,0.6246340197627432
cub_00314,occlusion,5,5,0.24001684727845715,0.5853178871446288
cub_00314,guided_backprop,5,5,0.029769754444714632,0.6606170566868969
cub_00330,gradcam,6,6,0.14294622139641436,0.8511930892236707
cub_00330,gradcam++,6,6,0.14559983474246113,0.8509944410056051
cub_00330,integrated_gradients,6,6,0.030000464454496976,0.8341332319650973
cub_00330,gradient_shap,6,6,0.029962759673799157,0.8356533795238646
cub_00330,occlusion,6,6,0.05085692498760181,0.8978603377465333
cub_00330,guided_backprop,6,6,0.06793727099357057,0.7621968239101988
cub_00333,gradcam,6,6,0.08675035155538353,0.6510224630583251
cub_00333,gradcam++,6,6,0.07938202284494766,0.6559953499112452
cub_00333,integrated_gradients,6,6,0.08740416074797397,0.28692141031424395
cub_00333,gradient_shap,6,6,0.06440232876848315,0.32580894593775156
cub_00333,occlusion,6,6,0.16949276462473792,0.7035787583699856
cub_00333,guided_backprop,6,6,0.026175351038546072,0.3210657477837231
cub_00339,gradcam,6,6,0.12250124639467687,0.8563221363809135
cub_00339,gradcam++,6,6,0.11842075294334792,0.8743234507266606
cub_00339,integrated_gradients,6,6,0.038372123927547366,0.8812364980105485
cub_00339,gradient_shap,6,6,0.031134147778357147,0.8711490630630577
cub_00339,occlusion,6,6,0.07477297753139282,0.8905678167466249
cub_00339,guided_backprop,6,6,0.04362217716916348,0.8247749983791438
cub_00342,gradcam,6,6,0.12177126665701506,0.8268139734391297
cub_00342,gradcam++,6,6,0.1151044566060591,0.8432979031924333
cub_00342,integrated_gradients,6,6,0.060801939974044227,0.7373893060364933
cub_00342,gradient_shap,6,6,0.058002540474262794,0.7668311368201103
cub_00342,occlusion,6,6,0.0768231618560094,0.8138866511631933
cub_00342,guided_backprop,6,6,0.0665375957665674,0.6697283215347852
cub_00343,gradcam,6,6,0.10011454193372629,0.7960795040235097
cub_00343,gradcam++,6,6,0.09528482819659985,0.7796440122176136
cub_00343,integrated_gradients,6,6,0.0802450779818173,0.7368967278853233
cub_00343,gradient_shap,6,6,0.07792208619575833,0.7795406902201648
cub_00343,occlusion,6,6,0.06651651441861761,0.8323210924390879
cub_00343,guided_backprop,6,6,0.0961996613412339,0.6253553615410056
cub_00345,gradcam,6,6,0.03725070206492092,0.7878593340043154
cub_00345,gradcam++,6,6,0.029453251559607457,0.7697977512601939
cub_00345,integrated_gradients,6,6,0.02498500354049611,0.646354535640421
cub_00345,gradient_shap,6,6,0.024876267223589828,0.6867395337198103
cub_00345,occlusion,6,6,0.02448865780534106,0.7144689641419972
cub_00345,guided_backprop,6,6,0.023727397822221975,0.5852234941434289
cub_00346,gradcam,6,6,0.09915883456051232,0.8975140287999239
cub_00346,gradcam++,6,6,0.10567229312073327,0.8937420144204224
cub_00346,integrated_gradients,6,6,0.0550775881849404,0.7598852134768094
cub_00346,gradient_shap,6,6,0.05133730252200622,0.7918528221074667
cub_00346,occlusion,6,6,0.034574124891514665,0.7881335861507979
cub_00346,guided_backprop,6,6,0.03717987401687423,0.8060638024930086
cub_00356,gradcam,6,6,0.174189393530105,0.8553620845072146
cub_00356,gradcam++,6,6,0.18963248873988053,0.8621701512711297
cub_00356,integrated_gradients,6,6,0.035935601396340645,0.6830585239913488
cub_00356,gradient_shap,6,6,0.03198477721816743,0.713204614584538
cub_00356,occlusion,6,6,0.14254030961237732,0.8437754310194577
cub_00356,guided_backprop,6,6,0.026238584162638297,0.5435513650525535
cub_00360,gradcam,6,6,0.3282022327119194,0.8918029806103733
cub_00360,gradcam++,6,6,0.34187404656477166,0.8662205807391729
cub_00360,integrated_gradients,6,6,0.030678696231188952,0.8528726234559144
cub_00360,gradient_shap,6,6,0.03298631199504598,0.8858962717924442
cub_00360,occlusion,6,6,0.2845212019768951,0.9471812814001168
cub_00360,guided_backprop,6,6,0.07397438046682511,0.8806477330152119
cub_00367,gradcam,6,6,0.4314260652048688,0.2045015897361736
cub_00367,gradcam++,6,6,0.4766010203042243,0.17439301895719833
cub_00367,integrated_gradients,6,6,0.035106116119277435,0.4318038972203794
cub_00367,gradient_shap,6,6,0.0212565346089832,0.40374128667099285
cub_00367,occlusion,6,6,0.07794432083537686,0.5052496898446407
cub_00367,guided_backprop,6,6,0.04080122327941354,0.38283776461539676
cub_00373,gradcam,6,6,0.19288310876509057,0.44143455679222826
cub_00373,gradcam++,6,6,0.3216894745586615,0.21423874024694667
cub_00373,integrated_gradients,6,6,0.08710320030440927,0.594589667137916
cub_00373,gradient_shap,6,6,0.045075296790309964,0.6849411586990755
cub_00373,occlusion,6,6,0.040806236920616364,0.5611039292816713
cub_00373,guided_backprop,6,6,0.05505803194173496,0.5473535013843502
cub_00385,gradcam,7,7,0.07423824286088349,0.773196795656986
cub_00385,gradcam++,7,7,0.1300027193225106,0.7100692084335606
cub_00385,integrated_gradients,7,7,0.026272507500107168,0.790765572739474
cub_00385,gradient_shap,7,7,0.0307692979768035,0.8014378818028489
cub_00385,occlusion,7,7,0.026134774305683096,0.8754335204648668
cub_00385,guided_backprop,7,7,0.033612916957645206,0.8136413938642364
cub_00388,gradcam,7,7,0.16314280277147197,0.7912630203107256
cub_00388,gradcam++,7,7,0.17593959815276322,0.7798733164308942
cub_00388,integrated_gradients,7,7,0.028338191837247,0.45632702984585194
cub_00388,gradient_shap,7,7,0.029438517322705596,0.49995473102171667
cub_00388,occlusion,7,7,0.1307319390572957,0.7630805456530653
cub_00388,guided_backprop,7,7,0.04545273834228283,0.4577417634267476
cub_00392,gradcam,7,44,0.10319457482546568,0.11106789596378802
cub_00392,gradcam++,7,44,0.10638242010027171,0.09995090537704529
cub_00392,integrated_gradients,7,44,0.027105135191231963,0.158329460490495
cub_00392,gradient_shap,7,44,0.054003027174621826,0.13611824791878466
cub_00392,occlusion,7,44,0.02573956657433882,0.0877866541966796
cub_00392,guided_backprop,7,44,0.06415507830679418,0.13709954377263786
cub_00393,gradcam,7,7,0.08927050892525586,0.504998012566648
cub_00393,gradcam++,7,7,0.06700336044305004,0.5122406482041697
cub_00393,integrated_gradients,7,7,0.02893380029563559,0.5749925843483652
cub_00393,gradient_shap,7,7,0.0303627408851753,0.5813275151929702
cub_00393,occlusion,7,7,0.03917321641783929,0.6186093062438885
cub_00393,guided_backprop,7,7,0.030533912619284825,0.4867784070127527
cub_00398,gradcam,7,7,0.19025687570465377,0.701114341923676
cub_00398,gradcam++,7,7,0.41485013531491866,0.43054295285692207
cub_00398,integrated_gradients,7,7,0.034338838844269054,0.5985096167118171
cub_00398,gradient_shap,7,7,0.03270493722957327,0.651583745823882
cub_00398,occlusion,7,7,0.08681141721463066,0.7759641044583987
cub_00398,guided_backprop,7,7,0.040851973723329126,0.5457145883978228
cub_00399,gradcam,7,7,0.12393929496611236,0.8395447700793739
cub_00399,gradcam++,7,7,0.10991990422189703,0.8333069051310302
cub_00399,integrated_gradients,7,7,0.030998348123102915,0.7506516813460621
cub_00399,gradient_shap,7,7,0.029116141579288525,0.7628116027379291
cub_00399,occlusion,7,7,0.0332398322512745,0.8917774851710418
cub_00399,guided_backprop,7,7,0.02827860428515123,0.643703212418768
cub_00418,gradcam,7,7,0.10618688779650257,0.874256757069088
cub_00418,gradcam++,7,7,0.09963942621980096,0.8713637802211451
cub_00418,integrated_gradients,7,7,0.03198309126746608,0.7899139393863153
cub_00418,gradient_shap,7,7,0.03316559847880853,0.8149781299100141
cub_00418,occlusion,7,7,0.0718550695848535,0.9153265564978939
cub_00418,guided_backprop,7,7,0.035915532275976145,0.8742588938490372
cub_00419,gradcam,7,7,0.12324291685799836,0.5831408278361777
cub_00419,gradcam++,7,7,0.2070092183115776,0.21634710085490944
cub_00419,integrated_gradients,7,7,0.025367761861707548,0.7086211692003417
cub_00419,gradient_shap,7,7,0.025857885587902273,0.6637395372774335
cub_00419,occlusion,7,7,0.04312715412670513,0.7363977830435033
cub_00419,guided_backprop,7,7,0.02649307952815434,0.5884938614020939
cub_00421,gradcam,7,7,0.39287727160699437,0.08086473524163008
cub_00421,gradcam++,7,7,0.38720644347049527,0.11463372598809653
cub_00421,integrated_gradients,7,7,0.017100550608302,0.209251648413192
cub_00421,gradient_shap,7,7,0.015177690192649607,0.23702096024499042
cub_00421,occlusion,7,7,0.031083706386561973,0.19682226764707592
cub_00421,guided_backprop,7,7,0.017907594928692563,0.3770050542705576
cub_00425,gradcam,8,8,0.03617216957500205,0.8272417990840039
cub_00425,gradcam++,8,8,0.038127593498211355,0.8115432760096156
cub_00425,integrated_gradients,8,8,0.03681928996229544,0.3565521072479896
cub_00425,gradient_shap,8,8,0.03325849574757741,0.43887438754318275
cub_00425,occlusion,8,8,0.0252908844704507,0.7060482515371405
cub_00425,guided_backprop,8,8,0.026791990653146063,0.31846371873980384
cub_00429,gradcam,8,9,0.1607643879018724,0.07668169173412023
cub_00429,gradcam++,8,9,0.14207009030506018,0.0746598754543811
cub_00429,integrated_gradients,8,9,0.01265065693296492,0.15007178819505498
cub_00429,gradient_shap,8,9,0.016125350748188792,0.15276669259183112
cub_00429,occlusion,8,9,0.048174483166076254,0.23235227572731673
cub_00429,guided_backprop,8,9,0.012045242486055941,0.13009638623334469
cub_00433,gradcam,8,29,0.22718766666948795,0.7069617867178749
cub_00433,gradcam++,8,29,0.5398365363245831,0.28470283655915407
cub_00433,integrated_gradients,8,29,0.045433062082156535,0.661487762024626
cub_00433,gradient_shap,8,29,0.08553642302285878,0.6262894285842776
cub_00433,occlusion,8,29,0.14377527087926864,0.4164713272824883
cub_00433,guided_backprop,8,29,0.12098356042988599,0.28931550970155506
cub_00438,gradcam,8,48,0.53060944249155,0.09597046809503806
cub_00438,gradcam++,8,48,0.5083408320439049,0.14037841301178558
cub_00438,integrated_gradients,8,48,0.018562654347624632,0.46911159685114395
cub_00438,gradient_shap,8,48,0.018613708333577964,0.4386373711400665
cub_00438,occlusion,8,48,0.024094849871471525,0.35664794013137
cub_00438,guided_backprop,8,48,0.023882368713384495,0.3581407999270596
cub_00439,gradcam,8,26,0.03493338999105618,0.6162824758561328
cub_00439,gradcam++,8,26,0.35258745913160966,0.11541651957668361
cub_00439,integrated_gradients,8,26,0.025539976591244344,0.41022452246397734
cub_00439,gradient_shap,8,26,0.02360791047103703,0.38947559655643993
cub_00439,occlusion,8,26,0.021099046000745147,0.3815898101078346
cub_00439,guided_backprop,8,26,0.02223521461710334,0.27064334519673133
cub_00443,gradcam,8,133,0.04070916708733421,0.7216451236046851
cub_00443,gradcam++,8,133,0.040277711919043224,0.8280114566441625
cub_00443,integrated_gradients,8,133,0.02647130464902148,0.5652978509198874
cub_00443,gradient_shap,8,133,0.025952513038646433,0.5958529921248557
cub_00443,occlusion,8,133,0.06408335029846059,0.6982816481031477
cub_00443,guided_backprop,8,133,0.026726757374126466,0.514660884696059
cub_00444,gradcam,8,8,0.5919316289830022,0.10447885495377701
cub_00444,gradcam++,8,8,0.6253520379657858,0.11152962507912884
cub_00444,integrated_gradients,8,8,0.05614469185238704,0.7110586555558257
cub_00444,gradient_shap,8,8,0.034424267767462886,0.7440943545545452
cub_00444,occlusion,8,8,0.03412006575963459,0.6910780175006949
cub_00444,guided_backprop,8,8,0.02828490432584658,0.6146383036277258
cub_00466,gradcam,8,8,0.2277184027247131,0.035584198741707936
cub_00466,gradcam++,8,8,0.2194167540059425,0.04096134885912759
cub_00466,integrated_gradients,8,8,0.023068303626496346,0.06081595815485342
cub_00466,gradient_shap,8,8,0.0209819418261759,0.06762672069016842
cub_00466,occlusion,8,8,0.01633899508742616,0.3134718780289404
cub_00466,guided_backprop,8,8,0.017356552853016186,0.09060533874435349
cub_00479,gradcam,8,8,0.19826676308875907,0.7693644268787465
cub_00479,gradcam++,8,8,0.1617097288952209,0.6816447000368498
cub_00479,integrated_gradients,8,8,0.028427317913156003,0.5954299812554382
cub_00479,gradient_shap,8,8,0.024548753013368695,0.5637908494914882
cub_00479,occlusion,8,8,0.050138381973374634,0.7239391429699026
cub_00479,guided_backprop,8,8,0.025712948397267607,0.3972036686143838
cub_00480,gradcam,8,8,0.1612750227446668,0.8312055054237135
cub_00480,gradcam++,8,8,0.14843989926157522,0.8147844680934214
cub_00480,integrated_gradients,8,8,0.0483655495219864,0.7556640674243681
cub_00480,gradient_shap,8,8,0.03875549664953723,0.77379394689342
cub_00480,occlusion,8,8,0.07610624327789994,0.9340154810226523
cub_00480,guided_backprop,8,8,0.03419375639641658,0.7143875640234909
cub_00481,gradcam,8,26,0.1512099662097171,0.08194098204839974
cub_00481,gradcam++,8,26,0.13740985554177315,0.09047218647319823
cub_00481,integrated_gradients,8,26,0.016616297943983227,0.06982470197835937
cub_00481,gradient_shap,8,26,0.012618111772462724,0.07144074089592321
cub_00481,occlusion,8,26,0.0331113240448758,0.06456432889681307
cub_00481,guided_backprop,8,26,0.01577671616105363,0.06121086176717653
cub_00482,gradcam,8,48,0.5069903201656416,0.060915282375208296
cub_00482,gradcam++,8,48,0.4779267898993568,0.05927289394021497
cub_00482,integrated_gradients,8,48,0.019991129866684786,0.19526394078275186
cub_00482,gradient_shap,8,48,0.020997793070273475,0.17817102868575602
cub_00482,occlusion,8,48,0.021030655631329862,0.6454278116696515
cub_00482,guided_backprop,8,48,0.020194023958174517,0.20978402295149862
cub_00489,gradcam,9,9,0.07253699185675942,0.8527405068743975
cub_00489,gradcam++,9,9,0.06783681811211864,0.8532635674346238
cub_00489,integrated_gradients,9,9,0.03713552637491376,0.7775195077527314
cub_00489,gradient_shap,9,9,0.030175189278088516,0.7713074148166924
cub_00489,occlusion,9,9,0.02632454183476511,0.8760565177071841
cub_00489,guided_backprop,9,9,0.03174168600526173,0.8206628490705044
cub_00491,gradcam,9,9,0.027916147798532624,0.9256018907297403
cub_00491,gradcam++,9,9,0.029037486243760218,0.930141007946804
cub_00491,integrated_gradients,9,9,0.03344641682924703,0.7824978920165448
cub_00491,gradient_shap,9,9,0.031090346432756637,0.8544851273763924
cub_00491,occlusion,9,9,0.027230297157075256,0.9352628142107277
cub_00491,guided_backprop,9,9,0.03227645463775844,0.6505619073752312
cub_00498,gradcam,9,9,0.027781360241351655,0.8229852557647973
cub_00498,gradcam++,9,9,0.08288238081731834,0.7823676111991518
cub_00498,integrated_gradients,9,9,0.022373688145307827,0.7060830727685242
cub_00498,gradient_shap,9,9,0.020531323473551313,0.7068334401119502
cub_00498,occlusion,9,9,0.019145167118404062,0.678274367796257
cub_00498,guided_backprop,9,9,0.02017722778837197,0.6294940665829926
cub_00502,gradcam,9,9,0.07497449733346004,0.9503780141938478
cub_00502,gradcam++,9,9,0.07248746010009201,0.9506897613871842
cub_00502,integrated_gradients,9,9,0.1614327378221788,0.8330404088366776
cub_00502,gradient_shap,9,9,0.14346329800318927,0.7983137652743609
cub_00502,occlusion,9,9,0.11080655321711677,0.8755945595912635
cub_00502,guided_backprop,9,9,0.08687118536327036,0.7879877921659498
cub_00506,gradcam,9,9,0.03816507883602754,0.9019962177146226
cub_00506,gradcam++,9,9,0.0443463231669739,0.8990669355262071
cub_00506,integrated_gradients,9,9,0.06597306872718037,0.7869171797297896
cub_00506,gradient_shap,9,9,0.035762383847031745,0.816656788205728
cub_00506,occlusion,9,9,0.03729978379851673,0.8039560167584568
cub_00506,guided_backprop,9,9,0.03906681204680354,0.7765597951132804
cub_00515,gradcam,9,9,0.06598986222525127,0.8959100813139229
cub_00515,gradcam++,9,9,0.06434301668195985,0.8934922874439508
cub_00515,integrated_gradients,9,9,0.02755492608994246,0.8961297765839845
cub_00515,gradient_shap,9,9,0.027607772004557777,0.8801828787196428
cub_00515,occlusion,9,9,0.0272005639388226,0.8876563668716699
cub_00515,guided_backprop,9,9,0.026422941552300478,0.8242286675143988
cub_00520,gradcam,9,9,0.08860377343371513,0.9097590148914605
cub_00520,gradcam++,9,9,0.09590379467699675,0.9089728594291956
cub_00520,integrated_gradients,9,9,0.14068479015259072,0.9001987725961953
cub_00520,gradient_shap,9,9,0.11032945942133666,0.8648233488667756
cub_00520,occlusion,9,9,0.2640324491076172,0.9120209724176676
cub_00520,guided_backprop,9,9,0.05071470576804131,0.8768769145477565
cub_00524,gradcam,9,9,0.06426555580110288,0.9025181815493851
cub_00524,gradcam++,9,9,0.06737309795862531,0.8980389461386947
cub_00524,integrated_gradients,9,9,0.08129858082393185,0.8079839165322483
cub_00524,gradient_shap,9,9,0.09315594887593762,0.8119149685837328
cub_00524,occlusion,9,9,0.03702338215662166,0.9256915376055986
cub_00524,guided_backprop,9,9,0.06211942256195471,0.8486598399002104
cub_00529,gradcam,9,9,0.11184197606053205,0.9287619203794747
cub_00529,gradcam++,9,9,0.09602194995386527,0.9305705339182168
cub_00529,integrated_gradients,9,9,0.15143915786175058,0.8102867290843278
cub_00529,gradient_shap,9,9,0.11453691814094784,0.82547053755261
cub_00529,occlusion,9,9,0.03326044727582485,0.9330784947145729
cub_00529,guided_backprop,9,9,0.14358717795694248,0.8309979035053402
cub_00533,gradcam,9,9,0.0700790268398123,0.9552269235718996
cub_00533,gradcam++,9,9,0.06908276249014306,0.9544311002362519
cub_00533,integrated_gradients,9,9,0.033883279503788805,0.8972429346758873
cub_00533,gradient_shap,9,9,0.03934881659224629,0.9003719041589648
cub_00533,occlusion,9,9,0.03165296036750078,0.9584906295407564
cub_00533,guided_backprop,9,9,0.03415874578640797,0.8430649157147855
cub_00536,gradcam,9,9,0.029243687097914518,0.9205125824082642
cub_00536,gradcam++,9,9,0.028862664807820692,0.9212559745181351
cub_00536,integrated_gradients,9,9,0.029471121332608166,0.872504559205845
cub_00536,gradient_shap,9,9,0.027918761677574365,0.8678922716993839
cub_00536,occlusion,9,9,0.030156652384903285,0.9126690552104265
cub_00536,guided_backprop,9,9,0.03635193961672486,0.9108009890187531
cub_00542,gradcam,9,9,0.07555968191009015,0.9328650966752321
cub_00542,gradcam++,9,9,0.07616088636568746,0.9328250661958007
cub_00542,integrated_gradients,9,9,0.02850279664853588,0.8642573897261172
cub_00542,gradient_shap,9,9,0.028116172319278123,0.8915774137247353
cub_00542,occlusion,9,9,0.027291347878053786,0.9295522287953645
cub_00542,guided_backprop,9,9,0.03295802924549207,0.8369423285592348
cub_00544,gradcam,10,8,0.03084540675627068,0.8719320623553358
cub_00544,gradcam++,10,8,0.0416914816829376,0.7914324043667875
cub_00544,integrated_gradients,10,8,0.03188508383464068,0.714368426182773
cub_00544,gradient_shap,10,8,0.028765675431350248,0.7449228589306586
cub_00544,occlusion,10,8,0.031968898919876663,0.8709602592862211
cub_00544,guided_backprop,10,8,0.027854566741734744,0.6158703415072523
cub_00547,gradcam,10,10,0.05986626730755234,0.1384726067537485
cub_00547,gradcam++,10,10,0.16192219485983514,0.10012082746525262
cub_00547,integrated_gradients,10,10,0.039042234536645994,0.4242908690206605
cub_00547,gradient_shap,10,10,0.027063449087472696,0.39608186335190115
cub_00547,occlusion,10,10,0.044839689069158334,0.3918987299834043
cub_00547,guided_backprop,10,10,0.03431857436316932,0.32716979159686155
cub_00550,gradcam,10,10,0.16115205002224683,0.7731358900253327
cub_00550,gradcam++,10,10,0.19821163515389342,0.696693967643114
cub_00550,integrated_gradients,10,10,0.05537198922775134,0.7966241508513122
cub_00550,gradient_shap,10,10,0.032875032582705896,0.7430280445574681
cub_00550,occlusion,10,10,0.049648410757981765,0.8409826799435904
cub_00550,guided_backprop,10,10,0.029801231977216965,0.7626945808873642
cub_00553,gradcam,10,48,0.2682375832053367,0.31373429141240194
cub_00553,gradcam++,10,48,0.5242523633292876,0.17158076319610702
cub_00553,integrated_gradients,10,48,0.03093717385781929,0.3872883033123799
cub_00553,gradient_shap,10,48,0.027720931445946922,0.48232652964070444
cub_00553,occlusion,10,48,0.08466997788054868,0.7289055833243764
cub_00553,guided_backprop,10,48,0.027556970634032042,0.3990223611355759
cub_00564,gradcam,10,2,0.3512805102858692,0.09795105950906872
cub_00564,gradcam++,10,2,0.3229432089719921,0.08874176279641688
cub_00564,integrated_gradients,10,2,0.018329545040614903,0.17153426134027536
cub_00564,gradient_shap,10,2,0.0164374305633828,0.15356457768939435
cub_00564,occlusion,10,2,0.17543620043434205,0.23355804919265213
cub_00564,guided_backprop,10,2,0.011947931884787977,0.13106987457722427
cub_00566,gradcam,10,10,0.2693434569979218,0.6658394389802197
cub_00566,gradcam++,10,10,0.29049313249943226,0.6231978743155195
cub_00566,integrated_gradients,10,10,0.028220150136075973,0.5638141182856998
cub_00566,gradient_shap,10,10,0.029308977792425136,0.5469934590271806
cub_00566,occlusion,10,10,0.15519105649018458,0.7245286640647464
cub_00566,guided_backprop,10,10,0.030444842848555708,0.5253843175707517
cub_00572,gradcam,10,10,0.11747292913878483,0.8131394638092387
cub_00572,gradcam++,10,10,0.5561485737105614,0.37456701871578835
cub_00572,integrated_gradients,10,10,0.06331205248079642,0.8128194001381416
cub_00572,gradient_shap,10,10,0.04762932372341312,0.8627151465329007
cub_00572,occlusion,10,10,0.04992234187757276,0.8763169806328734
cub_00572,guided_backprop,10,10,0.03996415882083966,0.8216730562848169
cub_00573,gradcam,10,10,0.08652685114375344,0.5610879240741269
cub_00573,gradcam++,10,10,0.06880197633672651,0.4296468034686768
cub_00573,integrated_gradients,10,10,0.04686238297090313,0.5408555828378667
cub_00573,gradient_shap,10,10,0.04526457709380339,0.5793717159534936
cub_00573,occlusion,10,10,0.028701447503226517,0.6698637795978357
cub_00573,guided_backprop,10,10,0.030033109188116216,0.6075486033101697
cub_00583,gradcam,10,106,0.1571815904637333,0.3516580566356424
cub_00583,gradcam++,10,106,0.5444550505897495,0.05507772800629024
cub_00583,integrated_gradients,10,106,0.026297452072321904,0.6106109675194603
cub_00583,gradient_shap,10,106,0.025980904750758784,0.5786875451623927
cub_00583,occlusion,10,106,0.03587067605112679,0.5969253110291902
cub_00583,guided_backprop,10,106,0.0297906605002936,0.4127183985576266
cub_00591,gradcam,10,10,0.663589423661506,0.09057244652594813
cub_00591,gradcam++,10,10,0.6886053314427044,0.08655969764095058
cub_00591,integrated_gradients,10,10,0.028686353249395325,0.8563572381501218
cub_00591,gradient_shap,10,10,0.02957554532858922,0.8189770044637045
cub_00591,occlusion,10,10,0.035755815114134754,0.9120925715071281
cub_00591,guided_backprop,10,10,0.03356846181504808,0.7405411915731747
cub_00598,gradcam,10,10,0.13480050610105535,0.6557084811031018
cub_00598,gradcam++,10,10,0.27179529093937166,0.5176153395203072
cub_00598,integrated_gradients,10,10,0.0325342262041886,0.7331553318328589
cub_00598,gradient_shap,10,10,0.029318874771161067,0.7776064244384543
cub_00598,occlusion,10,10,0.06521601346921671,0.7430831633793786
cub_00598,guided_backprop,10,10,0.029759203221510693,0.6202725425007883
cub_00599,gradcam,10,10,0.25096574019353285,0.10185963170897588
cub_00599,gradcam++,10,10,0.4806980274059243,0.09919913178036946
cub_00599,integrated_gradients,10,10,0.028877334767639703,0.5321116233122666
cub_00599,gradient_shap,10,10,0.027478640168010316,0.5228854665469044
cub_00599,occlusion,10,10,0.06201427002106358,0.6619028682524003
cub_00599,guided_backprop,10,10,0.034532235335245784,0.6530796619941611
cub_00606,gradcam,11,11,0.10961192264221609,0.9143253399408423
cub_00606,gradcam++,11,11,0.11765323042636738,0.9077016817755067
cub_00606,integrated_gradients,11,11,0.038843422650825236,0.8046576550579629
cub_00606,gradient_shap,11,11,0.031141670502256597,0.8548480067751371
cub_00606,occlusion,11,11,0.09749681962421165,0.9030775687075219
cub_00606,guided_backprop,11,11,0.06481261925073342,0.5692090936237946
cub_00610,gradcam,11,11,0.12208432448096575,0.8669736391282642
cub_00610,gradcam++,11,11,0.11938170451903718,0.8662824755883777
cub_00610,integrated_gradients,11,11,0.03482329840189777,0.8081456482061184
cub_00610,gradient_shap,11,11,0.031424298486672345,0.798389993957244
cub_00610,occlusion,11,11,0.11681055965600536,0.8367655098554677
cub_00610,guided_backprop,11,11,0.035587610839866106,0.7738653725595215
cub_00622,gradcam,11,10,0.08003845490693492,0.013125779901929485
cub_00622,gradcam++,11,10,0.08003152075925755,0.02015601585499098
cub_00622,integrated_gradients,11,10,0.007203959806975037,0.046622332688457384
cub_00622,gradient_shap,11,10,0.005817244064564874,0.08140454537879122
cub_00622,occlusion,11,10,0.006193857952348482,0.03888746946558967
cub_00622,guided_backprop,11,10,0.009626222979750309,0.045804991374643576
cub_00633,gradcam,11,11,0.05228586271405219,0.917069334385451
cub_00633,gradcam++,11,11,0.03337635096395389,0.9167683547711932
cub_00633,integrated_gradients,11,11,0.05468061038409361,0.878713415178936
cub_00633,gradient_shap,11,11,0.06109722425462679,0.8739828315447083
cub_00633,occlusion,11,11,0.21974679940612987,0.7938140279962682
cub_00633,guided_backprop,11,11,0.030101727973669768,0.8247481846250594
cub_00639,gradcam,11,11,0.11684794628527016,0.9341121411300264
cub_00639,gradcam++,11,11,0.11339493509149179,0.9337826526141726
cub_00639,integrated_gradients,11,11,0.0388392179622315,0.8494292956194841
cub_00639,gradient_shap,11,11,0.052421149436850105,0.8803022817126477
cub_00639,occlusion,11,11,0.12458703747252002,0.9163762754178605
cub_00639,guided_backprop,11,11,0.0530607063905336,0.7911370529211126
cub_00640,gradcam,11,11,0.05455246601486578,0.8828477196744644
cub_00640,gradcam++,11,11,0.04666642409283667,0.8878300769603812
cub_00640,integrated_gradients,11,11,0.029557087883586065,0.9249793580151162
cub_00640,gradient_shap,11,11,0.030516878748312593,0.9228680482483469
cub_00640,occlusion,11,11,0.03623527076561004,0.8909188607125543
cub_00640,guided_backprop,11,11,0.037746399652678515,0.8668609639978968
cub_00641,gradcam,11,97,0.09189002980274383,0.014452956432069182
cub_00641,gradcam++,11,97,0.09874215765885311,0.01380838165787281
cub_00641,integrated_gradients,11,97,0.006578669465670829,0.08187990437872938
cub_00641,gradient_shap,11,97,0.00702970649144845,0.07349983489402803
cub_00641,occlusion,11,97,0.006629552035883534,0.17751631653663935
cub_00641,guided_backprop,11,97,0.008710851993237158,0.08609111999539892
cub_00642,gradcam,11,11,0.09861830006120727,0.9001060912734828
cub_00642,gradcam++,11,11,0.10418083701515571,0.9004314205027185
cub_00642,integrated_gradients,11,11,0.03074337028665468,0.8991749411798082
cub_00642,gradient_shap,11,11,0.03122246358543635,0.8967787352739833
cub_00642,occlusion,11,11,0.06646150475135075,0.9406077733612619
cub_00642,guided_backprop,11,11,0.07296832479769365,0.8834058700478635
cub_00645,gradcam,11,11,0.1614459204487503,0.888698738941457
cub_00645,gradcam++,11,11,0.15729467011988166,0.88989510362735
cub_00645,integrated_gradients,11,11,0.0390133687411435,0.8850200282759033
cub_00645,gradient_shap,11,11,0.04330292354570703,0.8896637378609741
cub_00645,occlusion,11,11,0.12803541308967398,0.9360090157366359
cub_00645,guided_backprop,11,11,0.06349565709242598,0.85846332780784
cub_00654,gradcam,11,11,0.10172546250978484,0.9087890874012373
cub_00654,gradcam++,11,11,0.08907713388325647,0.9084285317338072
cub_00654,integrated_gradients,11,11,0.05477549376664684,0.859038919059094
cub_00654,gradient_shap,11,11,0.0327663162839599,0.9441917142248712
cub_00654,occlusion,11,11,0.03723506203386933,0.9482988855219445
cub_00654,guided_backprop,11,11,0.03749599378788843,0.8641604590578935
cub_00656,gradcam,11,11,0.09402348092116883,0.7197881269152278
cub_00656,gradcam++,11,11,0.0957981925806962,0.6983760321512819
cub_00656,integrated_gradients,11,11,0.0329099023132585,0.6258545915479771
cub_00656,gradient_shap,11,11,0.0341017923085019,0.5377083083381876
cub_00656,occlusion,11,11,0.07483952407492327,0.8021362786763347
cub_00656,guided_backprop,11,11,0.039595534873660666,0.5023095833486877
cub_00660,gradcam,12,12,0.21604387889383367,0.8715044227894395
cub_00660,gradcam++,12,12,0.1931058512767777,0.8729965289589018
cub_00660,integrated_gradients,12,12,0.028760734500247055,0.8114150209585204
cub_00660,gradient_shap,12,12,0.02894428786239587,0.79944624962518
cub_00660,occlusion,12,12,0.21871639436576515,0.8639048160519451
cub_00660,guided_backprop,12,12,0.07934698290919188,0.6152247144724242
cub_00663,gradcam,12,12,0.5112368763890118,0.8018037514644676
cub_00663,gradcam++,12,12,0.5631129808258265,0.613948379282374
cub_00663,integrated_gradients,12,12,0.0345549987629056,0.5113740606233478
cub_00663,gradient_shap,12,12,0.03661127011291682,0.5203838413115591
cub_00663,occlusion,12,12,0.10580678430851549,0.6919845425058156
cub_00663,guided_backprop,12,12,0.05179504912812264,0.4518978978390805
cub_00664,gradcam,12,136,0.1894743103039218,0.07250225013995075
cub_00664,gradcam++,12,136,0.20417095273442104,0.07242465814633758
cub_00664,integrated_gradients,12,136,0.013673540003765085,0.24470806448662188
cub_00664,gradient_shap,12,136,0.013717039414768806,0.2245834045083029
cub_00664,occlusion,12,136,0.014235061084036714,0.2967460869782371
cub_00664,guided_backprop,12,136,0.013222995804972017,0.18923776169249323
cub_00666,gradcam,12,12,0.035289333574473856,0.7226061427500098
cub_00666,gradcam++,12,12,0.05793601812329143,0.7187573523726315
cub_00666,integrated_gradients,12,12,0.028732884209603075,0.4158150271046907
cub_00666,gradient_shap,12,12,0.03607344054616987,0.509689734922722
cub_00666,occlusion,12,12,0.029365169350057844,0.7233620194252579
cub_00666,guided_backprop,12,12,0.028076367813628177,0.6016316402237865
cub_00673,gradcam,12,12,0.06964877652935685,0.8379762054886669
cub_00673,gradcam++,12,12,0.21983624882996083,0.7419771508779375
cub_00673,integrated_gradients,12,12,0.03080933943856508,0.8610727162566034
cub_00673,gradient_shap,12,12,0.03102694530971349,0.8816388757433741
cub_00673,occlusion,12,12,0.07047002837061883,0.8637148828711362
cub_00673,guided_backprop,12,12,0.04005566966952757,0.8463920847978443
cub_00683,gradcam,12,12,0.05770394428400323,0.7330467057705391
cub_00683,gradcam++,12,12,0.06564949286403134,0.7442181261256338
cub_00683,integrated_gradients,12,12,0.026325506283319554,0.8357093782629816
cub_00683,gradient_shap,12,12,0.02617259492108133,0.8302262098994106
cub_00683,occlusion,12,12,0.0325298079289496,0.8813239546027034
cub_00683,guided_backprop,12,12,0.02894680198514834,0.8268764094915241
cub_00697,gradcam,12,12,0.3205485710408539,0.7266194523777812
cub_00697,gradcam++,12,12,0.3585244655143469,0.804538601776585
cub_00697,integrated_gradients,12,12,0.02813810993393417,0.745388675900176
cub_00697,gradient_shap,12,12,0.02793566727486904,0.7236124856863171
cub_00697,occlusion,12,12,0.0844252515817061,0.8614768104162067
cub_00697,guided_backprop,12,12,0.032524606453080196,0.6371612628689036
cub_00699,gradcam,12,12,0.16550512942485512,0.9282736377324909
cub_00699,gradcam++,12,12,0.1624546634964645,0.9168907658662646
cub_00699,integrated_gradients,12,12,0.03366742907091975,0.8916970345657319
cub_00699,gradient_shap,12,12,0.03528670654632152,0.8843127728905528
cub_00699,occlusion,12,12,0.14097076365724207,0.9149341033305973
cub_00699,guided_backprop,12,12,0.07504755011759698,0.8481810607016086
cub_00701,gradcam,12,12,0.1147284496575594,0.8091925696935506
cub_00701,gradcam++,12,12,0.11893514138646424,0.8097294257488103
cub_00701,integrated_gradients,12,12,0.027469584974460306,0.7842190293129534
cub_00701,gradient_shap,12,12,0.027551753778243433,0.7747341950889677
cub_00701,occlusion,12,12,0.03494320989120751,0.8131539435591548
cub_00701,guided_backprop,12,12,0.03245538190094521,0.76592255695723
cub_00710,gradcam,12,12,0.43558391663245855,0.07185280451085416
cub_00710,gradcam++,12,12,0.4250636290293187,0.061905163689516464
cub_00710,integrated_gradients,12,12,0.020030708058038724,0.2643621027935296
cub_00710,gradient_shap,12,12,0.020215320610441272,0.2756750850472599
cub_00710,occlusion,12,12,0.05705694383941591,0.5439770102500916
cub_00710,guided_backprop,12,12,0.03235271802404895,0.3198476675432175
cub_00711,gradcam,12,12,0.10414017427247019,0.9159269066061824
cub_00711,gradcam++,12,12,0.10176155825611204,0.9220856518950312
cub_00711,integrated_gradients,12,12,0.031600420339964325,0.8683308988343925
cub_00711,gradient_shap,12,12,0.03142424168763683,0.8663342713844031
cub_00711,occlusion,12,12,0.03401599808130414,0.9224194975104183
cub_00711,guided_backprop,12,12,0.05624873698689044,0.7914467434398831
cub_00716,gradcam,12,12,0.2008267543744296,0.8592221529688686
cub_00716,gradcam++,12,12,0.20830394634976987,0.8432655768003315
cub_00716,integrated_gradients,12,12,0.05995411891490221,0.7268396475818009
cub_00716,gradient_shap,12,12,0.050752814940642564,0.720861874287948
cub_00716,occlusion,12,12,0.18120456957258282,0.853570091119036
cub_00716,guided_backprop,12,12,0.10987717693205923,0.5993436112883501
cub_00723,gradcam,13,13,0.3691771520418115,0.8612059366074392
cub_00723,gradcam++,13,13,0.3684521884308197,0.8689617502619512
cub_00723,integrated_gradients,13,13,0.03394479748094455,0.6839105283492244
cub_00723,gradient_shap,13,13,0.03673307952703908,0.6863675709930249
cub_00723,occlusion,13,13,0.34338639191119,0.8925948118441738
cub_00723,guided_backprop,13,13,0.053557155735325074,0.7013825704925692
cub_00725,gradcam,13,13,0.07834000660805032,0.8510741272126325
cub_00725,gradcam++,13,13,0.08005033187801018,0.8452441644971259
cub_00725,integrated_gradients,13,13,0.04021410944405944,0.8756975570344366
cub_00725,gradient_shap,13,13,0.040045054804068066,0.857021781115327
cub_00725,occlusion,13,13,0.049337521276902406,0.918769185768906
cub_00725,guided_backprop,13,13,0.04078961887862534,0.8131765687488951
cub_00743,gradcam,13,13,0.09144864907721058,0.8780377572053112
cub_00743,gradcam++,13,13,0.09182005521142858,0.8838410017662681
cub_00743,integrated_gradients,13,13,0.03398715573130176,0.7902645399444735
cub_00743,gradient_shap,13,13,0.03844829193549231,0.8366207437240518
cub_00743,occlusion,13,13,0.09645865672500804,0.8957137277000583
cub_00743,guided_backprop,13,13,0.033135665114969015,0.7941735777654685
cub_00748,gradcam,13,13,0.37506475901464004,0.8967908089631237
cub_00748,gradcam++,13,13,0.3738301907316782,0.9033700560801662
cub_00748,integrated_gradients,13,13,0.08188211008673534,0.7259874303243122
cub_00748,gradient_shap,13,13,0.04863960681250319,0.7233430290245451
cub_00748,occlusion,13,13,0.1679318637703546,0.8842212324612775
cub_00748,guided_backprop,13,13,0.0844079454545863,0.6509089408093132
cub_00749,gradcam,13,13,0.22708433793159202,0.8734148362302219
cub_00749,gradcam++,13,13,0.2187865743529983,0.8832141687744297
cub_00749,integrated_gradients,13,13,0.07489522340474648,0.8743752499693074
cub_00749,gradient_shap,13,13,0.05503567651612684,0.8583014925592579
cub_00749,occlusion,13,13,0.19125877575716005,0.8728037198656239
cub_00749,guided_backprop,13,13,0.10755903389072045,0.8931227525346913
cub_00750,gradcam,13,13,0.09803976487601176,0.7258317296975292
cub_00750,gradcam++,13,13,0.11389849294209856,0.7330973630421795
cub_00750,integrated_gradients,13,13,0.09089313355507328,0.6903738533728756
cub_00750,gradient_shap,13,13,0.057233501400332905,0.7002383922808804
cub_00750,occlusion,13,13,0.060769803647417575,0.7038457994931377
cub_00750,guided_backprop,13,13,0.062604834290687,0.6550650713616052
cub_00762,gradcam,13,13,0.11432635477976874,0.8568964158766903
cub_00762,gradcam++,13,13,0.11305541299516335,0.856929114984814
cub_00762,integrated_gradients,13,13,0.04543680542847142,0.8313099270337261
cub_00762,gradient_shap,13,13,0.047570484632160515,0.8221404349082149
cub_00762,occlusion,13,13,0.10636930105974898,0.8471127187483944
cub_00762,guided_backprop,13,13,0.058822768356185405,0.8695366060012021
cub_00769,gradcam,13,13,0.06587604541564361,0.8133356934064068
cub_00769,gradcam++,13,13,0.07387368810595943,0.800098991917912
cub_00769,integrated_gradients,13,13,0.049712955707218495,0.8032537346356549
cub_00769,gradient_shap,13,13,0.025699846621137112,0.7767198418849149
cub_00769,occlusion,13,13,0.05545302181271836,0.6572735418216324
cub_00769,guided_backprop,13,13,0.026177894661668692,0.7931527739041486
cub_00772,gradcam,13,13,0.09610096673713997,0.8171071005170234
cub_00772,gradcam++,13,13,0.09826724280137569,0.8161852249060756
cub_00772,integrated_gradients,13,13,0.1652094212244265,0.8682996099465526
cub_00772,gradient_shap,13,13,0.13460993698099624,0.8605157738202251
cub_00772,occlusion,13,13,0.05415142016718165,0.8530551617615856
cub_00772,guided_backprop,13,13,0.07546869983198123,0.8764930193894542
cub_00773,gradcam,13,13,0.12276437430409715,0.8610088939429261
cub_00773,gradcam++,13,13,0.12351912641897798,0.8628493019961753
cub_00773,integrated_gradients,13,13,0.12216477593174206,0.8255756850936451
cub_00773,gradient_shap,13,13,0.08805408164625987,0.8461815682821907
cub_00773,occlusion,13,13,0.1887939301901497,0.8717559758224523
cub_00773,guided_backprop,13,13,0.07226156495744364,0.8790586953633465
cub_00774,gradcam,13,13,0.1291162058361806,0.8555466627352872
cub_00774,gradcam++,13,13,0.10925519928568975,0.8495346637093463
cub_00774,integrated_gradients,13,13,0.03164142834721133,0.8109548376523888
cub_00774,gradient_shap,13,13,0.030973541841376573,0.7834403564804234
cub_00774,occlusion,13,13,0.10195805731927976,0.8451998619013464
cub_00774,guided_backprop,13,13,0.037618844199459996,0.8325099652283825
cub_00779,gradcam,13,13,0.32343189126113436,0.8906736952834763
cub_00779,gradcam++,13,13,0.32668647292302927,0.8866944139474071
cub_00779,integrated_gradients,13,13,0.2505842758226209,0.7257771832984872
cub_00779,gradient_shap,13,13,0.16696712510893125,0.7531383133609779
cub_00779,occlusion,13,13,0.19947140346048398,0.8536120049306191
cub_00779,guided_backprop,13,13,0.08669599816203119,0.7970196284004486
cub_00780,gradcam,14,14,0.09891272795503028,0.7329625862999819
cub_00780,gradcam++,14,14,0.0869856813515071,0.7028657938702962
cub_00780,integrated_gradients,14,14,0.024111851333873346,0.6416415146784857
cub_00780,gradient_shap,14,14,0.023988592438399788,0.6188365503330715
cub_00780,occlusion,14,14,0.05521309318719433,0.7562781139626169
cub_00780,guided_backprop,14,14,0.024701571211335253,0.5742181811714545
cub_00781,gradcam,14,14,0.11193651072098873,0.9118840623064899
cub_00781,gradcam++,14,14,0.1197942597034853,0.9096083122654818
cub_00781,integrated_gradients,14,14,0.02995834558969364,0.8845304656191729
cub_00781,gradient_shap,14,14,0.02975578308105469,0.8791799861355685
cub_00781,occlusion,14,14,0.09590748752234501,0.9249790418311021
cub_00781,guided_backprop,14,14,0.0587532907651621,0.9054785925312899
cub_00785,gradcam,14,14,0.07847583622497044,0.8633904594345949
cub_00785,gradcam++,14,14,0.08454325564380272,0.8676666873856448
cub_00785,integrated_gradients,14,14,0.027562294329982254,0.7668335802271031
cub_00785,gradient_shap,14,14,0.029903150082100184,0.7485638064215892
cub_00785,occlusion,14,14,0.1036844413727522,0.8473565671010874
cub_00785,guided_backprop,14,14,0.02664731828845106,0.7452325276448392
cub_00786,gradcam,14,14,0.13047333352733403,0.9010853099985979
cub_00786,gradcam++,14,14,0.1360718389973045,0.9090048539801501
cub_00786,integrated_gradients,14,14,0.03625448409002276,0.8366231262101793
cub_00786,gradient_shap,14,14,0.04212524843751454,0.8497428338392639
cub_00786,occlusion,14,14,0.16051029501832093,0.8319857779308223
cub_00786,guided_backprop,14,14,0.062149531283648696,0.8230461548431777
cub_00792,gradcam,14,14,0.04480836435395759,0.7389180745347403
cub_00792,gradcam++,14,14,0.047781609784578905,0.7340679171844386
cub_00792,integrated_gradients,14,14,0.028049339796416464,0.6784974161884749
cub_00792,gradient_shap,14,14,0.02722490614978596,0.7053777666180394
cub_00792,occlusion,14,14,0.03681907526915894,0.7221881328965536
cub_00792,guided_backprop,14,14,0.03403595512500033,0.6021542675211095
cub_00793,gradcam,14,14,0.061345623777015135,0.8677075774758123
cub_00793,gradcam++,14,14,0.05342650529928506,0.8742631337954663
cub_00793,integrated_gradients,14,14,0.06700532598188148,0.723958772874903
cub_00793,gradient_shap,14,14,0.0455854220839683,0.7302755002514459
cub_00793,occlusion,14,14,0.1704112750885542,0.876606621441897
cub_00793,guided_backprop,14,14,0.0288669333429425,0.7501139983884058
cub_00799,gradcam,14,14,0.02827908709878102,0.6779195788665675
cub_00799,gradcam++,14,14,0.021373320289421825,0.679510730819311
cub_00799,integrated_gradients,14,14,0.021363128087250518,0.6495882305665873
cub_00799,gradient_shap,14,14,0.02140092390473001,0.6584133359952831
cub_00799,occlusion,14,14,0.0324751525069587,0.6437849405570887
cub_00799,guided_backprop,14,14,0.021123090088076425,0.6799965474172496
cub_00800,gradcam,14,14,0.05306449526397045,0.8689208229421639
cub_00800,gradcam++,14,14,0.05831342185265385,0.8632767345174215
cub_00800,integrated_gradients,14,14,0.03388978998409584,0.8825812633498572
cub_00800,gradient_shap,14,14,0.02927411388373002,0.8830767142935656
cub_00800,occlusion,14,14,0.08829016870004126,0.8740406918688678
cub_00800,guided_backprop,14,14,0.030741160165052867,0.8238742129295133
cub_00806,gradcam,14,14,0.11550460944417865,0.9259443718357943
cub_00806,gradcam++,14,14,0.12404179139412007,0.9247158038779162
cub_00806,integrated_gradients,14,14,0.034199188661295926,0.8989524352713487
cub_00806,gradient_shap,14,14,0.030859940894879406,0.9165596354170703
cub_00806,occlusion,14,14,0.0845854732207954,0.8995835925801656
cub_00806,guided_backprop,14,14,0.07685251523507758,0.8895321208401584
cub_00823,gradcam,14,14,0.1094238512334414,0.8849959525628945
cub_00823,gradcam++,14,14,0.11301848256844098,0.8869950461550615
cub_00823,integrated_gradients,14,14,0.052983460214454686,0.8611762556596658
cub_00823,gradient_shap,14,14,0.04870126108871773,0.8441813621087931
cub_00823,occlusion,14,14,0.0487543027382344,0.8947616639896296
cub_00823,guided_backprop,14,14,0.05972286946489477,0.850578207091894
cub_00834,gradcam,14,14,0.061871313292067506,0.7541152502759361
cub_00834,gradcam++,14,14,0.06942287575802766,0.753341554326471
cub_00834,integrated_gradients,14,14,0.03258167250314727,0.6851987290894612
cub_00834,gradient_shap,14,14,0.026827578700613232,0.6754972327616998
cub_00834,occlusion,14,14,0.04793852812144905,0.7048541426076554
cub_00834,guided_backprop,14,14,0.026555414369795475,0.635036432032939
cub_00837,gradcam,14,14,0.15140661564946642,0.8408638495369816
cub_00837,gradcam++,14,14,0.17299657735275106,0.8335525977774522
cub_00837,integrated_gradients,14,14,0.08410118516767398,0.6364859808119945
cub_00837,gradient_shap,14,14,0.055859904712997385,0.7464183051954023
cub_00837,occlusion,14,14,0.29371416215435603,0.7200416795210913
cub_00837,guided_backprop,14,14,0.05332625460578128,0.7868296194239519
cub_00838,gradcam,15,15,0.15810344805940987,0.9382463204674423
cub_00838,gradcam++,15,15,0.18824167971033604,0.930664678197354
cub_00838,integrated_gradients,15,15,0.23436961432453246,0.9252686935476959
cub_00838,gradient_shap,15,15,0.18585445310454818,0.9368243175558745
cub_00838,occlusion,15,15,0.09354918452445418,0.9215918350033463
cub_00838,guided_backprop,15,15,0.29521943102590736,0.9369312393479049
cub_00839,gradcam,15,15,0.1776862640748732,0.8889462980441749
cub_00839,gradcam++,15,15,0.18280790556455034,0.8877030762843788
cub_00839,integrated_gradients,15,15,0.08876900898758323,0.8711731675080955
cub_00839,gradient_shap,15,15,0.13098041624762113,0.8218095946125686
cub_00839,occlusion,15,15,0.19667225503362717,0.8869681301526725
cub_00839,guided_backprop,15,15,0.0882685935124755,0.8904405745677649
cub_00841,gradcam,15,76,0.18800807323132177,0.014446968302945598
cub_00841,gradcam++,15,76,0.18727842715161386,0.015097461148980066
cub_00841,integrated_gradients,15,76,0.00853362634370569,0.23543940981035125
cub_00841,gradient_shap,15,76,0.00863104251038749,0.21859396578802262
cub_00841,occlusion,15,76,0.009806145427864977,0.18205071581469384
cub_00841,guided_backprop,15,76,0.008467531626229175,0.14048070422431921
cub_00845,gradcam,15,15,0.05995553706015925,0.9190818565897644
cub_00845,gradcam++,15,15,0.07335950359120035,0.9125760513357818
cub_00845,integrated_gradients,15,15,0.09768007469829172,0.8190076989587397
cub_00845,gradient_shap,15,15,0.05866179412696511,0.8344812360592186
cub_00845,occlusion,15,15,0.043296877969987685,0.9278152185492218
cub_00845,guided_backprop,15,15,0.05166635180357844,0.9057016122154892
cub_00855,gradcam,15,15,0.07984400164568799,0.9178699183277786
cub_00855,gradcam++,15,15,0.09490726710064339,0.9020529332570733
cub_00855,integrated_gradients,15,15,0.08078203222248705,0.9270505684427917
cub_00855,gradient_shap,15,15,0.07708684832323344,0.9259354281239212
cub_00855,occlusion,15,15,0.0758645236142911,0.9417456078343094
cub_00855,guided_backprop,15,15,0.11667655820492656,0.9238544988445939
cub_00868,gradcam,15,15,0.15265548934985423,0.9009858700446784
cub_00868,gradcam++,15,15,0.1753587380051613,0.9035055446438491
cub_00868,integrated_gradients,15,15,0.16785154513199813,0.7554409455042334
cub_00868,gradient_shap,15,15,0.13676187305245546,0.8284116341732443
cub_00868,occlusion,15,15,0.1196127864997834,0.9102311882190406
cub_00868,guided_backprop,15,15,0.15947000404121353,0.8843913841061295
cub_00880,gradcam,15,15,0.12199184885248543,0.8965064422227442
cub_00880,gradcam++,15,15,0.11125988921849059,0.896961736958474
cub_00880,integrated_gradients,15,15,0.043903318000957384,0.706841019098647
cub_00880,gradient_shap,15,15,0.06633154440205544,0.7292735828086734
cub_00880,occlusion,15,15,0.037825988512486225,0.8493061860091984
cub_00880,guided_backprop,15,15,0.041819779155775914,0.9286731454543768
cub_00883,gradcam,15,15,0.2342879023868591,0.8704304526560009
cub_00883,gradcam++,15,15,0.24178955382667486,0.8761880489997564
cub_00883,integrated_gradients,15,15,0.04345941587816923,0.773631205316633
cub_00883,gradient_shap,15,15,0.04255941731389611,0.8173463192768394
cub_00883,occlusion,15,15,0.18742974447086452,0.8517980686388908
cub_00883,guided_backprop,15,15,0.03749348195269704,0.7656458067707717
cub_00884,gradcam,15,15,0.09335640468343627,0.7229238402098416
cub_00884,gradcam++,15,15,0.14739071647636592,0.6699186949059367
cub_00884,integrated_gradients,15,15,0.028690031904261563,0.5621124566067011
cub_00884,gradient_shap,15,15,0.027801259432453658,0.5010695553617551
cub_00884,occlusion,15,15,0.04922423331299796,0.7624595220200717
cub_00884,guided_backprop,15,15,0.02860526264994405,0.5492984887212514
cub_00885,gradcam,15,15,0.12533999006263913,0.9197905677370726
cub_00885,gradcam++,15,15,0.12232175779063256,0.9218403982929885
cub_00885,integrated_gradients,15,15,0.04970954973250628,0.8572346823755651
cub_00885,gradient_shap,15,15,0.03331681182608009,0.8957607227377593
cub_00885,occlusion,15,15,0.07161556538194418,0.9266205000691116
cub_00885,guided_backprop,15,15,0.03262624775525182,0.9027049529366196
cub_00891,gradcam,15,15,0.16635528472252192,0.8934934723190963
cub_00891,gradcam++,15,15,0.19296629230957482,0.9003756853751839
cub_00891,integrated_gradients,15,15,0.03131328602321446,0.8099351036362349
cub_00891,gradient_shap,15,15,0.03210199833847582,0.8262930870056151
cub_00891,occlusion,15,15,0.18238957312423737,0.8874055716209114
cub_00891,guided_backprop,15,15,0.0326907327864319,0.8354240219108761
cub_00893,gradcam,15,15,0.08673468721099199,0.9355317833833398
cub_00893,gradcam++,15,15,0.08902047984302044,0.9288118752650917
cub_00893,integrated_gradients,15,15,0.0369096776121296,0.9188378992490471
cub_00893,gradient_shap,15,15,0.04441630856599659,0.9216080638580023
cub_00893,occlusion,15,15,0.08342815232463181,0.9425132158212364
cub_00893,guided_backprop,15,15,0.05360171282663941,0.9351610275916756
cub_00903,gradcam,16,16,0.2419892993872054,0.8169638045714237
cub_00903,gradcam++,16,16,0.48876652672188364,0.752260366769042
cub_00903,integrated_gradients,16,16,0.11100501770852134,0.6015252385870553
cub_00903,gradient_shap,16,16,0.09919733811402694,0.6714063902036287
cub_00903,occlusion,16,16,0.2558089735102839,0.8291129632969387
cub_00903,guided_backprop,16,16,0.07314228733303026,0.6805743218981661
cub_00904,gradcam,16,16,0.2381939115934074,0.8022040136740543
cub_00904,gradcam++,16,16,0.41913454616442325,0.7402749866829255
cub_00904,integrated_gradients,16,16,0.24759932844899593,0.7634789269999601
cub_00904,gradient_shap,16,16,0.18676352127222345,0.816761545150075
cub_00904,occlusion,16,16,0.16155329713365063,0.670421854511369
cub_00904,guided_backprop,16,16,0.17168487268500032,0.8860606797621586
cub_00905,gradcam,16,16,0.20190645367838445,0.8891265743062831
cub_00905,gradcam++,16,16,0.21484417888568716,0.8715013869688846
cub_00905,integrated_gradients,16,16,0.06456464626826346,0.8889305957243777
cub_00905,gradient_shap,16,16,0.06263823452172801,0.8654114358709193
cub_00905,occlusion,16,16,0.2720622924854979,0.8889632940874436
cub_00905,guided_backprop,16,16,0.10342783652013167,0.9081387483165598
cub_00919,gradcam,16,16,0.17139881430193787,0.6460067260195501
cub_00919,gradcam++,16,16,0.1610033942211885,0.6320672140573151
cub_00919,integrated_gradients,16,16,0.18500014716992158,0.7872367464588025
cub_00919,gradient_shap,16,16,0.17310763666173445,0.7781671643839218
cub_00919,occlusion,16,16,0.31860552918515167,0.6218308861018159
cub_00919,guided_backprop,16,16,0.22923555584857241,0.8093278751359323
cub_00929,gradcam,16,16,0.5977687653299654,0.08467146712355313
cub_00929,gradcam++,16,16,0.6313467074767687,0.06265027639601609
cub_00929,integrated_gradients,16,16,0.03764275013236329,0.6376863588229754
cub_00929,gradient_shap,16,16,0.027954009245149795,0.6832511179731227
cub_00929,occlusion,16,16,0.10710655244765806,0.7331650484469718
cub_00929,guided_backprop,16,16,0.03302622160408646,0.6251201588311232
cub_00930,gradcam,16,16,0.3310179594205692,0.8709738851175642
cub_00930,gradcam++,16,16,0.44320688591105867,0.8547987718717195
cub_00930,integrated_gradients,16,16,0.1016206709551625,0.7386762075708246
cub_00930,gradient_shap,16,16,0.09816652913577856,0.7763292991206981
cub_00930,occlusion,16,16,0.3951401802827604,0.8013075985596514
cub_00930,guided_backprop,16,16,0.18520367996534332,0.8175372206256724
cub_00936,gradcam,16,16,0.45524001031881206,0.8030536480830052
cub_00936,gradcam++,16,16,0.686389735864941,0.7053287983173505
cub_00936,integrated_gradients,16,16,0.05276044543134049,0.6253322575823403
cub_00936,gradient_shap,16,16,0.0643262748257257,0.641416214092169
cub_00936,occlusion,16,16,0.3941344398539513,0.8058196668163873
cub_00936,guided_backprop,16,16,0.10431613746332005,0.6036307313130237
cub_00939,gradcam,16,16,0.22020027578109877,0.834453614114318
cub_00939,gradcam++,16,16,0.244361231115181,0.8111134939477778
cub_00939,integrated_gradients,16,16,0.1334831433487125,0.8521179281757214
cub_00939,gradient_shap,16,16,0.07836576708359642,0.8613595896051267
cub_00939,occlusion,16,16,0.17893351339735092,0.7696015955996701
cub_00939,guided_backprop,16,16,0.10727953596506268,0.8955643170163966
cub_00942,gradcam,16,16,0.0621422354481183,0.7459671997115948
cub_00942,gradcam++,16,16,0.05524691417522262,0.6714203428127804
cub_00942,integrated_gradients,16,16,0.03096126492600888,0.7442551814601757
cub_00942,gradient_shap,16,16,0.030499572434928266,0.7514502592966893
cub_00942,occlusion,16,16,0.04056935707340017,0.7467744025052525
cub_00942,guided_backprop,16,16,0.03609148354735226,0.7149713434861042
cub_00945,gradcam,16,16,0.09491785509453622,0.7736891344771721
cub_00945,gradcam++,16,16,0.1430078496297938,0.7271895148442125
cub_00945,integrated_gradients,16,16,0.0370155523880385,0.749828106968198
cub_00945,gradient_shap,16,16,0.03962895496515559,0.7820368549437261
cub_00945,occlusion,16,16,0.1937631155422423,0.7209867336438037
cub_00945,guided_backprop,16,16,0.05548097527353093,0.7759156976477243
cub_00948,gradcam,16,16,0.5334828748833388,0.5487306684837676
cub_00948,gradcam++,16,16,0.5625461342860945,0.2650467830128036
cub_00948,integrated_gradients,16,16,0.03238392845960334,0.5621721407980659
cub_00948,gradient_shap,16,16,0.028179995459504423,0.5734214369324035
cub_00948,occlusion,16,16,0.08959039684850724,0.6641891740844584
cub_00948,guided_backprop,16,16,0.02229606999317184,0.52963445862988
cub_00959,gradcam,17,17,0.08113797580590472,0.8081723212380894
cub_00959,gradcam++,17,17,0.07616482932353394,0.7953934266115538
cub_00959,integrated_gradients,17,17,0.14879404759267348,0.7251969559467396
cub_00959,gradient_shap,17,17,0.15139684199821205,0.7772169464151374
cub_00959,occlusion,17,17,0.10572550613433124,0.8157104346551931
cub_00959,guided_backprop,17,17,0.07248700201744215,0.7669537786510773
cub_00961,gradcam,17,17,0.12267513012047859,0.8872517710435203
cub_00961,gradcam++,17,17,0.12135077303973958,0.8840912734973246
cub_00961,integrated_gradients,17,17,0.11921816772082822,0.7319537887000479
cub_00961,gradient_shap,17,17,0.10332318736473099,0.7115565962041729
cub_00961,occlusion,17,17,0.16572847234783694,0.8664778835023753
cub_00961,guided_backprop,17,17,0.1073062445386313,0.8609056324581615
cub_00968,gradcam,17,17,0.2599857613327913,0.6456138110836036
cub_00968,gradcam++,17,17,0.3192191422916949,0.5876520203775726
cub_00968,integrated_gradients,17,17,0.13513914373470473,0.611940155364573
cub_00968,gradient_shap,17,17,0.10084127184236422,0.6548161091399379
cub_00968,occlusion,17,17,0.08230793809052558,0.827095661975909
cub_00968,guided_backprop,17,17,0.09643575942609459,0.6604262002627366
cub_00971,gradcam,17,17,0.5626014019013382,0.8334148416644894
cub_00971,gradcam++,17,17,0.5773672022274697,0.8166682778508402
cub_00971,integrated_gradients,17,17,0.23463019479531796,0.6245931021519936
cub_00971,gradient_shap,17,17,0.22448904783232135,0.6101673804805615
cub_00971,occlusion,17,17,0.5262818768504076,0.7028715189429933
cub_00971,guided_backprop,17,17,0.2679155309917406,0.6943078864947893
cub_00974,gradcam,17,17,0.2515529880300164,0.9175571655738166
cub_00974,gradcam++,17,17,0.27591799610527235,0.911421725701075
cub_00974,integrated_gradients,17,17,0.10028058129828425,0.8871305214124733
cub_00974,gradient_shap,17,17,0.08996650469489396,0.9221372371423057
cub_00974,occlusion,17,17,0.27059362066211184,0.8947046222747304
cub_00974,guided_backprop,17,17,0.1600737316068262,0.8995393866556696
cub_00980,gradcam,17,17,0.36650822911178693,0.8624350732075983
cub_00980,gradcam++,17,17,0.3764327247510664,0.8975710054743105
cub_00980,integrated_gradients,17,17,0.15936315346043553,0.7487045872141607
cub_00980,gradient_shap,17,17,0.12728877943009137,0.7690163186634891
cub_00980,occlusion,17,17,0.30816880889469755,0.7634064936311915
cub_00980,guided_backprop,17,17,0.1012585172778927,0.8023561005364173
cub_00989,gradcam,17,17,0.04564541809959338,0.8370124978828244
cub_00989,gradcam++,17,17,0.04028295311145485,0.8467341607320122
cub_00989,integrated_gradients,17,17,0.21727316138567407,0.6615507238428109
cub_00989,gradient_shap,17,17,0.22706861143233256,0.6670541586354376
cub_00989,occlusion,17,17,0.09475757053587587,0.8381873573060147
cub_00989,guided_backprop,17,17,0.079980439087376,0.850480471656192
cub_00990,gradcam,17,17,0.11204944361234086,0.5692178971017711
cub_00990,gradcam++,17,17,0.11678774218307808,0.5797262194450014
cub_00990,integrated_gradients,17,17,0.10710367956198753,0.3560452409903519
cub_00990,gradient_shap,17,17,0.05297990856925026,0.43561740067088983
cub_00990,occlusion,17,17,0.12571194204501807,0.687565128679853
cub_00990,guided_backprop,17,17,0.05521557049360127,0.5517699657822959
cub_00994,gradcam,17,17,0.3013788061100058,0.8765581425162963
cub_00994,gradcam++,17,17,0.2704855434014462,0.8705203859019094
cub_00994,integrated_gradients,17,17,0.03926529628224671,0.7726313275867142
cub_00994,gradient_shap,17,17,0.0399874280905351,0.8059926801477558
cub_00994,occlusion,17,17,0.13659456556197255,0.8939337140298448
cub_00994,guided_backprop,17,17,0.07390843053581193,0.6433071422274225
cub_01003,gradcam,18,18,0.20091600551058944,0.021885828817539713
cub_01003,gradcam++,18,18,0.20131994870280323,0.021897652515690404
cub_01003,integrated_gradients,18,18,0.015560487056427515,0.04527724753825166
cub_01003,gradient_shap,18,18,0.015222375721714344,0.046001175575293
cub_01003,occlusion,18,18,0.018098989742793493,0.21286338383324616
cub_01003,guided_backprop,18,18,0.015153536059733595,0.17812151154030287
cub_01013,gradcam,18,13,0.03760762564488687,0.623281032370869
cub_01013,gradcam++,18,13,0.03469462458160706,0.5160287787788548
cub_01013,integrated_gradients,18,13,0.021481078106444326,0.6989428175264039
cub_01013,gradient_shap,18,13,0.022885840421076865,0.717400923895184
cub_01013,occlusion,18,13,0.031913524365518246,0.651371145027224
cub_01013,guided_backprop,18,13,0.033963751618284736,0.6776937147253194
cub_01014,gradcam,18,18,0.17187737327949437,0.8671336142939252
cub_01014,gradcam++,18,18,0.1640517995143455,0.8544583482329471
cub_01014,integrated_gradients,18,18,0.028567372968245765,0.6463411864544469
cub_01014,gradient_shap,18,18,0.03073433249846858,0.6546944680285379
cub_01014,occlusion,18,18,0.08443599885758885,0.7985326234844249
cub_01014,guided_backprop,18,18,0.029321914574757104,0.664984030510459
cub_01015,gradcam,18,18,0.30400398741439866,0.867495669926211
cub_01015,gradcam++,18,18,0.2970253554642113,0.8664180563657283
cub_01015,integrated_gradients,18,18,0.0362801081599173,0.618232058536887
cub_01015,gradient_shap,18,18,0.03370019932153809,0.6912082887789438
cub_01015,occlusion,18,18,0.1444749457306898,0.8202615549696929
cub_01015,guided_backprop,18,18,0.07342096451720861,0.6246137771882785
cub_01017,gradcam,18,18,0.061162679041081004,0.695595988664354
cub_01017,gradcam++,18,18,0.05757120869857318,0.7074761450767255
cub_01017,integrated_gradients,18,18,0.02578849851379346,0.24693529839532857
cub_01017,gradient_shap,18,18,0.026880797669218737,0.24868492561909075
cub_01017,occlusion,18,18,0.04414182990840346,0.6320269574218399
cub_01017,guided_backprop,18,18,0.02541724197326403,0.39693279070197596
cub_01026,gradcam,18,18,0.2624542031404417,0.7026173823902355
cub_01026,gradcam++,18,18,0.2545986264729436,0.6990498212482634
cub_01026,integrated_gradients,18,18,0.049784536945298906,0.5204686280816532
cub_01026,gradient_shap,18,18,0.03285675353217812,0.5099608529137185
cub_01026,occlusion,18,18,0.3067872808172979,0.7521469069306477
cub_01026,guided_backprop,18,18,0.07779412273193885,0.49816808422438036
cub_01027,gradcam,18,18,0.04250300034800602,0.7656276294856069
cub_01027,gradcam++,18,18,0.04135424481028167,0.5399074292403384
cub_01027,integrated_gradients,18,18,0.02813280046793807,0.607435440705376
cub_01027,gradient_shap,18,18,0.030809595931714288,0.6304193478568778
cub_01027,occlusion,18,18,0.03122338310167834,0.8086316550830817
cub_01027,guided_backprop,18,18,0.02637228715284437,0.5859028441842383
cub_01037,gradcam,18,18,0.08364720465142453,0.85637065236333
cub_01037,gradcam++,18,18,0.0810523817122885,0.8432844983002723
cub_01037,integrated_gradients,18,18,0.027811882226887973,0.6893532569822127
cub_01037,gradient_shap,18,18,0.027660446239679008,0.6424151269962748
cub_01037,occlusion,18,18,0.03131009656754031,0.8752291617576704
cub_01037,guided_backprop,18,18,0.027716265352137268,0.7642745698522048
cub_01045,gradcam,18,18,0.05627809290999721,0.31714427530059763
cub_01045,gradcam++,18,18,0.06109438026287534,0.35953761217060665
cub_01045,integrated_gradients,18,18,0.01220539849564375,0.3200626298519637
cub_01045,gradient_shap,18,18,0.012299102917677374,0.3318822304379865
cub_01045,occlusion,18,18,0.04789124919880124,0.25205103160515135
cub_01045,guided_backprop,18,18,0.011973660913281494,0.18731225530318624
cub_01049,gradcam,18,18,0.14805146127000632,0.8613136921670956
cub_01049,gradcam++,18,18,0.1622216172716435,0.8637930524197145
cub_01049,integrated_gradients,18,18,0.04904936057100714,0.6745539789273608
cub_01049,gradient_shap,18,18,0.0425457462824852,0.6876205761345772
cub_01049,occlusion,18,18,0.04746959617004905,0.8169157386884761
cub_01049,guided_backprop,18,18,0.02613035161593871,0.7367602380061726
cub_01050,gradcam,18,18,0.14747064066577878,0.7042074563574715
cub_01050,gradcam++,18,18,0.14876175850040457,0.6626709560525342
cub_01050,integrated_gradients,18,18,0.037236217328973,0.6827127445150836
cub_01050,gradient_shap,18,18,0.032378629817321786,0.6611611887939943
cub_01050,occlusion,18,18,0.11714852388067812,0.7729512728295959
cub_01050,guided_backprop,18,18,0.06573392522805079,0.5914999274198636
cub_01055,gradcam,18,18,0.03486060097166046,0.7430668252298346
cub_01055,gradcam++,18,18,0.04706918637784839,0.7635485278220585
cub_01055,integrated_gradients,18,18,0.025440688286835208,0.631399245450666
cub_01055,gradient_shap,18,18,0.025682958443576355,0.6382436978001351
cub_01055,occlusion,18,18,0.037879382616301874,0.6653732147486152
cub_01055,guided_backprop,18,18,0.026761179919049027,0.5873207495325914
cub_01060,gradcam,19,199,0.4242621191748185,0.01516447635367511
cub_01060,gradcam++,19,199,0.4169340511405608,0.01386248719063586
cub_01060,integrated_gradients,19,199,0.01689334668335505,0.5760820055322255
cub_01060,gradient_shap,19,199,0.016709936159895734,0.5892139354662504
cub_01060,occlusion,19,199,0.015067928150529044,0.4356839065614622
cub_01060,guided_backprop,19,199,0.01617270672577433,0.5629082223342265
cub_01063,gradcam,19,19,0.037883922985929526,0.903689464092895
cub_01063,gradcam++,19,19,0.08792283523798688,0.8640318784207922
cub_01063,integrated_gradients,19,19,0.029757848537701647,0.8668332605666365
cub_01063,gradient_shap,19,19,0.029242250094830523,0.8581711553080824
cub_01063,occlusion,19,19,0.04025997898279456,0.8896793476349557
cub_01063,guided_backprop,19,19,0.034815867563884245,0.8320839460051501
cub_01064,gradcam,19,19,0.03899371094739764,0.9102047435051646
cub_01064,gradcam++,19,19,0.03940232930326602,0.9172412267929758
cub_01064,integrated_gradients,19,19,0.03539226012508153,0.8673190615183556
cub_01064,gradient_shap,19,19,0.03540914250042988,0.851935072899505
cub_01064,occlusion,19,19,0.06590861102304187,0.8504305533177103
cub_01064,guided_backprop,19,19,0.03559238502493827,0.78773289090459
cub_01069,gradcam,19,19,0.04427483776089502,0.9432524330026353
cub_01069,gradcam++,19,19,0.029298073965765076,0.9459708220369067
cub_01069,integrated_gradients,19,19,0.029633162757090756,0.9472683227664674
cub_01069,gradient_shap,19,19,0.029677248121879527,0.9467530197507585
cub_01069,occlusion,19,19,0.02957629973971052,0.9471413708335604
cub_01069,guided_backprop,19,19,0.029706084290228318,0.8604532576209749
cub_01079,gradcam,19,199,0.43702583209960716,0.05305379456840453
cub_01079,gradcam++,19,199,0.28465291500906464,0.06903257452504474
cub_01079,integrated_gradients,19,199,0.020886126026744025,0.3012393994664308
cub_01079,gradient_shap,19,199,0.02674559408915229,0.32203695857315323
cub_01079,occlusion,19,199,0.11204117900924757,0.34716836603765844
cub_01079,guided_backprop,19,199,0.04516739834216424,0.38017336930497553
cub_01082,gradcam,19,19,0.072660767960042,0.0932341864609043
cub_01082,gradcam++,19,19,0.09758998137476738,0.06755154184502317
cub_01082,integrated_gradients,19,19,0.010272707031981554,0.10275222277705325
cub_01082,gradient_shap,19,19,0.009851731975504662,0.07600402790558292
cub_01082,occlusion,19,19,0.010130710473458749,0.14010370742034867
cub_01082,guided_backprop,19,19,0.010424312336544974,0.08321056324493838
cub_01086,gradcam,19,19,0.03669998936238699,0.9050299487120357
cub_01086,gradcam++,19,19,0.035312463664740786,0.89825754827325
cub_01086,integrated_gradients,19,19,0.030182629292539793,0.9268097362524714
cub_01086,gradient_shap,19,19,0.0304904341159272,0.9396007976538385
cub_01086,occlusion,19,19,0.05343010845681421,0.9392426661259378
cub_01086,guided_backprop,19,19,0.04626420952117769,0.9110729566818919
cub_01090,gradcam,19,19,0.058274853751936466,0.8954395524269784
cub_01090,gradcam++,19,19,0.08721245354245184,0.8828516057736124
cub_01090,integrated_gradients,19,19,0.030098476637795104,0.8936041227585519
cub_01090,gradient_shap,19,19,0.029199996676470625,0.9040467253929819
cub_01090,occlusion,19,19,0.035951400005433246,0.8379690221554484
cub_01090,guided_backprop,19,19,0.0319933788778144,0.8430246985561097
cub_01095,gradcam,19,19,0.13754873663274342,0.8461986698079274
cub_01095,gradcam++,19,19,0.1491768478808808,0.8415019989522988
cub_01095,integrated_gradients,19,19,0.09582633432437433,0.8718199837065185
cub_01095,gradient_shap,19,19,0.08341434349276824,0.8931927214420284
cub_01095,occlusion,19,19,0.14381868039927215,0.9420671678191866
cub_01095,guided_backprop,19,19,0.0752467783910106,0.9336912191516602
cub_01101,gradcam,19,19,0.027515154411958072,0.7712379893098841
cub_01101,gradcam++,19,19,0.02438035208906513,0.7473817868085461
cub_01101,integrated_gradients,19,19,0.02679541189427255,0.6731797768778052
cub_01101,gradient_shap,19,19,0.024375900490849745,0.6990504852539742
cub_01101,occlusion,19,19,0.03149277465272462,0.8151589385277476
cub_01101,guided_backprop,19,19,0.025338028410624245,0.6354685842103209
cub_01107,gradcam,19,19,0.12688095622434045,0.7997165663211491
cub_01107,gradcam++,19,19,0.11222043174057034,0.8036055449556443
cub_01107,integrated_gradients,19,19,0.030859708231582777,0.8345882642126525
cub_01107,gradient_shap,19,19,0.030478522162593436,0.8482242262965882
cub_01107,occlusion,19,19,0.044690171470574566,0.9166060573465074
cub_01107,guided_backprop,19,19,0.03316534002515255,0.709698833063885
cub_01110,gradcam,19,19,0.029940699499275074,0.8362456542483415
cub_01110,gradcam++,19,19,0.029441735315776898,0.8564950040585245
cub_01110,integrated_gradients,19,19,0.03144494875305099,0.8234198770529474
cub_01110,gradient_shap,19,19,0.0314311897425796,0.8252891991331126
cub_01110,occlusion,19,19,0.049953004198323464,0.8751324154014584
cub_01110,guided_backprop,19,19,0.03026268878456904,0.8213894761211123
cub_01127,gradcam,20,20,0.02563751563975529,0.8310072106058213
cub_01127,gradcam++,20,20,0.025519441045253194,0.7243644527490688
cub_01127,integrated_gradients,20,20,0.025600641118580823,0.7823438998846541
cub_01127,gradient_shap,20,20,0.025953314026628507,0.8036640526068368
cub_01127,occlusion,20,20,0.026146498540401807,0.846793169049124
cub_01127,guided_backprop,20,20,0.025416089729333177,0.7534560296549898
cub_01134,gradcam,20,20,0.05598945188939979,0.805919533884662
cub_01134,gradcam++,20,20,0.05285356698113901,0.8090327532361697
cub_01134,integrated_gradients,20,20,0.025940964818801152,0.8114474211684864
cub_01134,gradient_shap,20,20,0.026113969778452883,0.8289550311030326
cub_01134,occlusion,20,20,0.026256138001554064,0.8226272645271819
cub_01134,guided_backprop,20,20,0.02584592471866927,0.7895669689616625
cub_01135,gradcam,20,20,0.04586832818567927,0.8259502022625383
cub_01135,gradcam++,20,20,0.043924402600896424,0.8408620758778853
cub_01135,integrated_gradients,20,20,0.026074276319923224,0.7213219956185638
cub_01135,gradient_shap,20,20,0.026130023371297287,0.6441160475584183
cub_01135,occlusion,20,20,0.030162942657989338,0.8798029629379017
cub_01135,guided_backprop,20,20,0.026414311329062915,0.5021438274747196
cub_01141,gradcam,20,20,0.13066530383111968,0.835180212450723
cub_01141,gradcam++,20,20,0.1437871227743017,0.8085189081593854
cub_01141,integrated_gradients,20,20,0.026224560993068732,0.6493628796404665
cub_01141,gradient_shap,20,20,0.025386145150332596,0.6798413594817247
cub_01141,occlusion,20,20,0.12424970935062447,0.8060372414398442
cub_01141,guided_backprop,20,20,0.04381496321839222,0.5976598915509385
cub_01144,gradcam,20,20,0.06337820681073936,0.8433073243922989
cub_01144,gradcam++,20,20,0.06237495091154415,0.8627961977250379
cub_01144,integrated_gradients,20,20,0.02495233362951695,0.7718213081225259
cub_01144,gradient_shap,20,20,0.025322877112284918,0.7731470298469503
cub_01144,occlusion,20,20,0.025707399188468115,0.8799173465795319
cub_01144,guided_backprop,20,20,0.025619222809655187,0.7456040008019045
cub_01150,gradcam,20,20,0.08658197674485565,0.877660427275623
cub_01150,gradcam++,20,20,0.07039150252930997,0.8748697242564958
cub_01150,integrated_gradients,20,20,0.03287932078055747,0.8136043766495277
cub_01150,gradient_shap,20,20,0.03036265584778448,0.821739782903387
cub_01150,occlusion,20,20,0.04438929962743713,0.8817403856530291
cub_01150,guided_backprop,20,20,0.07238851633264858,0.7540777899190289
cub_01152,gradcam,20,20,0.6941260540257644,0.0731828535219392
cub_01152,gradcam++,20,20,0.6823145919810486,0.07365435823194272
cub_01152,integrated_gradients,20,20,0.02245885842457937,0.6403894277358633
cub_01152,gradient_shap,20,20,0.0228287448942865,0.6702202368225698
cub_01152,occlusion,20,20,0.055519831132915,0.7288526967149663
cub_01152,guided_backprop,20,20,0.022232190040449497,0.5499810575591255
cub_01154,gradcam,20,20,0.07331879092125745,0.8177420387375605
cub_01154,gradcam++,20,20,0.08309747167913885,0.8152148504606885
cub_01154,integrated_gradients,20,20,0.04134226293354004,0.8049839053051983
cub_01154,gradient_shap,20,20,0.037481095523617114,0.7632563445058621
cub_01154,occlusion,20,20,0.1653780273507437,0.7748766410844836
cub_01154,guided_backprop,20,20,0.031515596886674754,0.8129956365777616
cub_01156,gradcam,20,20,0.025028044101418352,0.487945951187794
cub_01156,gradcam++,20,20,0.02376588683073351,0.1938040019053005
cub_01156,integrated_gradients,20,20,0.02029029386285401,0.36497528943400537
cub_01156,gradient_shap,20,20,0.019913391155932915,0.2675982979340915
cub_01156,occlusion,20,20,0.020847978374149537,0.5459568839429265
cub_01156,guided_backprop,20,20,0.020880921724528885,0.41732212271999747
cub_01167,gradcam,20,20,0.24791004675353182,0.8472852961491298
cub_01167,gradcam++,20,20,0.2874431050495332,0.8429791919636046
cub_01167,integrated_gradients,20,20,0.03370933551304916,0.5286716623329993
cub_01167,gradient_shap,20,20,0.03211762603168609,0.5408818814186815
cub_01167,occlusion,20,20,0.18017273788391322,0.7327668863359575
cub_01167,guided_backprop,20,20,0.0586302441177395,0.39597366766793124
cub_01168,gradcam,20,20,0.034188043437097804,0.8927740267343326
cub_01168,gradcam++,20,20,0.034603318394874814,0.8899033292062086
cub_01168,integrated_gradients,20,20,0.02678860345440626,0.8376246087642357
cub_01168,gradient_shap,20,20,0.02667481278585911,0.8529247151320305
cub_01168,occlusion,20,20,0.030286921048173106,0.7890164039341471
cub_01168,guided_backprop,20,20,0.02627115163304552,0.6762202696798338
cub_01175,gradcam,20,20,0.26311650060197284,0.8482021375424665
cub_01175,gradcam++,20,20,0.2315782515299361,0.8569056599266333
cub_01175,integrated_gradients,20,20,0.06814679507915572,0.8342582593886617
cub_01175,gradient_shap,20,20,0.044057692242131456,0.8299465410625998
cub_01175,occlusion,20,20,0.29423993949130817,0.8763734564283368
cub_01175,guided_backprop,20,20,0.06719676549946599,0.8363997849966837
cub_01178,gradcam,21,21,0.1084777907599346,0.8017438780734665
cub_01178,gradcam++,21,21,0.14468501990049842,0.8045559246311313
cub_01178,integrated_gradients,21,21,0.05071693389763823,0.7917985157211661
cub_01178,gradient_shap,21,21,0.050301527183910365,0.7616994501775478
cub_01178,occlusion,21,21,0.08803660315898014,0.8379571590790874
cub_01178,guided_backprop,21,21,0.04942141806095606,0.6684781094299977
cub_01179,gradcam,21,91,0.12255864881444725,0.8602480802219362
cub_01179,gradcam++,21,91,0.23868663902394477,0.7430358066689224
cub_01179,integrated_gradients,21,91,0.033420505328103894,0.4249057705397717
cub_01179,gradient_shap,21,91,0.03238497351994738,0.540198059240356
cub_01179,occlusion,21,91,0.04805093995528296,0.8441897142212837
cub_01179,guided_backprop,21,91,0.036617285828106104,0.6643865346442909
cub_01188,gradcam,21,21,0.27337092499219584,0.13277247969381276
cub_01188,gradcam++,21,21,0.3265835091748158,0.09159771508857373
cub_01188,integrated_gradients,21,21,0.11482306417165092,0.2647567853317014
cub_01188,gradient_shap,21,21,0.12333081664837664,0.23788870923308425
cub_01188,occlusion,21,21,0.07404126397304933,0.3210454900035984
cub_01188,guided_backprop,21,21,0.11586122362496101,0.3776072443273733
cub_01193,gradcam,21,21,0.17967540088720851,0.5531934482496581
cub_01193,gradcam++,21,21,0.1872457492587273,0.5737983943879953
cub_01193,integrated_gradients,21,21,0.10597920655127382,0.5171717283999897
cub_01193,gradient_shap,21,21,0.1287945126168779,0.5255469859795995
cub_01193,occlusion,21,21,0.0814177994048805,0.3945839912965311
cub_01193,guided_backprop,21,21,0.16205134414922215,0.6675414610872393
cub_01201,gradcam,21,104,0.2593391646165401,0.7662521451944484
cub_01201,gradcam++,21,104,0.30901458403095605,0.7415162096964195
cub_01201,integrated_gradients,21,104,0.054161365563049915,0.30398637030739334
cub_01201,gradient_shap,21,104,0.060499473521485936,0.3756649047369137
cub_01201,occlusion,21,104,0.2250089215580374,0.7179745407076552
cub_01201,guided_backprop,21,104,0.10022371103987099,0.5147888056235387
cub_01206,gradcam,21,104,0.20861187135451473,0.5276830764254554
cub_01206,gradcam++,21,104,0.2381159960990772,0.5279311397811398
cub_01206,integrated_gradients,21,104,0.04300788338296116,0.3180043273139745
cub_01206,gradient_shap,21,104,0.04320078366436065,0.3152892926009372
cub_01206,occlusion,21,104,0.0965937423752621,0.5145761689404026
cub_01206,guided_backprop,21,104,0.07508774257730692,0.27974271678831425
cub_01212,gradcam,21,104,0.095059697679244,0.45679156172554936
cub_01212,gradcam++,21,104,0.106638144236058,0.3560035097179934
cub_01212,integrated_gradients,21,104,0.043607888533733784,0.06241478726733474
cub_01212,gradient_shap,21,104,0.03686718631070107,0.06582374053541568
cub_01212,occlusion,21,104,0.04349012973252685,0.27804450134281067
cub_01212,guided_backprop,21,104,0.026638616039417685,0.07277138947974887
cub_01215,gradcam,21,21,0.07416922626871382,0.7074314578188932
cub_01215,gradcam++,21,21,0.08014262037904703,0.7126736783640808
cub_01215,integrated_gradients,21,21,0.11378356586064912,0.4017467166981078
cub_01215,gradient_shap,21,21,0.1180168595383293,0.4959955583544797
cub_01215,occlusion,21,21,0.03978419673076132,0.7027925342539675
cub_01215,guided_backprop,21,21,0.1251902094736579,0.6822742277974614
cub_01216,gradcam,21,21,0.046773008986201604,0.6057098295001195
cub_01216,gradcam++,21,21,0.050703053984034345,0.5981357026015758
cub_01216,integrated_gradients,21,21,0.18535936345433585,0.7061842564246035
cub_01216,gradient_shap,21,21,0.15146928025496892,0.7326757746734073
cub_01216,occlusion,21,21,0.030301302175212184,0.5007758239793475
cub_01216,guided_backprop,21,21,0.20939139884867475,0.6913597300866969
cub_01229,gradcam,21,21,0.2429271925575449,0.5022243055267609
cub_01229,gradcam++,21,21,0.15167784649966054,0.5706029824199504
cub_01229,integrated_gradients,21,21,0.37709866221848637,0.3431988085605553
cub_01229,gradient_shap,21,21,0.38712577499536566,0.3285014702225453
cub_01229,occlusion,21,21,0.21160969228221801,0.2903261399231269
cub_01229,guided_backprop,21,21,0.2792123015606194,0.6475475055383866
cub_01230,gradcam,21,21,0.135445842127956,0.7594854867769754
cub_01230,gradcam++,21,21,0.10267301139974734,0.7791383258285349
cub_01230,integrated_gradients,21,21,0.19857710267970108,0.5446062064715079
cub_01230,gradient_shap,21,21,0.18505963029892886,0.627147960064758
cub_01230,occlusion,21,21,0.11621230287855723,0.5278461915018852
cub_01230,guided_backprop,21,21,0.14476938877924114,0.7069074975544936
cub_01244,gradcam,22,0,0.46881958047742955,0.09276590993977149
cub_01244,gradcam++,22,0,0.4798908056633081,0.11159691707580349
cub_01244,integrated_gradients,22,0,0.0313295382715296,0.24156040697707798
cub_01244,gradient_shap,22,0,0.027438596863066777,0.30277009773417374
cub_01244,occlusion,22,0,0.036233431071741505,0.26593043412431144
cub_01244,guided_backprop,22,0,0.04750902824453078,0.1454468964366242
cub_01250,gradcam,22,24,0.10039899665571286,0.8869001946004573
cub_01250,gradcam++,22,24,0.09151328619918787,0.8975058749405436
cub_01250,integrated_gradients,22,24,0.07826999623212032,0.9597162366088015
cub_01250,gradient_shap,22,24,0.063397357420763,0.9278416581626515
cub_01250,occlusion,22,24,0.12500675942283127,0.891825155931292
cub_01250,guided_backprop,22,24,0.08827119941124692,0.7821953274484258
cub_01260,gradcam,22,24,0.4023376005759928,0.04478607363125773
cub_01260,gradcam++,22,24,0.3463656973151957,0.0756974432384595
cub_01260,integrated_gradients,22,24,0.04932732550078073,0.6581274029042105
cub_01260,gradient_shap,22,24,0.04249219861230813,0.598022718745051
cub_01260,occlusion,22,24,0.04692189617780969,0.47771001052460627
cub_01260,guided_backprop,22,24,0.052607049845391884,0.5222853413957637
cub_01261,gradcam,22,22,0.12884340339805933,0.8615179800544867
cub_01261,gradcam++,22,22,0.09843786670244299,0.8806340193841606
cub_01261,integrated_gradients,22,22,0.03881072455551476,0.814271433907561
cub_01261,gradient_shap,22,22,0.04045104144606739,0.7914469368522986
cub_01261,occlusion,22,22,0.08304628340993077,0.9287196830613538
cub_01261,guided_backprop,22,22,0.046209803642705084,0.7806183551205322
cub_01267,gradcam,22,22,0.3591697122436017,0.22058985885232682
cub_01267,gradcam++,22,22,0.4069722281536088,0.13224795449059454
cub_01267,integrated_gradients,22,22,0.024995182803831995,0.382019427116029
cub_01267,gradient_shap,22,22,0.02712024182546884,0.3019407335086725
cub_01267,occlusion,22,22,0.07574810038786382,0.31395727733615786
cub_01267,guided_backprop,22,22,0.04852242909837515,0.2920667993370444
cub_01270,gradcam,22,24,0.06486346551100725,0.5433203996450174
cub_01270,gradcam++,22,24,0.08131660406215815,0.5370945964066778
cub_01270,integrated_gradients,22,24,0.05002981202560477,0.18558321308228187
cub_01270,gradient_shap,22,24,0.04720800232025796,0.38113684171694323
cub_01270,occlusion,22,24,0.11546110804920318,0.392443771584658
cub_01270,guided_backprop,22,24,0.03275352379423566,0.28634058925672434
cub_01272,gradcam,22,22,0.3095577199943363,0.1456245332024991
cub_01272,gradcam++,22,22,0.42362141525372865,0.12567417819518595
cub_01272,integrated_gradients,22,22,0.049859815672971305,0.4139555187430233
cub_01272,gradient_shap,22,22,0.04566832922864705,0.40478069332893934
cub_01272,occlusion,22,22,0.03157748803496361,0.3130675016669556
cub_01272,guided_backprop,22,22,0.04290120282676071,0.3847947482718155
cub_01273,gradcam,22,22,0.6636753179831432,0.5797476322448346
cub_01273,gradcam++,22,22,0.6848871346330271,0.43762365602888165
cub_01273,integrated_gradients,22,22,0.18950918607879436,0.6230652919737621
cub_01273,gradient_shap,22,22,0.1530001741135493,0.6921605973737314
cub_01273,occlusion,22,22,0.07209955332800747,0.7398206180660054
cub_01273,guided_backprop,22,22,0.17585860032122586,0.7955459506018088
cub_01275,gradcam,22,24,0.38356878980994225,0.28421457701624603
cub_01275,gradcam++,22,24,0.39938139652076654,0.31556135911087035
cub_01275,integrated_gradients,22,24,0.06648268931894565,0.349589188961545
cub_01275,gradient_shap,22,24,0.04605861465097406,0.36922634557704437
cub_01275,occlusion,22,24,0.16083919579104988,0.3832774131034966
cub_01275,guided_backprop,22,24,0.07921620740671644,0.3078261873277369
cub_01279,gradcam,22,22,0.18164646420627836,0.786382944008801
cub_01279,gradcam++,22,22,0.33977466518990695,0.584106140350923
cub_01279,integrated_gradients,22,22,0.05895751290954649,0.679424475110136
cub_01279,gradient_shap,22,22,0.04763531133066863,0.689476984203793
cub_01279,occlusion,22,22,0.2156204035505653,0.8717416786821561
cub_01279,guided_backprop,22,22,0.05285849005449564,0.6449743130011484
cub_01280,gradcam,22,22,0.03800092277815565,0.48588568230625245
cub_01280,gradcam++,22,22,0.7039033478358762,0.14564662147313354
cub_01280,integrated_gradients,22,22,0.03461432096082717,0.7410891826031729
cub_01280,gradient_shap,22,22,0.03367801185231655,0.7557254596380517
cub_01280,occlusion,22,22,0.044611912802793086,0.7969741248292849
cub_01280,guided_backprop,22,22,0.03743722445797176,0.650149219087325
cub_01288,gradcam,22,22,0.2600844376254827,0.20732539863092825
cub_01288,gradcam++,22,22,0.31439882337581365,0.2860243204748258
cub_01288,integrated_gradients,22,22,0.06043089479207992,0.39132020634133374
cub_01288,gradient_shap,22,22,0.04608001767192036,0.41043054375331844
cub_01288,occlusion,22,22,0.07802815425675363,0.7496164719341322
cub_01288,guided_backprop,22,22,0.04387968627270312,0.3941888340516016
cub_01292,gradcam,23,23,0.03694986109730962,0.4732786428136024
cub_01292,gradcam++,23,23,0.4172927674615495,0.08001724000023383
cub_01292,integrated_gradients,23,23,0.022801702706419742,0.10325818161181813
cub_01292,gradient_shap,23,23,0.024757218097147416,0.11289131014309532
cub_01292,occlusion,23,23,0.019170900298558998,0.5074382708971824
cub_01292,guided_backprop,23,23,0.02204230195602577,0.1331490011343703
cub_01298,gradcam,23,23,0.08605846958344046,0.7365314205013419
cub_01298,gradcam++,23,23,0.375725772181977,0.17213922955670566
cub_01298,integrated_gradients,23,23,0.032590628768593886,0.36270752834789166
cub_01298,gradient_shap,23,23,0.03447398698590405,0.48693053288552623
cub_01298,occlusion,23,23,0.08306104498733476,0.5352986232242982
cub_01298,guided_backprop,23,23,0.033495649521864845,0.329164100942944
cub_01304,gradcam,23,23,0.156920031498521,0.6728033170842537
cub_01304,gradcam++,23,23,0.4250977173778665,0.2390236797811667
cub_01304,integrated_gradients,23,23,0.02869504184163816,0.795140832049583
cub_01304,gradient_shap,23,23,0.028687277579956576,0.7570741766521677
cub_01304,occlusion,23,23,0.04099829504957597,0.7311930196749017
cub_01304,guided_backprop,23,23,0.03502449047336995,0.664442960211818
cub_01319,gradcam,23,23,0.12508537628855268,0.7430893737280712
cub_01319,gradcam++,23,23,0.14049585661086894,0.6465788314508245
cub_01319,integrated_gradients,23,23,0.040016731565629016,0.7309164447167859
cub_01319,gradient_shap,23,23,0.06332728853849405,0.7018963690770762
cub_01319,occlusion,23,23,0.0412014560741227,0.8286034719476447
cub_01319,guided_backprop,23,23,0.03991476619376044,0.7037729041108831
cub_01322,gradcam,23,23,0.10344301936238481,0.7790591466629848
cub_01322,gradcam++,23,23,0.2753833498118184,0.6235895549336419
cub_01322,integrated_gradients,23,23,0.041868869248355624,0.7742537984082446
cub_01322,gradient_shap,23,23,0.05283409820804081,0.7814820823648916
cub_01322,occlusion,23,23,0.030868329731674752,0.7911318152600869
cub_01322,guided_backprop,23,23,0.07824397295298696,0.7721916244754539
cub_01324,gradcam,23,22,0.15327146425261162,0.07154668285511433
cub_01324,gradcam++,23,22,0.2591142491670325,0.08753190085990353
cub_01324,integrated_gradients,23,22,0.01601364887028467,0.4185494184261188
cub_01324,gradient_shap,23,22,0.020234559080563486,0.4705596321029589
cub_01324,occlusion,23,22,0.011139245724189095,0.4261970967752859
cub_01324,guided_backprop,23,22,0.018302059890993407,0.34173052541445936
cub_01332,gradcam,23,23,0.30730035462584054,0.6865387005655066
cub_01332,gradcam++,23,23,0.6536114058089879,0.4263334289495106
cub_01332,integrated_gradients,23,23,0.13304830305678478,0.5170702289946347
cub_01332,gradient_shap,23,23,0.1344258659675688,0.6845706218311534
cub_01332,occlusion,23,23,0.07859283975958532,0.8461392972076283
cub_01332,guided_backprop,23,23,0.04070328195630282,0.7331923597881542
cub_01337,gradcam,23,23,0.09355750011272902,0.7507874102720962
cub_01337,gradcam++,23,23,0.050349736958378334,0.7294814163276897
cub_01337,integrated_gradients,23,23,0.028478258096947685,0.6541499157359795
cub_01337,gradient_shap,23,23,0.028454831211638523,0.5555390155332134
cub_01337,occlusion,23,23,0.07666117507142191,0.606159746872072
cub_01337,guided_backprop,23,23,0.030717504785206986,0.4981430721858487
cub_01338,gradcam,23,23,0.07528088961662435,0.6118499356711254
cub_01338,gradcam++,23,23,0.37006916525533606,0.1943109006107988
cub_01338,integrated_gradients,23,23,0.026427513475573507,0.6980871219577238
cub_01338,gradient_shap,23,23,0.02679915605513088,0.6837315037304506
cub_01338,occlusion,23,23,0.03661262054338295,0.7590092430280493
cub_01338,guided_backprop,23,23,0.025870474082694273,0.5357061793485628
cub_01339,gradcam,23,142,0.20091103315353392,0.06376157845370471
cub_01339,gradcam++,23,142,0.21177932005375621,0.04829738446860573
cub_01339,integrated_gradients,23,142,0.016966257942840457,0.1092680905945599
cub_01339,gradient_shap,23,142,0.018910099001368506,0.11198030752129853
cub_01339,occlusion,23,142,0.05552764516323804,0.08009405112825332
cub_01339,guided_backprop,23,142,0.02060794269200414,0.10083658486837521
cub_01351,gradcam,24,24,0.2620596125634621,0.7587232260673773
cub_01351,gradcam++,24,24,0.25284506552270614,0.7508443291124423
cub_01351,integrated_gradients,24,24,0.05428914606454782,0.8167592527286615
cub_01351,gradient_shap,24,24,0.0379718057869468,0.7801826076756697
cub_01351,occlusion,24,24,0.10115591213543669,0.7608913245494477
cub_01351,guided_backprop,24,24,0.05957283669267781,0.7462899311620277
cub_01357,gradcam,24,43,0.16996403981465846,0.10396839224267748
cub_01357,gradcam++,24,43,0.15103679520543667,0.17949441105592995
cub_01357,integrated_gradients,24,43,0.06481994881760328,0.09707635666127315
cub_01357,gradient_shap,24,43,0.04614672486204654,0.10190404462045989
cub_01357,occlusion,24,43,0.1654936311533675,0.2427940150024369
cub_01357,guided_backprop,24,43,0.0266962903784588,0.1512876362656243
cub_01363,gradcam,24,23,0.22231729438753978,0.052978607460318
cub_01363,gradcam++,24,23,0.21915011106284513,0.05311463123907741
cub_01363,integrated_gradients,24,23,0.02039427900854207,0.24415978867727972
cub_01363,gradient_shap,24,23,0.017811993443683605,0.24345986553635157
cub_01363,occlusion,24,23,0.015212189453814064,0.263732269247339
cub_01363,guided_backprop,24,23,0.016622545108475606,0.20707000437359963
cub_01366,gradcam,24,24,0.557500051072566,0.11607301599578929
cub_01366,gradcam++,24,24,0.5529989617120009,0.05663906149275132
cub_01366,integrated_gradients,24,24,0.06128472329000942,0.7468600973661524
cub_01366,gradient_shap,24,24,0.059870853269239896,0.7443194896157366
cub_01366,occlusion,24,24,0.060443074008799155,0.6239110889000586
cub_01366,guided_backprop,24,24,0.07068420209398028,0.6654537245805839
cub_01367,gradcam,24,24,0.15904642765817698,0.6180815892934333
cub_01367,gradcam++,24,24,0.16535295259964186,0.6718119722034317
cub_01367,integrated_gradients,24,24,0.1002344586129766,0.5424089853593614
cub_01367,gradient_shap,24,24,0.1393959836859722,0.5517509918834549
cub_01367,occlusion,24,24,0.0831848723697476,0.6007000650744885
cub_01367,guided_backprop,24,24,0.11350720542832281,0.5499474012933205
cub_01369,gradcam,24,24,0.21669861826812856,0.807754604605725
cub_01369,gradcam++,24,24,0.23533599389193116,0.7444791531306693
cub_01369,integrated_gradients,24,24,0.15603731191367842,0.6582943715038708
cub_01369,gradient_shap,24,24,0.13667486120248215,0.7392343407671432
cub_01369,occlusion,24,24,0.13710635514726163,0.7933332767963293
cub_01369,guided_backprop,24,24,0.13852270994975696,0.7449058599944692
cub_01380,gradcam,24,24,0.19326328931492753,0.31776597056596073
cub_01380,gradcam++,24,24,0.3605979428335559,0.12205678222235287
cub_01380,integrated_gradients,24,24,0.10382071062340402,0.4445087749219965
cub_01380,gradient_shap,24,24,0.08144776989356614,0.4787079576577526
cub_01380,occlusion,24,24,0.11148364546825178,0.6399781182582956
cub_01380,guided_backprop,24,24,0.14015592763898901,0.4046146206732373
cub_01386,gradcam,24,24,0.13783741100924088,0.7892626982822548
cub_01386,gradcam++,24,24,0.1385329073586036,0.7653780728403945
cub_01386,integrated_gradients,24,24,0.039298972696997225,0.8571176181256304
cub_01386,gradient_shap,24,24,0.048873951635323466,0.8727274358447175
cub_01386,occlusion,24,24,0.1346892526053125,0.8238888719002717
cub_01386,guided_backprop,24,24,0.06273261423339137,0.7602044309809571
cub_01394,gradcam,24,22,0.1181180733605288,0.6159001755528152
cub_01394,gradcam++,24,22,0.3212944135302678,0.7562442992115392
cub_01394,integrated_gradients,24,22,0.036639701388776307,0.347593207960017
cub_01394,gradient_shap,24,22,0.03891267664730549,0.3325793209485709
cub_01394,occlusion,24,22,0.14377791762817654,0.7191805853741243
cub_01394,guided_backprop,24,22,0.03881964201573283,0.28215825797524297
cub_01395,gradcam,24,22,0.2073274893453345,0.07953262079972771
cub_01395,gradcam++,24,22,0.40023923066910366,0.08027803818695245
cub_01395,integrated_gradients,24,22,0.03877709347289056,0.5163418398005888
cub_01395,gradient_shap,24,22,0.036433471017517156,0.49687106243800366
cub_01395,occlusion,24,22,0.05185178685933352,0.6386864640517161
cub_01395,guided_backprop,24,22,0.036435462324880055,0.36845581724774096
cub_01396,gradcam,24,24,0.21790183510747746,0.71291123124538
cub_01396,gradcam++,24,24,0.24990422618575395,0.6691831965057645
cub_01396,integrated_gradients,24,24,0.22350736755761322,0.7487568844750058
cub_01396,gradient_shap,24,24,0.13077573475311516,0.7465828217740635
cub_01396,occlusion,24,24,0.3099585006246343,0.6374417619896121
cub_01396,guided_backprop,24,24,0.19284273289958945,0.8367075741465668
cub_01401,gradcam,24,29,0.03467187180649488,0.7027496701222844
cub_01401,gradcam++,24,29,0.03408238192496356,0.5242696608882397
cub_01401,integrated_gradients,24,29,0.047627152991481125,0.4183225446846336
cub_01401,gradient_shap,24,29,0.08002744044642895,0.27145537054166197
cub_01401,occlusion,24,29,0.5674850622424856,0.3901770640164613
cub_01401,guided_backprop,24,29,0.07619559806771575,0.32791247097775333
cub_01409,gradcam,25,25,0.07056796274264344,0.8549713737738784
cub_01409,gradcam++,25,25,0.08641243434394712,0.8358048015565146
cub_01409,integrated_gradients,25,25,0.05254118502489291,0.6271470257372129
cub_01409,gradient_shap,25,25,0.048740123241441335,0.6383327149611432
cub_01409,occlusion,25,25,0.045895478903548795,0.8416237982048189
cub_01409,guided_backprop,25,25,0.04434456417220644,0.4327473885437938
cub_01426,gradcam,25,25,0.03918464409071021,0.9140244378300849
cub_01426,gradcam++,25,25,0.0601610686571803,0.9089058356301394
cub_01426,integrated_gradients,25,25,0.030272340663941574,0.9610490064194892
cub_01426,gradient_shap,25,25,0.030151042883517224,0.9630425940325948
cub_01426,occlusion,25,25,0.03359774229465984,0.9147378047055099
cub_01426,guided_backprop,25,25,0.02993173674331047,0.8882409923768138
cub_01428,gradcam,25,25,0.025714293407509105,0.9117786209157203
cub_01428,gradcam++,25,25,0.026065837603528052,0.9075696746876929
cub_01428,integrated_gradients,25,25,0.02872584170545452,0.7854341480007861
cub_01428,gradient_shap,25,25,0.028512733959360055,0.7470779280236457
cub_01428,occlusion,25,25,0.029925513683701863,0.8991770784428809
cub_01428,guided_backprop,25,25,0.02809249474667013,0.6872227299085353
cub_01433,gradcam,25,25,0.10536681274534204,0.8892199882713612
cub_01433,gradcam++,25,25,0.1028477717016358,0.8880096689972562
cub_01433,integrated_gradients,25,25,0.030555467057274657,0.8359687392658088
cub_01433,gradient_shap,25,25,0.030683968606172125,0.8416102848073933
cub_01433,occlusion,25,25,0.03020169372903183,0.921556074457476
cub_01433,guided_backprop,25,25,0.03372859777300619,0.8550211648514959
cub_01435,gradcam,25,25,0.04885162676800975,0.6481443600554485
cub_01435,gradcam++,25,25,0.053186813247157266,0.592724350868957
cub_01435,integrated_gradients,25,25,0.029913389048306274,0.4829102411458734
cub_01435,gradient_shap,25,25,0.02837350287591107,0.5932108859589789
cub_01435,occlusion,25,25,0.028856664855265987,0.8692627693584656
cub_01435,guided_backprop,25,25,0.030446860269876197,0.7201029046031181
cub_01442,gradcam,25,25,0.03265694066067226,0.7941253448894713
cub_01442,gradcam++,25,25,0.029828211298445245,0.771612602012465
cub_01442,integrated_gradients,25,25,0.029873970168409873,0.6902472815534566
cub_01442,gradient_shap,25,25,0.03519480132381431,0.7568970377615186
cub_01442,occlusion,25,25,0.026311022561276334,0.7796726490429137
cub_01442,guided_backprop,25,25,0.0297241841442883,0.6331536459794733
cub_01449,gradcam,25,28,0.03515756405249704,0.0336507067113416
cub_01449,gradcam++,25,28,0.5588550383399707,0.04331222530745432
cub_01449,integrated_gradients,25,28,0.025697900801606017,0.5881450816668803
cub_01449,gradient_shap,25,28,0.025483889409224504,0.619032002048334
cub_01449,occlusion,25,28,0.026947291029500775,0.5354225013375981
cub_01449,guided_backprop,25,28,0.026601446056156424,0.4412590891559374
cub_01451,gradcam,25,25,0.03376980743778404,0.8292164571175819
cub_01451,gradcam++,25,25,0.032927650358760725,0.8083896326890682
cub_01451,integrated_gradients,25,25,0.029603789554676043,0.8733256790379528
cub_01451,gradient_shap,25,25,0.031197985395556318,0.9049939165881368
cub_01451,occlusion,25,25,0.03672845264081844,0.832575366931269
cub_01451,guided_backprop,25,25,0.03212956158095039,0.76653440585942
cub_01452,gradcam,25,25,0.09244657983654178,0.8675020919239614
cub_01452,gradcam++,25,25,0.09475724291405639,0.8676025787659456
cub_01452,integrated_gradients,25,25,0.08097821865812875,0.8697560424974653
cub_01452,gradient_shap,25,25,0.0578639681043569,0.8513406851852778
cub_01452,occlusion,25,25,0.035430953366449115,0.9069652418664191
cub_01452,guided_backprop,25,25,0.054838439967716125,0.8806268434098455
cub_01458,gradcam,25,25,0.07796442816616035,0.8288534841092768
cub_01458,gradcam++,25,25,0.08012460086611099,0.8346001253521534
cub_01458,integrated_gradients,25,25,0.07626377307460643,0.7636714326508809
cub_01458,gradient_shap,25,25,0.04940032512531616,0.8070487476477866
cub_01458,occlusion,25,25,0.028829050582135102,0.8715886603167746
cub_01458,guided_backprop,25,25,0.03833191530429759,0.8084314297011589
cub_01460,gradcam,25,25,0.05045972611405888,0.8943214918544982
cub_01460,gradcam++,25,25,0.04739370076567866,0.8780693079403137
cub_01460,integrated_gradients,25,25,0.04103775786352344,0.7898891003860624
cub_01460,gradient_shap,25,25,0.035683691833401095,0.8124430882802699
cub_01460,occlusion,25,25,0.03243891797610559,0.9006192411354277
cub_01460,guided_backprop,25,25,0.03329803536762484,0.7132178868225311
cub_01461,gradcam,25,25,0.12091788825928235,0.8849930318363477
cub_01461,gradcam++,25,25,0.12080001214635558,0.8788810329453554
cub_01461,integrated_gradients,25,25,0.045102238288382064,0.8539085856231394
cub_01461,gradient_shap,25,25,0.04920658937771804,0.8364271581696812
cub_01461,occlusion,25,25,0.040007617051014674,0.9168471361568663
cub_01461,guided_backprop,25,25,0.05386585225933232,0.7833163562288974
cub_01466,gradcam,26,26,0.1269931145070586,0.7706682069343513
cub_01466,gradcam++,26,26,0.08569794514914975,0.8011284643551334
cub_01466,integrated_gradients,26,26,0.02680313413729891,0.6334659734624439
cub_01466,gradient_shap,26,26,0.028433058061636988,0.6106409110245294
cub_01466,occlusion,26,26,0.09853742009727284,0.66337331389077
cub_01466,guided_backprop,26,26,0.03184656120138243,0.44705831289757036
cub_01467,gradcam,26,10,0.3204506959687933,0.02398410526493533
cub_01467,gradcam++,26,10,0.36840610646413546,0.022471861357007558
cub_01467,integrated_gradients,26,10,0.02837389286087273,0.35146173789053137
cub_01467,gradient_shap,26,10,0.026657813379461003,0.3728709212964532
cub_01467,occlusion,26,10,0.02179073860406788,0.56212663588758
cub_01467,guided_backprop,26,10,0.022398347667513006,0.3287998685957063
cub_01471,gradcam,26,26,0.04034760891809129,0.07340368877630679
cub_01471,gradcam++,26,26,0.056411839020438496,0.04609576464863492
cub_01471,integrated_gradients,26,26,0.016604192013619467,0.2701459354255349
cub_01471,gradient_shap,26,26,0.016249254025751725,0.2649942178686615
cub_01471,occlusion,26,26,0.01864453461021185,0.47349847466393846
cub_01471,guided_backprop,26,26,0.016260444029467185,0.2620863860560348
cub_01484,gradcam,26,8,0.07671323170652615,0.7903392548090777
cub_01484,gradcam++,26,8,0.09825544416671618,0.7385602949536405
cub_01484,integrated_gradients,26,8,0.027402739523677156,0.774678135139402
cub_01484,gradient_shap,26,8,0.027139008312951775,0.7755232571042143
cub_01484,occlusion,26,8,0.051124216441530736,0.7968401341116986
cub_01484,guided_backprop,26,8,0.026663010855554604,0.5878279863274657
cub_01485,gradcam,26,26,0.20661309270653874,0.9298555546673015
cub_01485,gradcam++,26,26,0.45294456307310615,0.7341476808534936
cub_01485,integrated_gradients,26,26,0.032974570943042646,0.7721978924935683
cub_01485,gradient_shap,26,26,0.03588801396545023,0.7476898161461576
cub_01485,occlusion,26,26,0.22152967138681562,0.8029370913980527
cub_01485,guided_backprop,26,26,0.04927931987913327,0.4471727438969538
cub_01494,gradcam,26,26,0.11744233043864369,0.060082628577947626
cub_01494,gradcam++,26,26,0.11866999904159457,0.04848016028990968
cub_01494,integrated_gradients,26,26,0.010606962861493232,0.054321020291536105
cub_01494,gradient_shap,26,26,0.01122429952956736,0.0648740530545183
cub_01494,occlusion,26,26,0.028833093808498234,0.09022438777610658
cub_01494,guided_backprop,26,26,0.01091963624348864,0.08347326031071135
cub_01496,gradcam,26,26,0.014085874370357488,0.27393291185144336
cub_01496,gradcam++,26,26,0.013556413188052832,0.22760394017677754
cub_01496,integrated_gradients,26,26,0.015047564491396768,0.1041698682005517
cub_01496,gradient_shap,26,26,0.016102200496243314,0.07189763111528007
cub_01496,occlusion,26,26,0.026907749194651845,0.10739861035253852
cub_01496,guided_backprop,26,26,0.018000426021171738,0.07014633686048909
cub_01497,gradcam,26,28,0.0422014154784847,0.6699573357851477
cub_01497,gradcam++,26,28,0.050777314735023546,0.3156000461807707
cub_01497,integrated_gradients,26,28,0.023877204049495053,0.49325862921250524
cub_01497,gradient_shap,26,28,0.024376783016487023,0.3898670702328672
cub_01497,occlusion,26,28,0.08191920972603839,0.3830150638503255
cub_01497,guided_backprop,26,28,0.02307228399149608,0.32921622160065445
