sample_id,label,target,spearman_gradcam_vs_gradcam++,top20_iou_gradcam_vs_gradcam++,spearman_gradcam_vs_gradient_shap,top20_iou_gradcam_vs_gradient_shap,spearman_gradcam_vs_guided_backprop,top20_iou_gradcam_vs_guided_backprop,spearman_gradcam_vs_integrated_gradients,top20_iou_gradcam_vs_integrated_gradients,spearman_gradcam_vs_occlusion,top20_iou_gradcam_vs_occlusion,spearman_gradcam++_vs_gradient_shap,top20_iou_gradcam++_vs_gradient_shap,spearman_gradcam++_vs_guided_backprop,top20_iou_gradcam++_vs_guided_backprop,spearman_gradcam++_vs_integrated_gradients,top20_iou_gradcam++_vs_integrated_gradients,spearman_gradcam++_vs_occlusion,top20_iou_gradcam++_vs_occlusion,spearman_gradient_shap_vs_guided_backprop,top20_iou_gradient_shap_vs_guided_backprop,spearman_gradient_shap_vs_integrated_gradients,top20_iou_gradient_shap_vs_integrated_gradients,spearman_gradient_shap_vs_occlusion,top20_iou_gradient_shap_vs_occlusion,spearman_guided_backprop_vs_integrated_gradients,top20_iou_guided_backprop_vs_integrated_gradients,spearman_guided_backprop_vs_occlusion,top20_iou_guided_backprop_vs_occlusion,spearman_integrated_gradients_vs_occlusion,top20_iou_integrated_gradients_vs_occlusion,mean_spearman,mean_top20_iou
cub_00005,0,0,0.9270835280005968,0.9286949836632712,0.7277533686961184,0.48721748795850317,0.7212806064490629,0.5227617602427921,0.7157097187524597,0.3925895087427144,0.6836021683424819,0.47776967930029157,0.7761016576026326,0.46635493534010375,0.7814154097516192,0.5089091045786032,0.7599942280906449,0.3775825382661816,0.7241282181668333,0.45142816235951033,0.7090894898424535,0.4143763213530655,0.7616940275814352,0.4711919073449641,0.6269178764467878,0.4490423098913665,0.6306886780463764,0.320307874481942,0.5987320892096382,0.402920011071132,0.6433325314056287,0.4107291956582243,0.7191682397589845,0.4721250520168444
cub_00009,0,0,0.9184100894282144,0.9726754472183998,0.7415562076508779,0.5789473684210527,0.7389762410591968,0.5420668459469843,0.7024575524447569,0.5496872828353023,0.5363784470416928,0.48807339449541287,0.7309852244875287,0.5760954923825977,0.7485220755897677,0.539582694077938,0.6722018905576715,0.5469400339139818,0.47225042574301124,0.488838302247026,0.7100055633055843,0.5504055619930475,0.7913948239697838,0.6070141724717751,0.5088932684895249,0.4660159074475777,0.667796428709204,0.5165482847211728,0.5000248988402416,0.45570074669730043,0.5060144772503957,0.45163599914083197,0.6630578409711634,0.5553485022673601
cub_00016,0,0,0.961853283712082,0.9555685472084186,0.5441821352911669,0.3533378287255563,0.6267495960010717,0.392976124375347,0.4904825482238838,0.326679005817028,0.547109200073378,0.4966413228020964,0.5836624762627081,0.3472511243874606,0.6632904050211954,0.3933629547347959,0.5357223766785872,0.3213509776812167,0.47138963441538795,0.49752566659280595,0.5609520788549596,0.33782162378349556,0.6823599304795983,0.4805252286810269,0.3452827871353322,0.3167294453825172,0.4947507655677332,0.2979370109293151,0.4312259087305733,0.3187849616235202,0.31382582129098435,0.3051174766655938,0.5501892631825761,0.4094406199593464
cub_00022,0,0,-0.3209338491190581,0.007580701842461971,-0.4802413276222383,0.00803616273229533,-0.5187810604889839,0.011439802449226428,-0.46110029045304757,0.005359915844311977,-0.03089945102841793,0.012787851541036016,0.3909329338573145,0.22318381277425647,0.6294618750124757,0.33134328358208953,0.30875189908336054,0.22236433400328887,0.6600561721626259,0.46084011816413284,0.5595158564522849,0.2799744897959184,0.75289895680161,0.4479474785369021,0.22964760431006725,0.26853531877619974,0.4972818957058461,0.255395008444361,0.41429704463515277,0.3130626254776245,0.21332456081495738,0.2637122911992022,0.1896141880082633,0.20743754634422049
cub_00027,0,0,0.8761781374241208,0.7873363612075875,0.562460694247401,0.33046072257209147,0.5674058275263625,0.42038216560509556,0.39887421964720987,0.2676856998484083,0.63989459674212,0.43590651558073656,0.6621682067022627,0.31313792200994506,0.7368353265886054,0.42562864043187953,0.5042605381838914,0.2494552698748677,0.623248743707847,0.4095522803114572,0.6500725905803101,0.34978814984195306,0.6127161294948047,0.37938144329896906,0.4996397352181182,0.3580040187541862,0.5135595568518828,0.2656072644721907,0.6155358546284088,0.41902295632698766,0.35345645450868407,0.2708411683590322,0.587753774136802,0.37881270523302585
cub_00032,0,0,-0.005626641887800788,0.14450273722627738,0.013186618628165841,0.12981310515649627,0.057158284248638974,0.1618617575547065,0.0862544451834977,0.14548256378060612,0.2919934942580105,0.3087399948360444,0.6438658577974352,0.4091132486133539,0.725119665376784,0.4187756256185494,0.6569746679982722,0.4081246053462429,0.5067588450543127,0.3981794359009723,0.6792533206591385,0.4772559988223171,0.7031447635196665,0.5387564210687725,0.3734054585316959,0.26072627782614105,0.6696607937458098,0.42785998861696073,0.5019355599886259,0.33484758706958984,0.4046547659505548,0.27491668238697103,0.4205159932701871,0.3225970686549335
cub_00043,0,0,0.999260119029575,0.95575911128435,0.7423071584786262,0.41049968374446555,0.6381866254463768,0.24011369253583786,0.7032605967729103,0.4126838882241149,0.3912877422542192,0.2511570502931194,0.7419337840155609,0.4204826951659707,0.627462849347799,0.2328009828009828,0.7023562582271646,0.4173728813559322,0.382294486318101,0.25015414971019856,0.5623556083092793,0.2712186470737269,0.7499542106529643,0.544559027243343,0.3154498741073413,0.27123957614897487,0.5288144774664872,0.2605200351714609,0.45318317028498645,0.34147148339288075,0.31760265414890443,0.26805929076239915,0.5903806409906864,0.36987281299385055
cub_00048,0,0,-0.08129217786931021,0.1849032105760151,0.013463590385838902,0.1277946298168745,-0.025873362660406535,0.1091039664125511,0.029131117468970718,0.1409331135989089,-0.05880082937422387,0.17088096062810298,0.7329219316899882,0.43459614010007147,0.799981023690607,0.5721447595174682,0.7201200523692813,0.3762600288006583,0.36903845526588336,0.40808389471491074,0.7140069506280221,0.42431339152650627,0.6847780643501599,0.439328743545611,0.27559254971036956,0.31964332205154905,0.6549797314203436,0.33835689517204587,0.24099202857159893,0.29033284541462484,0.2901882150761891,0.3311666994944521,0.3572818227148875,0.31118950675802337
cub_00051,0,0,0.9438008282986882,0.7942070445199356,0.6006841008108529,0.41477513041026365,0.6921790893667067,0.5610173446371627,0.5605826053840802,0.3857626182420769,0.44532960403993194,0.37187901752486635,0.6606169811511796,0.4122862571247625,0.7126932311218283,0.48468708388814913,0.6019575322466516,0.3871034625751607,0.4199376588763736,0.30570582174137045,0.6252999230530916,0.40802581731443804,0.7796707316908648,0.6181568975247924,0.3310105750576161,0.33757751682279985,0.572179489075235,0.3757883191664382,0.4433876481449359,0.39750482492417977,0.29114376232926364,0.30637886597938147,0.57869825070982,0.4373904014930518
cub_00052,0,0,0.9891754964874954,0.8694113263785395,0.7371374266544263,0.5362829148805879,0.7182338900026853,0.423606185274507,0.6717903272532812,0.47540983606557374,0.7107767724565611,0.5891989340021947,0.7125631198985053,0.5214919263133955,0.6765228591378238,0.400265122444708,0.6550012019795259,0.46282798833819244,0.7085123512430235,0.580403772702471,0.6462083465385258,0.4385034403669725,0.6373768451331329,0.4776910616993079,0.5799942328534583,0.5221471471471472,0.5700995264950894,0.3586515028432169,0.5455998937936447,0.40059408676429953,0.562247214783617,0.4949859902669223,0.6747493003140531,0.5034314156992025
cub_00054,0,0,0.39594520301361896,0.3169291338582677,0.3278327384450126,0.34112930170397593,0.25186042678364423,0.2725082424549835,0.27352583675157105,0.2940038684719536,0.3897965316001815,0.35058619770849986,0.5691273789753959,0.41577313769751695,0.6306646904806965,0.42908003417829677,0.5419871560239427,0.3729648378711178,0.5744098095026681,0.4658039329091961,0.6156099710550692,0.3724015317286652,0.7858870933840347,0.5241494532199271,0.5395894918687891,0.35845896147403683,0.5815558167992511,0.3392499666355265,0.526842155526339,0.41496266313071395,0.5305230149766397,0.3342326928138984,0.502343821012457,0.3734822637237718
cub_00057,0,0,0.1679456031876844,0.3650275453988982,0.15445391903861835,0.26401309988663557,0.1962316322337716,0.30894149872823323,0.20217041668181024,0.2861262415892342,0.3296526221538753,0.3740173488750339,0.5938646923089023,0.3645635028555888,0.7842616416159452,0.49776119402985075,0.5630338771245063,0.3758826352231439,0.7160044328311731,0.552806923489316,0.6196306980001699,0.4385034403669725,0.7353720591621856,0.5706683362028486,0.5379807232501651,0.4594730780305212,0.5854865225865665,0.42684487416465233,0.7172882260295742,0.6160529252351347,0.5457330117147733,0.45863309352517984,0.4966073385279814,0.42395438250674966
cub_00061,1,0,-0.05244734861291968,0.051501021637763926,0.12632392507730159,0.12854251012145748,0.17182744047881637,0.11916578375062734,0.12767314579392036,0.1265787257928712,0.1699355325020988,0.13846931326857206,0.5715224919595643,0.491971454058876,0.6384733301011686,0.5424223793421458,0.5561916099130053,0.4782352507917802,0.5714534959525371,0.41812967755473174,0.5841464818927729,0.49452677042222054,0.7757221362482656,0.6330349877949553,0.5206116175279116,0.4641103408434431,0.5457176687318467,0.473568281938326,0.6291533607138412,0.4350934314835787,0.4808588224703711,0.4442940589827611,0.4278109140500336,0.3626429325189407
cub_00074,1,1,0.8642455648551023,0.8285349854227405,0.5311238123138226,0.26107445805843543,0.5509991548526445,0.3073215216258468,0.5299985487571647,0.2919214676536852,-0.024661105494817266,0.19630634883172055,0.7216692720750567,0.3060454220081994,0.7404456087555981,0.3532465781134111,0.7140433198633839,0.34229534510433385,-0.008435763083269527,0.19637693987136368,0.8344646064304844,0.47899778924097275,0.8257021506570502,0.5480138835325877,0.04195593513530775,0.21479928100659076,0.8021642067963456,0.44941142485736985,-0.014851031493867975,0.2356777181862506,0.06209142914532272,0.21327269463227813,0.47806371397102176,0.3482197238763858
cub_00077,1,1,0.1444902735920219,0.4778162018983151,0.15499673840476644,0.19142247004389606,0.010750171155722176,0.2478255467196819,0.14941006047248448,0.18258360810174282,0.08467087299293223,0.19988172678888233,0.4522044567574438,0.3073215216258468,0.671297227083137,0.41119392490507667,0.4164556039202069,0.2915057915057915,0.6428781355897832,0.36697680690399137,0.4208193275136101,0.28976286871023715,0.7754502705203933,0.4957519749590103,0.5513493795735996,0.2671875,0.3668028467235984,0.2648096798588354,0.535698973325109,0.34040724580193044,0.473182188412076,0.23207340787554692,0.3900304350691257,0.30443468504658566
cub_00087,1,44,0.9554126034506919,0.6871217215870881,0.0945319973674604,0.12041534081393401,0.36924149839610404,0.20540540540540542,0.17499343115776111,0.13166055821821257,0.31846787078256084,0.15824050271351042,0.07175451958597914,0.11561978877153975,0.3406219513274917,0.16985311261366287,0.17349711130850437,0.14882655981682885,0.32630890493691106,0.2018375815056313,0.3571050498330501,0.26139149016403745,0.7188547835820723,0.44690361185206545,0.16920120287986032,0.1711529574861368,0.3279681811894391,0.2351529324881531,0.26633240853742857,0.17836801115889805,0.18932221020856776,0.21066459664417508,0.32357424830292547,0.22950761141595194
cub_00091,1,0,0.9430015210491572,0.4745426493277496,0.7169761006928895,0.47921580188679247,0.876151549207351,0.5222997572815534,0.6780877874279475,0.46186903634642,0.7061005773651812,0.5770846297448662,0.6500714268562838,0.28604382929642447,0.8458761106186228,0.4237071717386678,0.6285202857395353,0.3068107826539914,0.6133715784455179,0.30789575538640174,0.7064292420945557,0.4543478260869565,0.7158837696245699,0.5174655980644186,0.5927242659693738,0.4378412878519254,0.6653909524032838,0.41937765205091937,0.6576821538027031,0.41674236601215847,0.5488763476186028,0.408181691901653,0.703009577927705,0.43289505570872655
cub_00092,1,1,-0.34491197621565783,0.19999601403061223,-0.379757686143613,0.19999601403061223,-0.4427581904152614,0.19999601403061223,-0.3871638927580023,0.19999601403061223,-0.1438381926867807,0.20408163265306123,0.43929877993744915,0.2650488496690829,0.569171957654417,0.3476129725374337,0.4137348837755038,0.27688001017941216,0.5039024924054829,0.3952928222421031,0.5761857987788664,0.267125449839005,0.7751475088748115,0.4143763213530655,0.3404398350815963,0.23953047624870086,0.5508825197091386,0.2467387253074916,0.40585998430207554,0.3047815174721668,0.3384530055773463,0.2483068587612363,0.21430978852515817,0.2673173128256805
cub_00093,1,1,0.6815209632885731,0.6981132075471698,0.46605180023157444,0.36132401817811843,0.5478710620852408,0.45931796698902055,0.43287485591595526,0.33933933933933935,0.4555232813995117,0.4253075571177504,0.6494635646662518,0.45129799696290407,0.8161762538204675,0.5590771381962246,0.621378668418559,0.4316285041729082,0.36974005435841334,0.4261095871140184,0.6906574763198836,0.4675343667739105,0.8905121049147812,0.7156778936570354,0.45540535280757444,0.3432489731018948,0.6720855304345229,0.4531894866410832,0.44547812611970256,0.3852828641705384,0.4404194380320376,0.3330046022353715,0.5756772355208698,0.4566302334798192
cub_00094,1,1,0.5883352531159455,0.9636043439976519,0.17465586180849396,0.2925038639876352,0.2935484120223983,0.33826765353070615,0.15861912271244163,0.27924023200968834,0.2448434499754261,0.24188411123361508,0.606925557260249,0.2959256150319623,0.6949201594525423,0.3467990873708227,0.5826159715196962,0.2812001276731567,0.42085940342156175,0.24386503067484663,0.6777953625185839,0.3491529981177736,0.8482072002223898,0.5572625698324022,0.383699827377324,0.2817676065242129,0.6671813350266173,0.33275781924430575,0.47346483307772785,0.3188707474142978,0.3708856591045689,0.2728357084562747,0.47910382724106443,0.3597291676732901
cub_00097,1,1,0.6261036504246166,0.5537663544166602,0.4513697087777271,0.32405330518538067,0.4967340598985069,0.4149746192893401,0.33819165648897487,0.2305334150827713,0.2659648349286039,0.2574423220044654,0.5374802191679016,0.34328358208955223,0.7071192282629345,0.39500938347118925,0.5372719001267569,0.2756626199707621,0.48363931181150727,0.35320029366615496,0.4645225044823843,0.29300347893312717,0.7119725795868239,0.39617391304347827,0.29892281245173846,0.2559623366164901,0.39423605747418267,0.21290868435365928,0.32136840677932593,0.27587942860738784,0.2983963044821083,0.24669495173092296,0.46221954900960627,0.32190324589742286
cub_00104,1,1,0.8156803085729397,0.8991962174940898,0.4800030130732319,0.3544645265713515,0.3884905549026496,0.3266398044784992,0.4733454637145854,0.3516387374655091,0.1966977394006323,0.3554917156600748,0.5816594792411998,0.36577067029601906,0.5724997173518029,0.3258902028142961,0.6136588885375405,0.3599403713240276,0.308772736040417,0.3577311993571285,0.624082214150704,0.32422802850356297,0.7184239892731202,0.4867767982813542,0.2870636468287542,0.23983366966305877,0.603427452743414,0.287776708373436,0.3670141983872534,0.2884468734112862,0.32131572932549757,0.2475387644597588,0.49014234210291613,0.37142428587689685
cub_00114,1,1,0.8079766603364327,0.9374456993918332,0.7071940154558767,0.4976494291470786,0.7933068235520727,0.4805252286810269,0.6766246710913034,0.4898671219657041,0.21613873856806515,0.3246439304847772,0.6444347573276269,0.5038213696987861,0.7278303301716901,0.4916387959866221,0.6414656927720198,0.4938593226646818,0.19444420652183128,0.332829345253747,0.7450194374291488,0.5447967980295566,0.8270303130033712,0.664179104477612,0.27856136688877353,0.35383279914529914,0.72111681442108,0.5340518229763815,0.2619832174138574,0.41112193763919824,0.27009262391752586,0.35955206866492323,0.5675479779247117,0.4946543182804818
cub_00115,1,1,0.7931531883506456,0.6553942593203563,0.4341170636155285,0.2854672388394287,0.521729154254035,0.3285232011650228,0.39763741983160467,0.264172335600907,0.37316766455243977,0.439168086314594,0.5387774953082501,0.3970485869413894,0.5749811004033959,0.47183924904664126,0.5217080999861071,0.37597696421225835,0.38093200883000394,0.5614170196380439,0.6537586405669676,0.49097392467127254,0.6353735648865796,0.4466950191018525,0.3014305048221768,0.3590052952610765,0.6525707076427635,0.4422247772348376,0.34778455730392394,0.4439854711202906,0.2883933316824328,0.3337060913037758,0.49436763346912366,0.4197065013181165
cub_00125,2,2,-0.3217008221202233,0.20023517219387754,0.019648439777498007,0.19999601403061223,-0.07799646204345104,0.19999601403061223,0.07302386394471606,0.19999601403061223,0.1717926247246837,0.20408163265306123,0.27467173072849155,0.1212104293450952,0.3788567048736173,0.14225584437745292,0.19660466310558616,0.11251454213062988,0.3955625452211335,0.14383175462336492,0.48930663068372826,0.36317326631800584,0.7358327199574687,0.5220688609130897,0.28588392251539146,0.24272142200429053,0.4361523981644489,0.3412189254210104,0.30114812418331355,0.23650667805086295,0.26907642620841954,0.23582835547970254,0.24185756732832148,0.23104232837348537
cub_00131,2,70,-0.12925775473508083,0.1898268911548494,-0.2672017926491375,0.03177051202961135,-0.3132552428207741,0.04070521130412238,-0.20479684328150757,0.054539722572509455,-0.08375775291008353,0.060574357901344356,0.45393201245466,0.26067839195979897,0.6399316772626127,0.33808920594706315,0.4280979865871688,0.2731540218218726,0.3178472784456419,0.34717607973421927,0.5994140613005471,0.3597560975609756,0.7779102766601651,0.46614069690992765,0.3912690769574604,0.31493611777676894,0.5513421719569229,0.31822660098522165,0.30440962077390876,0.28518002028397565,0.40350485200981945,0.28885639819464753,0.2579593085341549,0.24197402174246058
cub_00133,2,2,0.9818771105800189,0.9883098870616208,0.568933983465315,0.4694684434031337,0.5534170854911336,0.5031455961653685,0.520681272127882,0.44118914261094355,0.5055146860244849,0.47197618701902133,0.5730858313463733,0.47108407241808986,0.5613757172310431,0.5057393652937204,0.511693899863189,0.4422247772348376,0.4747891079103599,0.47229685571127733,0.6581969696499198,0.40497024851242563,0.6176746897890368,0.44972551285755563,0.4171186885144045,0.36725335491267114,0.5741434078848293,0.3490623109497883,0.4307187709717946,0.3926093825125352,0.39379823804049624,0.33996431167801205,0.5562012972593521,0.47126796322273345
cub_00137,2,1,0.17901583151915398,0.22459436379163109,0.07640718047269701,0.15405840423085768,0.03993588368805807,0.13590585040172004,0.08289043072640408,0.1550543697140556,0.34943691462804827,0.4231282015297172,0.7413607334609627,0.5707912655552947,0.6560005129617095,0.47129975808225205,0.759415200379557,0.5690720037526386,0.5405440186776405,0.48025114988683654,0.7340975558356341,0.5287934186471663,0.7210369674211418,0.5770862800565771,0.5012070525827548,0.38793811610076673,0.7037797711678868,0.4585755813953488,0.5453527233656552,0.34333797124494797,0.5025538665051131,0.3821664735155771,0.47553564289282774,0.3908035471936924
cub_00140,2,2,0.5668300787483197,0.5489696689048391,0.2801160430594228,0.2848911651728553,0.446886761998074,0.3336434314572397,0.2605877693921949,0.2871985633658286,-0.019925730941777853,0.07582510877639817,0.38341370293131,0.26776577600909607,0.5520415812109243,0.3404127429372871,0.49921584416389725,0.27826253104897775,0.16056935082389837,0.08214133219470537,0.5195872993685675,0.31159325578355773,0.6638642037757605,0.4230005672149745,0.27071215794026315,0.19229638341664215,0.6054591995228389,0.33222701626286094,0.03199947051070671,0.13904494382022473,0.17610804248997872,0.1853259280912014,0.35983105166629187,0.27217322763044594
cub_00142,2,2,0.0,0.2001953125,-0.47130595193048613,0.01794585825813647,-0.47396256634160894,0.005256570713391739,-0.45847762832153566,0.013885382479171926,-0.037896742994686414,0.12363596078214147,0.0,0.19999601403061223,0.0,0.19999601403061223,0.0,0.19999601403061223,0.0,0.20408163265306123,0.6335155506003977,0.49053100631266244,0.5910780090579991,0.47877984084880637,0.23433154944615434,0.25239360059299526,0.5749327833529333,0.45339995655007603,0.2995788921658218,0.3076426959045469,0.23377735459275611,0.2572084082594407,0.07503808330851634,0.22699628452975115
cub_00143,2,2,-0.3101642599265235,0.19999601403061223,-0.13073364255435077,0.19999601403061223,-0.11960174792698043,0.19999601403061223,-0.06120605944784323,0.19999601403061223,0.017418052426294635,0.20408163265306123,0.4913820379365012,0.3573650750710131,0.5595250475341235,0.3769209659714599,0.46333149879424695,0.3466183574879227,0.487012250097169,0.4861100930880305,0.585549918282971,0.35571467171034854,0.6787844910611555,0.45953021598429206,0.31362376796471686,0.34503117951439566,0.6319717450604253,0.3597560975609756,0.48220632656673934,0.3763491955739597,0.37031319465205137,0.3603730542136339,0.29729417470137975,0.3218556396634361
cub_00146,2,2,-0.540971947353349,0.025798212005108557,-0.12196936208089554,0.14900434882124056,-0.16405509744009386,0.16466562264369816,-0.039173463803279,0.14710082833476149,0.0340871318483245,0.3251241181081787,0.5464948621766264,0.4380911435941531,0.722121375170659,0.4760608957858351,0.4469500565089301,0.4316285041729082,0.3970759315461286,0.2946998722860792,0.6314848423259871,0.4478430240946472,0.7778113594049911,0.5481332921937674,0.4017743391752822,0.3547374047841775,0.5334763010996945,0.4212874442319949,0.4540693704428717,0.39022216127262754,0.33300660099680407,0.3436050364479788,0.2941454866679122,0.3305334605851438
cub_00157,2,0,0.9992944247513182,0.9244414613098092,0.6309547387206152,0.3933629547347959,0.613145886536344,0.417272791469529,0.5521600884811804,0.3585595342855209,0.5531235578854129,0.5407705752716772,0.6319277644660941,0.3925895087427144,0.6101045168770336,0.41397773707200225,0.5539130139386585,0.3604934924078091,0.5539119934112733,0.5326177337667246,0.6104198188261861,0.34427327528466173,0.6715160981631971,0.42938537141229255,0.5533524831647445,0.34556676400318553,0.5441045737282002,0.32475247524752476,0.6429485148799736,0.4234063465318731,0.48817473411878637,0.32136339937434827,0.6139368138632678,0.43485556139429804
cub_00163,2,2,-0.5231858115912627,0.0,-0.4255061398619001,0.012817924909164311,-0.38370024717206813,0.013687559977776655,-0.40005620297254957,0.014507405348026083,-0.2625030265897584,0.03745586655068311,0.6862251084612989,0.43224149004495827,0.6971235980222448,0.46154966501602096,0.6730773960437151,0.4344936030305196,0.44876927921942344,0.4672890432768852,0.6791129294786253,0.40163419233186676,0.8519210701985278,0.5695628372565887,0.41998949302340083,0.35873207344859936,0.6661946525110946,0.3864327162199503,0.5192065277277956,0.41328593336121566,0.42135536839530446,0.37011758345722395,0.2712015996595928,0.291587192948632
cub_00168,2,2,0.0,0.20007573341836735,-0.12964976397044278,0.12528729188855878,0.04507333108744806,0.1983046800382044,-0.19174370817100803,0.10012604811749877,-0.19862236775219064,0.11760815651694682,0.0,0.19999601403061223,0.0,0.19999601403061223,0.0,0.19999601403061223,0.0,0.20408163265306123,0.5001818956962939,0.35233474833232264,0.6322141751069432,0.438812818123163,0.21276238126200656,0.2873015873015873,0.3703774836409656,0.2930867856452548,0.35202481150998316,0.35482793184096223,0.1670968700333439,0.2632398753894081,0.11731434056288953,0.2356716887571448
cub_00169,2,2,-0.45585418709975695,0.0,-0.08941476162985754,0.0765434747626455,-0.15769557358767422,0.046184320266889074,-0.19348825545340403,0.05899113550021106,-0.38178172111759384,0.008756654559928355,0.6164252065260407,0.44430051813471505,0.582321787611545,0.4530842745438749,0.6479134872849438,0.47076066246519127,0.46039619778670954,0.4206137892376682,0.6578379524957167,0.49452677042222054,0.675897989367395,0.470437394680929,0.12944752647941202,0.27772876228888327,0.6354715978590924,0.4216901607990366,0.10287013231073262,0.2868113734450368,0.1935269744549251,0.29610688486863135,0.2282582902192151,0.2817690783983907
cub_00181,3,3,0.937801103880361,0.9101551346721234,0.5455071822075963,0.4579398518088043,0.5872223611640277,0.4251224881062274,0.5367743088344334,0.4069400630914827,0.6320806625673547,0.5152081309319184,0.6225825823690851,0.4609113408065221,0.6736734753527761,0.4373701926520089,0.607763662927307,0.4112931580057661,0.6750068830571978,0.5114805427165647,0.5487303980350224,0.3552569383483017,0.744832974667195,0.496979189975386,0.5246222337594272,0.40175608407079644,0.4673992908952495,0.31227932522557866,0.529543816063378,0.378501495784607,0.5260156823620697,0.38028456668255156,0.6106371078761653,0.45743190019190927
cub_00186,3,3,0.9069169254384958,0.7396239493977992,0.6209554295214941,0.399093760892297,0.6650557410254001,0.37597696421225835,0.6359268878933613,0.4074333800841515,0.41975097737948375,0.31767076103204006,0.6659850328991223,0.4196718993070287,0.7229338030785408,0.42158181689442753,0.6720994302282066,0.4176669961869792,0.4539491440533664,0.3382158880971233,0.6022636020898466,0.34454344476452065,0.8788183960918974,0.6116598410021682,0.37482050610949,0.30436181163149767,0.6000672266053972,0.33746501399440226,0.4054606044093434,0.356550247557875,0.3815457099215208,0.31348795024617776,0.6004366277829978,0.4070002483533831
cub_00193,3,3,0.9975733493996024,0.9643731036507781,0.6027422305240556,0.38023519702909014,0.676195510393639,0.46410854975196963,0.6386692307510397,0.3511512050626094,0.7923741853443472,0.4545519764689002,0.607001824282496,0.3839470417873397,0.6809314293657746,0.46186903634642,0.6417593291249462,0.35443379673370223,0.7947245885449197,0.45905296488198044,0.5275770879537762,0.29433767573842384,0.853839937929286,0.4764952549106158,0.5490690449918444,0.3036908436213992,0.5167482632393883,0.24821195347969402,0.5509691380015352,0.3603730542136339,0.6112196914123478,0.3441394855476001,0.6694263227506,0.42006474261494375
cub_00194,3,3,0.9816635311108327,0.7894079885877318,0.4608115674220755,0.27178252328749763,0.5749675972064848,0.2717019389177544,0.479897081212862,0.3401442307692308,0.5339668794644739,0.27523743631674946,0.5028047867307782,0.30613041780554473,0.6222543935629133,0.31485849056603776,0.5148326945529371,0.3696853886576128,0.5632963786254845,0.3053695596188514,0.4503550440548386,0.28160919540229884,0.7406110693016954,0.45889365413971067,0.3458170337001103,0.2510026531745542,0.40985877368056334,0.27146024707000316,0.4374155968625999,0.36137782851003825,0.38158243226348315,0.2648159700561447,0.5333423239834755,0.34223183485865066
cub_00195,3,3,0.9925836690577334,0.9344578313253012,0.5857127547534915,0.5063044130891624,0.6031818690400319,0.4489928525016244,0.5827357537908131,0.5180394826412525,0.5869410667797357,0.5138505189277981,0.5689701951610483,0.4998879007548016,0.5611107577588019,0.4348012582213326,0.5755931596805209,0.511864406779661,0.5692984922484506,0.5106921987929365,0.6198908971239544,0.4312201383441489,0.8125690215934458,0.6330349877949553,0.5782046881850468,0.4925647820965842,0.5582655337412056,0.4028098133780667,0.6471070843209001,0.4484212030290041,0.5504644442876382,0.4773389682308365,0.6261752925015213,0.5176187170604978
cub_00196,3,3,0.7928949966748263,0.9824180165942316,0.19020426439900562,0.2786697247706422,0.4972110702403962,0.4298945568538045,0.133186682142397,0.26099522493088717,0.3813970520812558,0.30210005779975596,0.39365278190180836,0.2807913209955329,0.6731989670891152,0.4296908391508762,0.32142806757145426,0.262979044742307,0.5421727693262045,0.3015985106246389,0.6748990988364868,0.4112931580057661,0.7504085659811267,0.5181543116490166,0.4709788112885011,0.2906614042905341,0.6060541763909252,0.36614253624668164,0.6324012140288263,0.36046433603972355,0.4238632376836781,0.29635549872122763,0.4989301170424005,0.3848139027610417
cub_00197,3,3,0.9491399663248011,0.6699950074887668,0.5665603591721248,0.4506685941452837,0.6219709315464262,0.33559592733080457,0.4618275044714454,0.3737166324435318,0.43450973206913923,0.4677139134211669,0.6182042988086072,0.4900883510282872,0.6980455655368019,0.46410854975196963,0.5735018799086729,0.4446123947311596,0.5700438122549429,0.6294302017198424,0.5506180282210666,0.35690622675951594,0.7164819925150793,0.47877984084880637,0.46602707941593763,0.4758334546513321,0.47115051443799244,0.3535203668734826,0.481427931793493,0.4553872658100639,0.5128529233954648,0.4436770150954144,0.579490834658133,0.4593355828066285
cub_00207,3,3,0.9998538755889107,0.9818307494815839,0.5468973684161428,0.5196486711592337,0.7369293138007493,0.5668670466078538,0.5293832636011254,0.5170068027210885,0.561220495525879,0.4784162170045209,0.5462765238462064,0.5144883791125868,0.7367740133802287,0.5651563596662248,0.5290088908602507,0.5130041462495288,0.5606678556365573,0.4736880360517517,0.6714031638856447,0.486886946214254,0.7674710630673914,0.6744535291173035,0.2845951742240693,0.4023378060589293,0.6507488694458481,0.48008849557522126,0.3783459702960462,0.43580482968628287,0.28137178324230927,0.39750482492417977,0.5853965083211574,0.5338121893087029
cub_00213,3,3,0.48179120883386256,0.10666446171655367,0.3512103595021171,0.21591666161952638,0.34073346969500595,0.10935514173619937,0.33866708899885084,0.21798216344112115,0.3340213584644197,0.08518379795601691,0.6325928543521917,0.3552569383483017,0.781435781630484,0.4599548992507456,0.6467356019675411,0.36095477046178887,0.5855772420966935,0.35356165298083986,0.5854603468878544,0.33028435076555973,0.8449154180699161,0.5549701712249168,0.4140900522479893,0.2547963856912984,0.5684220135112151,0.3097957319062847,0.5529448941359261,0.36633196307028776,0.36499653605884974,0.2261127237542332,0.5215729484301944,0.2871414542615783
cub_00214,3,3,0.5290413439481666,0.45751633986928103,0.3725321881885706,0.4180739065922419,0.3309637759737531,0.36030906872712487,0.3867234290619051,0.41797371767698177,0.39716366794546265,0.42962910731913695,0.6283528556779883,0.4855662472242783,0.7675240345462938,0.5446779034864927,0.619231984004417,0.4900883510282872,0.6196881744295583,0.5407705752716772,0.6324758360353874,0.4500397370132216,0.9200341389981314,0.764861062258178,0.5686165632397633,0.46084011816413284,0.6193571355116152,0.4448203873011302,0.6080916926357786,0.46084011816413284,0.5663916123352623,0.4651683769330828,0.5710792288354702,0.47941166780195865
cub_00224,3,3,0.9990958743131253,0.9303645282292969,0.6309525617248923,0.45889365413971067,0.7576740330839992,0.45371577574967403,0.6246125442817817,0.4374731413837559,0.524588020905494,0.3887937529967806,0.6199138255063356,0.43829726243371075,0.7557500404083359,0.4609113408065221,0.6125757636614619,0.4183745583038869,0.5289838451825398,0.3791578804162982,0.6318350838625477,0.3633584674954147,0.837803466124928,0.5633276211247857,0.4089446817136396,0.29594119527005436,0.6236293366539523,0.3465280107346528,0.45478115166658073,0.3252500163409373,0.40958234305956104,0.3013478818998716,0.6280481714766117,0.43744900582169005
cub_00233,3,3,0.6343419522990761,0.33648531664114006,0.30038492109307885,0.2924206323652521,0.40620935113050954,0.184559995278286,0.28447517789720983,0.2841512572781368,0.275364432470886,0.17939619568378803,0.6802422239301027,0.5217226476609296,0.7548191803935603,0.40970710121514364,0.6588241768377036,0.5067567567567568,0.6215065566136643,0.38632478632478634,0.6766297148246789,0.40536377004411456,0.8081429122783211,0.5943755958055291,0.5109095446331327,0.3897456988141751,0.6390625080359641,0.3745633860694473,0.541079358982411,0.3423596398305085,0.5005689242102248,0.3710440898025426,0.5528373957087016,0.37193179130470244
cub_00243,4,4,0.28343088967006447,0.23852984706462751,-0.002022592366557731,0.15644613347152647,0.03287587723058024,0.23267660958693917,-0.02810363992437635,0.1544519169971834,0.4189692307761137,0.2081819805871494,0.5681983182658062,0.3245776135163675,0.45113862597389104,0.2720243376853847,0.5297049290143226,0.31451401624312286,0.5243769098227993,0.24631177772313745,0.6477352915335433,0.3142557789273787,0.7482797604748032,0.4818369757826344,0.44821331341171344,0.284121856989043,0.5830260635176364,0.2819366377107818,0.5231336846165875,0.3232606709306879,0.41347371801936267,0.2583007509464408,0.409495358669086,0.27276179361082703
cub_00245,4,4,0.8331292959651291,0.6943858168003377,0.6725922346434072,0.3271176353898036,0.6870056367464353,0.33178500331785005,0.6358155123027665,0.258622852125925,0.22327451018893835,0.061963125916614285,0.5120639310976135,0.24883330222139258,0.5358993535741565,0.24728108880740787,0.45150018154948895,0.19464285714285715,-0.11746520113733148,0.024455560608357334,0.701685129087463,0.34247491638795985,0.7890058911306068,0.4272507466932158,0.41779909012178407,0.2330474974153135,0.6870546019995557,0.3005443234836703,0.3852627549288297,0.20835568269861135,0.45065106984834746,0.2757188699427421,0.5243515994698127,0.2784319519301372
cub_00246,4,4,0.5132903790349373,0.2823461759631972,0.163866108106537,0.1927259761098235,0.34891342962476873,0.281772895644399,0.10556295285824656,0.1671997673742367,0.24304066345827266,0.2150176784323126,0.4898097115411457,0.45677578572983957,0.7157781274167976,0.5538866522143079,0.4034164016718817,0.4068414411888406,0.6611134092121623,0.6804807293825114,0.5811240172596706,0.40369282417121277,0.758995687940587,0.5172361657091019,0.5545046468080087,0.44542667712269196,0.5359986964021193,0.35388559093362115,0.6409364426825579,0.496309963099631,0.514717437062255,0.4019499377679436,0.4820712074053299,0.39036988405624473
cub_00247,4,4,-0.5428470127355088,0.2002551020408163,-0.23297116085327738,0.19999601403061223,-0.45339787281177474,0.19999601403061223,-0.2581379066720354,0.19999601403061223,-0.12525023766951077,0.20408163265306123,0.3975434648348146,0.2229326513213981,0.7810143806133429,0.4676264250219234,0.42158971608029455,0.22494663007014334,0.4199421053642813,0.2844571066793289,0.51926685120083,0.31641086186540734,0.9008528587151188,0.6544390404748166,0.43176494559958173,0.35627801190715097,0.5335950906691634,0.32178609062170704,0.4517538460537441,0.3334429463992108,0.4299796952574462,0.356550247557875,0.24497991757643403,0.3028796525803117
cub_00250,4,4,0.8015735892759588,0.4903096458008465,0.47419908577325937,0.22527472527472528,0.2220320666337565,0.09230434309350169,0.3748552075513805,0.17526497628389062,0.19776610634386524,0.1708824208824209,0.6045055727874988,0.2291768740813327,0.536905373873718,0.20569506187672715,0.5112374415355462,0.20093346098611775,0.41242048927048747,0.27893774049075887,0.5369443637060508,0.2675255778704055,0.6002872033747446,0.3065555627888809,0.24450586038888075,0.23545183108890377,0.48722662356058277,0.24341738430084878,0.3348908128110036,0.3126375760714748,0.23740898828760335,0.2311756133106631,0.4384505856782891,0.24436951961343317
cub_00252,4,4,-0.26002511441678927,0.04389888692395714,-0.37054513138157874,0.030181706190329536,-0.38197090058505523,0.03812134691977448,-0.34816823690983295,0.0391425908667288,-0.22439471446286946,0.04769532864820174,0.655195031057412,0.26457060046625924,0.686214702868985,0.3400547506176137,0.6550705447284042,0.263058527375708,0.6999588112429139,0.3531099839829151,0.6213097650832671,0.26155006600037717,0.802907473639904,0.4423284225655767,0.6687798320569438,0.31297759357596167,0.6294714839244537,0.25476711472335106,0.6324469773006054,0.2930484693877551,0.6537717490441205,0.30076345672675947,0.34133481821272565,0.2190179229980846
cub_00269,4,4,0.7053532301914887,0.44015499425947185,0.558175482079037,0.2725082424549835,0.6329570446453654,0.31978694022489645,0.5101623722857492,0.24434248868497738,0.481446263808072,0.3361671279820746,0.5860119115917242,0.3116789752303771,0.7342645052466255,0.5085688514732412,0.5426324487377202,0.27932177460479346,0.6498290033441467,0.40398864344574476,0.5502479721077373,0.35846757817788005,0.7806288213256668,0.5170068027210885,0.47967260006610596,0.295775548028376,0.5055889039248217,0.3321385902031063,0.47936234819638346,0.37021017773873083,0.428525767997551,0.26221751852082426,0.5749905783698797,0.3501556169167044
cub_00278,4,4,0.17969501365795362,0.19720830350751611,-0.06496298872692695,0.157439446366782,-0.08456802655252758,0.16631799163179917,-0.06188646662596105,0.15384615384615385,-0.08907990109006657,0.09511720859889813,0.409416177649245,0.34481372286250334,0.5003268161124584,0.50100964774512,0.401664449729281,0.3395181205366082,0.5751762678974689,0.2715584822828473,0.556678996706966,0.3465280107346528,0.8453774042702922,0.5969127943984723,0.39545630845847984,0.24569918898992382,0.5351346858792425,0.3416672237449027,0.4587468963777649,0.25619578686493183,0.39210586073853787,0.24173199412052915,0.3299520996321472,0.28370427174877605
cub_00279,4,4,0.3255296996601017,0.5092495112046924,-0.0072904603499182345,0.1823966065747614,0.18418826593523427,0.3433734939759036,0.029340106589819653,0.1738214995905954,0.2316259392294831,0.36110365198711064,0.5569218353543584,0.24080370942812984,0.6856475632123391,0.38767890479153705,0.545052695603974,0.22288569339507677,0.43181730273131336,0.33449614954255247,0.6196932158804914,0.22774821068085888,0.8442206016093633,0.480197654694299,0.6457679320133896,0.2600994406463642,0.5800242572085955,0.19442956614890197,0.5722950840298963,0.35338094920232294,0.6193674659710441,0.22219543070709508,0.4576134336452991,0.29959069817134676
cub_00291,5,5,0.988920765782703,0.8694113263785395,0.695139096373219,0.5475364330326162,0.744251377964653,0.48854112586219683,0.6238162210876617,0.49174966552698085,0.5411009144365114,0.6994970662196144,0.6818469102274253,0.538992408557626,0.7205729653874243,0.4867767982813542,0.6200054031488416,0.48424789232362075,0.5804559133325932,0.66639270156982,0.674937817270257,0.4511930585683297,0.6924089694968218,0.5049490101979605,0.4662760899601346,0.5318071925052886,0.5826956258911141,0.410896309314587,0.39171263713838794,0.49300441826215025,0.5151642313873802,0.4991866311742088,0.6346203292590087,0.5442788025183262
cub_00293,5,5,0.9977327526587296,0.8998485422188565,0.6993462416612566,0.4546640574037834,0.8372388664153528,0.4019279128248114,0.6438809569063197,0.42643923240938164,0.4758441808906868,0.3174139051332034,0.6915194891450746,0.4571988673491614,0.8377864946561074,0.4215894602634934,0.6323994841378897,0.4269463206541059,0.49342545255042497,0.3578221269756228,0.7149896715806514,0.42643923240938164,0.81831330247931,0.5613816710751517,0.4257932903459897,0.33563899868247693,0.6761591300032673,0.38156536105183453,0.46628754767340747,0.431344864101659,0.3451583237944082,0.29784918704391244,0.6503916789932584,0.4398713159731224
cub_00294,5,5,0.7675889162603525,0.9434492108066234,0.3500507407324774,0.23136388735505245,0.5332337226225778,0.38052001650846057,0.37352595020729995,0.24860022396416573,0.3581552151459118,0.49619954246919046,0.547264097169515,0.23492493231602266,0.7340744042495468,0.3869117545435699,0.5582080668828862,0.253513209668353,0.6933386878450539,0.5068747677443329,0.6308812536304549,0.28959712137762644,0.794863525923585,0.5029204732664371,0.636000515195202,0.36993243243243246,0.6465140772489764,0.2907582481188501,0.6486552300606641,0.4085730165346672,0.6438666928794782,0.38623000136742786,0.594414739736932,0.39535792256488084
cub_00297,5,5,0.9769553718098293,0.8815037030092809,0.4227564060433288,0.23667508780577978,0.544912064450057,0.31848640126133226,0.44185552216168406,0.27631160572337043,0.1823282667115857,0.2145082065412723,0.5020864326574774,0.25366981073146355,0.6271167956631166,0.3461667449191763,0.5080307626645916,0.29175516508978566,0.21535910777394282,0.23507553606237816,0.7213816005889954,0.35663106664864136,0.8046704454654903,0.5412379050837045,0.3567542841974005,0.36247564007795174,0.6648054196235512,0.34806555615260615,0.3532583045261357,0.34592405735528414,0.33929898626776284,0.325076792366512,0.5107713180403299,0.355570885255236
cub_00304,5,5,0.935095079907647,0.6526679841897233,0.4583438740887976,0.34499396863691195,0.6944758420325674,0.36354371900264965,0.429669984622588,0.34077092658160196,0.5122174084637069,0.42641058111720836,0.44187169229047996,0.3387139807897545,0.7068829990534321,0.4365471333476487,0.4346357664917769,0.32422802850356297,0.5109793508699053,0.3970233583683594,0.5820451705633629,0.35379426644182127,0.8362830796020098,0.6402419091206276,0.41993436680722673,0.3159602777958071,0.5372762753334234,0.33266932270916333,0.5166692717701339,0.3300314877984781,0.3966346595364169,0.30444573119732354,0.5608676547622317,0.39346951170670946
cub_00316,5,5,0.5890876384013093,0.373810664658772,0.25008912827304913,0.18372161604246534,0.3236087487907098,0.2306843267108168,0.23623628004669375,0.1707402438313014,0.4292268701404749,0.31655844155844154,0.7189059173933551,0.3180534576738688,0.7861244606458044,0.4365471333476487,0.6905192193688655,0.29776915615906885,0.5852810905858374,0.37728415189185516,0.8156508413270673,0.33205017588106456,0.8978469917052603,0.6218181818181818,0.5343822531723389,0.29115455645418076,0.7987944268537917,0.3167563311901325,0.5604079408548763,0.31442463533225284,0.5190766184043653,0.27523743631674946,0.5823492283975866,0.32377403392445336
cub_00319,5,5,-0.09187190272976407,0.15482423335826478,0.03997180231981859,0.15396113602391628,-0.043836939558894845,0.18147036317617282,0.06425937023468833,0.15137956748695003,0.0015565892716027216,0.15670279520821448,0.44946498038096966,0.4900883510282872,0.7775586980482546,0.49742594941431023,0.3663981682521557,0.44941142485736985,0.3086696551043278,0.3939498109315916,0.49437383887714903,0.435006435006435,0.8534474631481139,0.6257594167679222,0.4129870311661911,0.40107801810517585,0.42616582326893726,0.40016743407283384,0.39338514764331173,0.4828494112484458,0.42997778832584715,0.3653198653198653,0.3255005009168473,0.35595961413371696
cub_00323,5,5,0.4053193258408406,0.2896799897185452,0.48888867216393256,0.31245095474758044,0.43867693327389473,0.27041397645271553,0.4746329976911067,0.32091615111228117,0.30815887999137603,0.22849006301502667,0.6207467196097158,0.3864327162199503,0.7197026105584571,0.35745688197497466,0.6049282989444326,0.37305876718888964,0.5313213566751067,0.5045265657465123,0.700788252133882,0.32501485442661915,0.8386040659108354,0.5657668903105009,0.4318727994389337,0.36265878083204517,0.6740814031061093,0.3097957319062847,0.444393370101873,0.35673179871520344,0.41094445191654644,0.340673146862395,0.5395373424904695,0.3536044846153016
cub_00327,6,6,-0.4765588279548725,0.0,-0.4079342242561858,0.06473829201101929,-0.4207895897605389,0.07458696465807624,-0.4084097179217956,0.06428722728235543,-0.4410765708513933,0.0,0.31391330217642993,0.1860300200921877,0.31819651872856525,0.17547147709968372,0.295164179884248,0.16543754718076767,0.22368384204572364,0.1649620776832912,0.753051195920724,0.3214379773505399,0.8359899200004757,0.4688231850117096,0.4513762800031491,0.1844949465443711,0.7476261980888469,0.28852080123266566,0.5424180562037553,0.2214591240436171,0.47661935313517323,0.2197689808687282,0.18688466102948695,0.17333457473726752
cub_00328,6,6,0.13663624589713758,0.24565541211519365,0.12793892785431205,0.14790665751544269,0.11032600082162898,0.15998150502832043,0.11208347005811906,0.1501432664756447,0.21696656602326464,0.24623517118446125,0.3048298468493326,0.2329524511610763,0.4999021533050148,0.4518229166666667,0.31227985961501953,0.22857492654260528,0.3524638294171209,0.3608295858782469,0.5909724901532514,0.35160616876557343,0.8058427897321598,0.5393465255407272,0.5015728986319485,0.34164902064584435,0.5757430812127288,0.3334662148694439,0.5832907906299959,0.3601905273044412,0.4912749552300922,0.3363432639071975,0.3814749270287418,0.2991135742400591
cub_00348,6,6,0.7145713044806643,0.6715249437827934,0.2639104155557504,0.2517151054010228,0.3661124467618405,0.2960092987214258,0.3504306891389568,0.2903433200462903,0.45887733242280704,0.5522125248813352,0.5361114377815019,0.3521525298120326,0.6449943472510979,0.4066442388561817,0.5335884314206621,0.3753169327759885,0.5537853541732463,0.5991008754633647,0.6927999908823649,0.4921933085501859,0.7237745769618086,0.5362829148805879,0.23417128924469055,0.35718588928308453,0.5876438762402288,0.4367528097931133,0.2685025439807698,0.4206137892376682,0.2928018212202512,0.38169551587842443,0.48147172383444264,0.42798293315756664
cub_00349,6,6,0.7723742085225679,0.603035143769968,0.044916093290533345,0.09918396407251219,0.2531635037715903,0.16442330006962172,-0.005150036744299573,0.09546422138529556,0.2018963892907341,0.06890552509489667,0.38681158380144604,0.19949796796557495,0.5090147506434702,0.20468187274909963,0.3353832963551991,0.19685133281650666,0.46401736964816304,0.10925703030966188,0.6376980080082354,0.30698098463141443,0.8407058983389305,0.5791958454638445,0.4914532147415359,0.2955271565495208,0.5994374220522493,0.28316603797711143,0.5035248287293108,0.3337060913037758,0.4719346809090909,0.28298424349807,0.4338120807572504,0.254857381177125
cub_00352,6,6,0.4026893862589862,0.4664378058578628,0.2338458742335507,0.23239825670615677,0.28872110424087183,0.3154894509238632,0.2666538792662635,0.26756739693162446,0.3456750325868642,0.2798636965987253,0.6515566232195141,0.4171727157181189,0.7141283093903623,0.5064174735419951,0.6844324049684106,0.47076066246519127,0.49195816038416673,0.32646385345109585,0.8269948929488966,0.4258312020460358,0.879100576974635,0.68996295048838,0.45537563473606146,0.4161486344904659,0.8183527480662712,0.44993498049414826,0.4890407801551132,0.3739242393440401,0.47643826367901,0.4021438450899032,0.5349975780739318,0.4027011442765072
cub_00366,6,6,0.18621650107312887,0.19999601403061223,-0.10902613424715618,0.19999601403061223,-0.19354826177401704,0.19999601403061223,-0.16688191248820358,0.19999601403061223,0.007832433412675557,0.20408163265306123,0.4990945463217546,0.24457397990822274,0.5363281864634544,0.30562060889929743,0.47447974237930707,0.24434248868497738,0.5452454484729579,0.2955271565495208,0.7020361557671254,0.3412189254210104,0.8162478172517693,0.5128900949796472,0.6084127325328856,0.3589142091152815,0.7144801010081729,0.32422802850356297,0.663913668765003,0.3943332645622722,0.5778591660740944,0.34592405735528414,0.39084601273419683,0.29144256685030584
cub_00368,6,6,0.3323433039731228,0.30579050097592714,0.17126879268321193,0.2410338857284195,0.14669538443340022,0.19763694951664876,0.1615406166810436,0.22782332069007707,0.3512151694095677,0.253865182436611,0.4811065605621865,0.2830019817170619,0.558636464353487,0.30088151413015296,0.4137269708628675,0.24326333395279687,0.3750237658860546,0.234248493334145,0.4691018241637177,0.2594916849701914,0.7478675519614237,0.4332643005070342,0.4665452255164629,0.2514659588914265,0.43828903782004625,0.24565541211519365,0.3467596516598068,0.1869219060999883,0.465038397144378,0.2568187453508554,0.39501058114071846,0.26141087802776863
cub_00372,6,6,0.6752054575348357,0.3712763050013665,0.5109271681555962,0.37334063227042563,0.6382884086353099,0.4204826951659707,0.4412327332157701,0.3520614389652385,0.6704722093627684,0.6174710809732749,0.6351179034949492,0.5178098767299403,0.8068274849017797,0.5484916287323509,0.6128090091561911,0.4711919073449641,0.5409769569185868,0.40925835824007784,0.6662247466186482,0.514031382015691,0.6838675588780124,0.609720885466795,0.5469011434437238,0.49300441826215025,0.6393298560134006,0.45445322124791654,0.5700615706400636,0.530650762494338,0.4487253809539711,0.43428126768534236,0.605797839194907,0.47450172403972296
cub_00374,6,6,0.9618642455055686,0.8583333333333333,0.4687628264758149,0.3517882400484946,0.4976114047767464,0.2611537011436471,0.49224904208024167,0.3403232269266729,0.4432240117440799,0.35936976198457926,0.5578879406352741,0.3765432098765432,0.5747953405711539,0.29217100180272987,0.5812908858455623,0.3586515028432169,0.5679248775345069,0.40389142778008585,0.6237846777507208,0.3936532185264912,0.7725336907288911,0.5778301886792453,0.44233689459040965,0.4378412878519254,0.7228708855364128,0.3948154840503162,0.3690963438822035,0.3966384239167872,0.4093978551142294,0.4356015010975005,0.5657087281847877,0.4159070339907712
cub_00375,6,6,0.42231746650103613,0.5315528424265548,0.22218459696408416,0.25435910255609023,0.2852332544861371,0.3286773467496359,0.19815763218927696,0.22946401225114854,0.3089648357768873,0.20554135204233306,0.5851560477359982,0.42613515241952676,0.6857043438642075,0.513118214716526,0.5732410027909017,0.37352860662469206,0.48843345411156514,0.36559574324779415,0.6904730386593073,0.3839470417873397,0.8373761783099313,0.5338173481085212,0.12534619148371057,0.3004297351035854,0.701835235290435,0.3459861846958621,0.18778448188065996,0.29569274028629855,0.11202208202706761,0.2719573400250941,0.42828198947141366,0.35732018420273354
cub_00378,7,49,-0.3964012184089478,0.028755958788251577,-0.3161014356615321,0.029758850692662903,-0.37535537701559457,0.026545956728556083,-0.3446378960843582,0.02770239131547954,-0.08892078944232847,0.04472612974699851,0.7256575933054693,0.5238022929162555,0.768633713208239,0.5725142991459689,0.6620880724265114,0.417272791469529,0.22279925168758585,0.3706733369388859,0.7036255352665146,0.5258876301984338,0.6945702571138629,0.5379310344827586,0.2864373398541539,0.3868937683836104,0.6232673383584671,0.42613515241952676,0.26683977089057825,0.39914429645987165,0.3003690903413804,0.34977697889621195,0.2488580830560001,0.31116805790553337
cub_00389,7,7,0.8617580340824063,0.7288310793349987,0.47792893740768144,0.38366080661840746,0.6384687755411838,0.4269463206541059,0.4571622287732364,0.34229534510433385,0.07411260926889542,0.19828605200945626,0.5960771697863926,0.4624016321772078,0.8107719281816513,0.5400552486187845,0.5543405013782731,0.4166725488812028,0.33769873546727797,0.314254229597459,0.6356903373790903,0.4961980020873714,0.7235900107756912,0.5945022642408835,0.3499318043997491,0.3235198119981722,0.5900090589891228,0.4552969327822493,0.36396223353347507,0.37317981713511683,0.32444414748883177,0.3187849616235202,0.519729767496864,0.4249923368575513
cub_00390,7,7,0.9863465298775015,0.7841585918748333,0.6441533580094305,0.4098061253161,0.7835820928910368,0.5291428571428571,0.6278157745549455,0.4149746192893401,0.4560097565282507,0.4088666527690918,0.6641623703124883,0.4737846967249229,0.8067441445785094,0.572884012539185,0.6500283561385178,0.46346798891643576,0.4574888673349009,0.4405996873667756,0.7051640953658773,0.49441548771407295,0.7478571651780798,0.6218181818181818,0.37859423053839913,0.38803313479838436,0.6625431228940322,0.46453590192644484,0.4207942810397764,0.41922161556768867,0.3797073329243456,0.37225042301184436,0.6247327652110728,0.48386399845174394
cub_00391,7,7,0.9510581898727529,0.8887634105025409,0.6648441836495674,0.4148748678181177,0.6064455312205191,0.4230005672149745,0.652929967618258,0.3956884561891516,0.4244597032586442,0.6417004048582996,0.7303135512982472,0.4419139305984625,0.6710099746224243,0.44284687275341483,0.7114447714655721,0.4142766542174618,0.42691970441557875,0.591569196954235,0.5786506049829759,0.38413793103448274,0.7891860531978727,0.561624649859944,0.2553973469824052,0.34556676400318553,0.5482242316250598,0.35342909164475017,0.2633668024976604,0.3373128421608073,0.2555567081491446,0.34995672148611756,0.5686538216571122,0.465777490753063
cub_00397,7,7,0.9268077333699112,0.7443073179210846,0.5877978573400249,0.3829933847850055,0.6978139165485036,0.30400883633292186,0.5588824768867722,0.363080684596577,0.40806971133860004,0.27251616142597124,0.5147263005681113,0.33275781924430575,0.716026219348372,0.2676056338028169,0.4649940634819606,0.32082922013820336,0.4304985102394267,0.31323272232657556,0.4776255596103272,0.2945046439628483,0.8042116309752976,0.5015711506808319,0.23621196562395125,0.20799571020019067,0.42943938653084185,0.27769289533995417,0.30592471059140347,0.1772049004238518,0.197016438307124,0.19687131050767415,0.5170697653840418,0.33047815944592085
cub_00401,7,7,0.8254584206002423,0.5923046410154701,0.40743835552743535,0.233620159803319,0.39959902315178647,0.23734664940509217,0.4377052029159059,0.2411724692350504,0.6458522875126549,0.34287038876746806,0.585554534123052,0.24650642817216323,0.5532461085622775,0.20395920815836832,0.609489487973464,0.2700923933679281,0.7501717447254208,0.530650762494338,0.495293019361862,0.28251006454086525,0.799420981473917,0.46154966501602096,0.4982545784833683,0.2516204703994074,0.49245215111730933,0.263058527375708,0.5083425632107683,0.23387293086660174,0.5263797099139659,0.27123957614897487,0.5689772112435619,0.3108249556511184
cub_00403,7,7,0.3227216543649847,0.3199605392962841,0.16342499575810798,0.2272226978109331,0.256047848941435,0.2558663412802703,0.15461771515827052,0.19956966110812266,0.2595041453209268,0.21131556936312582,0.25504442380403414,0.21946773605541378,0.27772989204399634,0.22647274505011,0.26545524073315674,0.19985651939977284,0.2639362201021573,0.15996338463298815,0.581126471241626,0.28357636224098237,0.7539813053015623,0.4937481393271807,0.32052502528637405,0.2092926160085888,0.5161968631571043,0.260757585275457,0.41007244098690093,0.20605555886027005,0.3087962161939211,0.1873389552588428,0.34061203055963724,0.2440309607312228
cub_00405,7,7,0.9017032150831105,0.8042071197411004,0.6571132944792094,0.3756940160394818,0.5538735471535717,0.2745284816155458,0.5991713268756832,0.36716621253405995,0.4733601180534458,0.16657077100115075,0.7629866577353573,0.37909709338280767,0.6985541191597442,0.3060454220081994,0.6960339286045564,0.3649347116430903,0.6156758963812177,0.22433574879227053,0.6493765152884924,0.2997021111255019,0.7081982824749541,0.41347982252271287,0.4744021871163819,0.20498038749554262,0.5804036210558698,0.27178252328749763,0.4836953138092282,0.2503854455750848,0.3963272845339224,0.20162389616547147,0.6167250205203163,0.3269689175286345
cub_00409,7,7,0.7406624219359,0.6984435797665369,0.27495512059518756,0.2989450521001877,0.30084579293909136,0.3708080049176969,0.2959320118722229,0.2966791575138907,0.4649145084258414,0.6344216041918581,0.5166905853023792,0.34208943252456386,0.4723564873402583,0.37301695842450766,0.5289131281496826,0.34199973265606204,0.5293146432695933,0.6268848251523901,0.6500470087358292,0.3405918108342796,0.78749978582341,0.49408173900096775,0.5207954218405078,0.34182660489741895,0.6161300660624233,0.32685442284807614,0.5161062736281778,0.362933584296854,0.5091606289089244,0.3486995277057141,0.5149549256552953,0.41321840245540026
cub_00423,7,7,0.2504503227643591,0.38337468982630274,-0.22600854498788128,0.05715038188043192,-0.005835021142274275,0.10420334507042253,-0.1570213305224395,0.07533219031290184,-0.026664876811734795,0.09647936834135526,0.25146557158774524,0.07085689894354925,0.41009524275780407,0.1175455203519127,0.25170444126667657,0.09876272856673601,0.07888298372385678,0.15074635336852263,0.46133445672090095,0.27696125214735634,0.6604171535620262,0.4011449315833566,0.20357303021404205,0.25798845939070547,0.3701457023333478,0.21776591226260542,0.17979030429715498,0.26774213718501844,0.20564907162829957,0.23349759688507635,0.19386523382612558,0.18730345107441693
cub_00428,8,8,0.9924408472718381,0.8451778983175507,0.6473066827562831,0.5333486133394454,0.7172837543335085,0.4625081979159076,0.6685373937766752,0.5666224338459137,0.415829682978414,0.5758588527903,0.6239030946578902,0.48655655136656545,0.6944471307924064,0.4925262140254332,0.6457508024419336,0.5164336985266339,0.41564574037543656,0.5817600249648931,0.6692134751408961,0.41797371767698177,0.9021471095975564,0.7041691432453087,0.4230858235096846,0.4139758700048818,0.6835074312193542,0.4197792869269949,0.4360910512000802,0.42041474008687124,0.4380301585928568,0.4366187203287749,0.6248813452429877,0.5249149308908304
cub_00434,8,28,-0.06971547796037249,0.07567799335405724,0.02493953027190342,0.14021133962049767,0.08697496354138771,0.134988406944523,0.03684222398029795,0.14489446662863661,0.17675746411505508,0.2132000957395883,0.7188323213047703,0.5198788337750851,0.7722304025056772,0.5335829449071597,0.7132187569886036,0.5255396777135908,0.6896071003147718,0.48829185935550173,0.7363344987209134,0.5322950068712781,0.9054160989742496,0.7372111139963646,0.5803760061572967,0.468245347237309,0.7334705354927935,0.5324120027487211,0.6297302537192676,0.44831773698121297,0.5810703770920446,0.4778773963116845,0.48773900368124395,0.3981749481456807
cub_00436,8,8,0.9962481863061667,0.9016486640136441,0.8661081374643594,0.6021393789414864,0.9008382315652219,0.6371645321804389,0.7828221639677846,0.5242652084757348,0.36810997524608297,0.5044149291385324,0.8610708721199465,0.601244614648157,0.8939824127271319,0.6347641932068094,0.7811512806074724,0.5276297762216471,0.3802964391580808,0.5203209358128374,0.8418383562305276,0.5464632454923717,0.7845621380209983,0.6549847447843654,0.396733343095316,0.41269509476031213,0.7771836501338246,0.49119548257671447,0.4030976239543331,0.5072108236693429,0.4178080949748521,0.37178619756427606,0.6967900603714733,0.5625285214324447
cub_00440,8,8,0.938409307936511,0.8525013845301828,0.5521207755656559,0.4743260119003893,0.5774696964101527,0.39597968978229114,0.5908736731648228,0.47703856343832796,0.6516097411035161,0.3661478337039283,0.6241606758476708,0.47183924904664126,0.6903030736102591,0.3757883191664382,0.6216883878462746,0.46528436883989194,0.6485362280787375,0.3181847734217541,0.6980740867507615,0.4351090454057919,0.7698402296098488,0.6089466089466089,0.5069256142097093,0.3434269811820832,0.6309451623842105,0.4079270431427569,0.5732183692538998,0.349866844207723,0.5367138643709437,0.35718588928308453,0.6407259257428649,0.44663684039985957
cub_00450,8,29,0.9905105939445421,0.9136155606407322,0.6592815250182561,0.5170068027210885,0.8005433633053424,0.557866956454242,0.610166444227419,0.4883203559510567,0.4987185673206698,0.468032727536022,0.6558721131654546,0.5241494532199271,0.7917657673188734,0.5753532182103611,0.6072582372713854,0.4965326970397435,0.49283782664895354,0.47508184794470715,0.7014265925832313,0.49075243259303275,0.8510161866494853,0.6789359210306174,0.4423647452113234,0.3949088407292742,0.6572258952967328,0.4740011750881316,0.4661844663126991,0.39962722628744995,0.41696719053906933,0.38907919978076183,0.6428093009875624,0.5228842943484765
cub_00454,8,8,0.33013743217481806,0.33586261980830673,0.12334157862283429,0.19942628339209945,0.22353835677757053,0.2740430394210627,0.16270175009141533,0.2518712574850299,0.19984238407644975,0.1869219060999883,0.5131434085912491,0.28587903639159407,0.708472114745135,0.3982165250104501,0.5335525628147638,0.2864559964104865,0.5165123465324366,0.4212112715547455,0.5036453533513815,0.27210496292070735,0.6954492338145875,0.4511930585683297,0.3515338821172215,0.27451596680915263,0.48447655545602586,0.25602353088428564,0.36856274687966234,0.3117034353367406,0.3500228643904342,0.2513887174422911,0.40432883802906566,0.29712117383568465
cub_00458,8,8,0.978479947869404,0.8676716917922948,0.6273449405820437,0.5291428571428571,0.8666773036492228,0.5085688514732412,0.61196301911906,0.5151743922693643,0.5793410300014986,0.5212334933973589,0.6109076481852009,0.5248442485944386,0.8372206453750126,0.48249372137686514,0.5990175725420214,0.5111813869437543,0.5640182343745692,0.5156612095387606,0.6360835286717212,0.4526635784597568,0.8986135746128379,0.7494769874476988,0.4903697697157064,0.4604192177483253,0.6167412672792222,0.4352116704805492,0.5095934110572856,0.4044749238016071,0.48107105348744333,0.4553872658100639,0.6604961964348167,0.528907033085129
cub_00459,8,10,0.9918162148540276,0.9608474907244678,0.6057851222232239,0.4546573953353614,0.6664347139395427,0.5252525252525253,0.6177317951987732,0.45856634468734114,0.667787352909525,0.5830212234706617,0.5921153012334872,0.45077345670088187,0.6534132342745369,0.5229928668993777,0.6080911063791989,0.4539263981454651,0.6728587139160892,0.5826243072359691,0.7939127774583249,0.42948717948717946,0.7885498679896696,0.5890736342042755,0.5400553988581472,0.3185276711972426,0.6976521954650563,0.3923962813930901,0.6370587425637815,0.39385398047573217,0.5133838777796909,0.34503117951439566,0.6697764276695383,0.4974021289815978
cub_00461,8,8,0.897952620596418,0.82239171887769,0.5137587933168792,0.4532947139753802,0.6210475577783018,0.5268162799543553,0.5096325738438496,0.44920210845548414,0.6358273867916079,0.34520966029723993,0.5008183662062965,0.4274537695590327,0.6515778042295126,0.506869885126511,0.4783601825466579,0.4202816502724506,0.5680206393362559,0.30520149349813314,0.6315943211507312,0.4608050076424776,0.7048415239549234,0.6173744862599726,0.3970202611369279,0.3849043715846995,0.5710573489203381,0.4441965891919119,0.4849145846454231,0.37812669929309406,0.39574222857374747,0.38736827699466264,0.5708110795351914,0.461966447398873
cub_00462,8,8,0.9945133795398345,0.9668757350058801,0.5534754908308032,0.37277701778385774,0.5747898733536769,0.3371976813911653,0.5497982927213024,0.38461538461538464,0.4524982109958192,0.5736572493014592,0.541899448102731,0.37062077443146896,0.5586378507965966,0.3371976813911653,0.5406987905027207,0.38194587895063004,0.4760936047190092,0.586835720435157,0.6556100653555327,0.32650363516192993,0.9105280139968815,0.5600466381655654,0.39757482693419627,0.29016862869869553,0.6473580670125332,0.2918383110195675,0.49267129589923536,0.308148912833086,0.40675282384173533,0.29544438055076355,0.5835266689735071,0.42559157531571834
cub_00476,8,8,0.9989344282438047,0.9340849956634866,0.6104822330694397,0.3006286047566587,0.6632997073881164,0.294588144230149,0.5008650534231648,0.2289510746433164,0.6422059894544937,0.4791712263806814,0.6106281521225425,0.3012188796680498,0.6723193807024185,0.29500580720092917,0.4973866787539444,0.22887582659808964,0.6532328023738448,0.49586837833849784,0.5838451867042744,0.35791610284167796,0.6230890799190942,0.38156536105183453,0.3543293890835618,0.3296825813221406,0.4651328364313947,0.27728632342646214,0.47431437459636544,0.36055563011676284,0.25758840579347997,0.26568449965665775,0.5738435798706628,0.3687388957263596
cub_00483,8,8,0.9918323718507974,0.9432610379550735,0.6516747134610558,0.4776910616993079,0.6320991527662712,0.43726725866513894,0.689987440964638,0.463681446907818,0.6689588434168724,0.5875812387440295,0.625989594107727,0.46037982973149966,0.6210389815749615,0.4333666619054421,0.671097180198106,0.4493067590987868,0.6756232004820457,0.564429012345679,0.7243609955843928,0.41607281450645595,0.694128315324735,0.4674270673393288,0.5030455744705844,0.402920011071132,0.5518605152163084,0.34697986577181206,0.5101446698519201,0.34923803819791044,0.4973980153552293,0.42170955753453476,0.6472826376417097,0.48142077743159656
cub_00497,9,9,0.8486419496964697,0.8925035360678925,0.5524468667066031,0.42441447835344215,0.6434543120665496,0.44690361185206545,0.4793161903818585,0.4225971080238163,0.35017089797239576,0.38727334929866575,0.31326977164748526,0.3828980913663612,0.36784584964635686,0.416872573243911,0.297476852506017,0.3837562051847766,0.16046964519035456,0.3740173488750339,0.6731037436482539,0.5211459754433834,0.6551672753155493,0.5447967980295566,0.49494200697466795,0.45810859403092413,0.553408454828647,0.46571240779960565,0.5408904191994401,0.541707854915976,0.42085578056809425,0.4214105440269209,0.49009733442324954,0.4722745651008221
cub_00501,9,56,0.8417434602614706,0.6490104294982344,0.4434265447123876,0.25870178739416744,0.495892961057288,0.3044326010659041,0.3644447616343902,0.23621804742839544,0.48747867802560263,0.43773932775492835,0.5852222295989262,0.2983318246476141,0.6153200867876322,0.3365282215122471,0.4840892503860889,0.2726581315756116,0.5863282134701597,0.4917634946315635,0.5990223376933387,0.30088151413015296,0.6891748991751689,0.44274315290058225,0.5887088528553291,0.3125525992102026,0.4579995633774332,0.25476711472335106,0.6609109320254795,0.34298204941379085,0.4805519622926971,0.2749968557414162,0.5586876488902262,0.34762047677521074
cub_00503,9,9,-0.44272766670509406,0.19999601403061223,0.06804712842794979,0.19999601403061223,-0.2255769792359304,0.19999601403061223,0.07521854955476057,0.19999601403061223,-0.1821363204405858,0.20408163265306123,0.35121875371138206,0.4242123190462674,0.6326009015727474,0.5235709405602369,0.3380326432161903,0.3924928883646708,0.6314348158252611,0.70765602627811,0.6602344279281721,0.41208752550481953,0.8223923084279976,0.5593194002020045,0.5722739917940445,0.39366235908715974,0.6214808681220729,0.3714637146371464,0.6884124108214377,0.46845802853624974,0.5405099994572194,0.3739242393440401,0.343427722165175,0.375394208689081
cub_00504,9,9,0.8616814663466568,0.8006459716490221,0.5657908372313559,0.4674270673393288,0.41334073506842656,0.4400516610461362,0.5465877732692173,0.4405684754521964,0.12565587346587523,0.21713290911273864,0.4702304833816658,0.4651773981603154,0.30853625242388205,0.45846958796599085,0.46496101680440755,0.43459614010007147,0.10849741568589405,0.23597902950499877,0.6559067808025503,0.45540246555474984,0.7043684935332261,0.45762219478538746,0.3782246918057052,0.2404405016824717,0.5919089842375678,0.4025157232704403,0.45025938329364396,0.26552649647337867,0.34527059365015034,0.2247795094841126,0.46608138540001504,0.40042234210542266
cub_00509,9,9,-0.13126868781046433,0.11638122775800712,0.2676046413851786,0.28160919540229884,0.22354129683368493,0.26345609065155806,0.18328446468936593,0.2329524511610763,0.31060799032478387,0.31732830875186796,0.5452318960548331,0.4058539317974932,0.5845569185720962,0.4079242636746143,0.5453123339466731,0.3906628800997437,0.4527230639924984,0.30330291736280685,0.6922382391433907,0.4201811491650156,0.7320795958401197,0.513118214716526,0.5615167792036642,0.33274173404325247,0.570718761963712,0.34851844386212455,0.6655570413558386,0.3823549464784891,0.4587194199837782,0.2819296914516945,0.4441615836986102,0.33322102975843787
cub_00511,9,9,-0.3693320977842358,0.2002551020408163,-0.43340239823003845,0.19999601403061223,-0.4156495257241832,0.19999601403061223,-0.4057425056016081,0.19999601403061223,-0.416681070867213,0.20408163265306123,0.5454568016882464,0.4634555126430081,0.4525911890100771,0.37141491395793497,0.5359979694700804,0.4316367265469062,0.4810117439295222,0.398304500654766,0.631287350470977,0.3872952236123592,0.6562532097216156,0.5012341985189618,0.5029981527304551,0.3835812747372731,0.5032797817781224,0.3137396085618904,0.5787737013158706,0.3486995277057141,0.4564743814088778,0.35845896147403683,0.2202211122211044,0.3308096816799043
cub_00514,9,9,-0.40839204417685965,0.0,-0.4917160133452193,0.003698335748912989,-0.5661446667209671,0.0021957183492190228,-0.46238297727891703,0.0062127361090234985,-0.4883716673211954,0.0,0.14786598727874428,0.21695367450885278,0.19471235286892588,0.2162899218229198,0.09741876402627712,0.19756548720090697,0.36547134934071407,0.3204168023445132,0.6674298229081301,0.4368556701030928,0.8091275771468557,0.6701339768661063,0.5299864313081099,0.4152589697054307,0.5983926988516655,0.40625,0.5343772002514571,0.3500466107337861,0.472528047888241,0.39606141981684223,0.13335352420173083,0.24252928822064043
cub_00522,9,12,-0.047619554775945774,0.1028078465849772,0.16101609490678734,0.18344241995400673,0.10768237830559578,0.13140537798072044,0.014837366228048005,0.14659506398537478,0.02273059543639229,0.20706078466392808,0.473992392295412,0.4008515390521393,0.46656474791778496,0.4286731207289294,0.4346472433146091,0.33844614871623874,0.39252532147829317,0.36110365198711064,0.7412104568940282,0.521376591873863,0.5856487339759733,0.4972025363670272,0.47519064910127407,0.4671828641725161,0.506842374109715,0.37871814247441093,0.5246723588289043,0.4598934331797235,0.38935232604013015,0.3550090222548954,0.3499528989371335,0.3319845695983908
cub_00528,9,9,0.9999999999533371,1.0,0.16223540598372382,0.14922125515345855,0.18768509023837446,0.17526497628389062,0.1060564390822433,0.1279716742539201,0.11326191197759646,0.09099225139905295,0.16223542138822622,0.14922125515345855,0.18768508727992458,0.17526497628389062,0.1060564633868341,0.1279716742539201,0.11326192680447593,0.09099225139905295,0.5581839826573269,0.40241772063447695,0.631037493714543,0.40300594197832923,0.38598993417394917,0.23869745845552298,0.49595451178664784,0.34077092658160196,0.3269268051629721,0.31869918699186994,0.3167439067718392,0.22507552870090636,0.3235542920241343,0.26770447183489016
cub_00531,9,9,-0.3297639707541581,0.19999601403061223,-0.08350613807494515,0.19999601403061223,-0.26364532006832336,0.19999601403061223,-0.04608763935984467,0.19999601403061223,0.06899130471534538,0.20408163265306123,0.37680599476271853,0.4560359837492745,0.7333498703550274,0.5799417460442415,0.3259554814781645,0.428266438941076,0.10979489339884596,0.38917437478588557,0.4941429207473726,0.4245155795301299,0.8316094087177852,0.5826827537260468,0.5319753574171345,0.43957682476569154,0.4590680384171855,0.4142766542174618,0.3064125309227415,0.3966384239167872,0.5686139929571855,0.4702683103698332,0.27224778170881575,0.3723628519214625
cub_00540,9,9,0.0,0.19999601403061223,0.5431012735634069,0.3386246915227106,0.565469491790781,0.35397692774741957,0.5008567516321958,0.3301961823966066,0.2797604285476627,0.24348359398957375,0.0,0.19999601403061223,0.0,0.19999601403061223,0.0,0.19999601403061223,0.0,0.20408163265306123,0.5579134474747287,0.42593250444049735,0.7353604068222704,0.4989917096123684,0.4658282461047546,0.33696010550609956,0.4711594490137328,0.3745633860694473,0.36338153872674334,0.3932792743265531,0.37488965984734113,0.2974339284571575,0.32384804623490776,0.3065005328562629
cub_00543,9,9,0.0,1.0,0.0,0.19999601403061223,0.0,0.19999601403061223,0.0,0.19999601403061223,0.0,0.20408163265306123,0.0,0.19999601403061223,0.0,0.19999601403061223,0.0,0.19999601403061223,0.0,0.20408163265306123,0.7161603104934202,0.4644290404961693,0.769521188499318,0.5334657701711492,0.4550183514278398,0.4561189313415685,0.6649318399927219,0.4152739581129681,0.4744277015942165,0.4732597006249092,0.45201665891727105,0.4343827378846834,0.23547173672831917,0.3590046325414162
cub_00549,10,10,0.9842761490381713,0.8908988128886377,0.6398914110026681,0.25476711472335106,0.7765779809227372,0.29417075058034564,0.6137191952574492,0.22699761569970042,0.49406615255254877,0.40049734060924225,0.61507758965606,0.25327838141626074,0.7644087726543475,0.309881216551364,0.5915525978469962,0.22452715070164733,0.5368794274418957,0.43692416725726435,0.7444554231747686,0.3285232011650228,0.8293105227570431,0.5388744057659868,0.3329186947650678,0.23915169294707248,0.699810503573042,0.2996179498802046,0.4030039275344785,0.2663960024984385,0.294999291195137,0.20648616483189527,0.6213965092914939,0.34473279783442895
cub_00551,10,92,0.03430950563346163,0.19999601403061223,-0.04649824089944201,0.19999601403061223,0.22198550673011222,0.19999601403061223,-0.004523775288443113,0.19999601403061223,0.2230166727890307,0.20408163265306123,0.5136410157149831,0.3847109148613219,0.8411531235492943,0.47000659195781147,0.5590545251970612,0.4835895919574216,0.6274653785761438,0.36550377155172414,0.4891124662215264,0.3136536195837151,0.7892157513782482,0.5449157108767608,0.3273844144969476,0.3088244787295849,0.5327582236647298,0.383184011026878,0.5913712247193348,0.400884405444621,0.3387655950248989,0.39155799588194923,0.40254742583385916,0.33672645204315327
cub_00555,10,10,0.9987027080702069,0.9688051795173631,0.48300478817173026,0.47703856343832796,0.6844038924842704,0.4213881019830028,0.46099853500276844,0.463254593175853,0.5182914023409685,0.6665296728587868,0.4765172781174935,0.4722711267605634,0.6895279063645466,0.4231014677728143,0.45521476653050535,0.4587876144788487,0.5120468517566021,0.6602522109400589,0.5480629097613432,0.36030906872712487,0.7943421377061923,0.6359634822301924,0.5603473086377835,0.43499186071201074,0.5334363563082161,0.3625254582484725,0.46054391713407017,0.3857562709315836,0.526208947574822,0.4215102012199397,0.5801099803974347,0.5074989915329963
cub_00557,10,10,0.8611374834902248,0.6768318155234355,0.6086933529282689,0.5528046421663443,0.6381810861778224,0.3989962358845671,0.5918002742404828,0.5548497056089247,0.21870669424558134,0.29494794660535223,0.656701030373108,0.5110676102996536,0.700280045323843,0.3410396899639182,0.6381893544948054,0.525771628402007,0.19778538347780023,0.18901008679333803,0.6345167717288637,0.3871993364666851,0.7609507777657516,0.5868121442125237,0.16072572788496342,0.24508720216163105,0.5978953007727176,0.37957107506186416,0.10146432590023458,0.2290858389912706,0.15134553668823622,0.24180804801861946,0.5012248763661803,0.4076588670773423
cub_00559,10,10,0.9403580566015892,0.9481654047757717,0.44618356708160384,0.4225971080238163,0.63241252844916,0.5415930563023273,0.3735282456930603,0.36280301487064576,0.303965750223056,0.5505506271030897,0.47914795116615944,0.4210861714933088,0.6723027166521032,0.5452725592854943,0.42465589078562965,0.3616934663138612,0.25939530128329735,0.552688007351815,0.6456998705408046,0.46154966501602096,0.6094548285508077,0.417272791469529,0.3271872140831467,0.40603328710124825,0.5686161424212994,0.3564476885644769,0.3132654732575021,0.5181579932609509,0.2676294002540451,0.33160383554446343,0.48425352913621766,0.4798343117651213
cub_00562,10,10,0.96707956080249,0.8431444577096152,0.6455994259488631,0.3591115324710503,0.6304475899720358,0.3236166985425048,0.6427052947405584,0.36521325079926537,0.6444738713718554,0.5500764525993884,0.6673253765467205,0.36567773543821447,0.6794833508731213,0.3340866790747142,0.6569354726889759,0.3756940160394818,0.636916843454367,0.5745126970567679,0.6382929158950889,0.34481372286250334,0.7764933357597984,0.534755677907777,0.4439380993672712,0.31297759357596167,0.5716069688892801,0.3239659608153572,0.4626946401373889,0.33230385070311474,0.446553489317707,0.3000128238009746,0.6340364157177016,0.4159975432931127
cub_00569,10,10,0.9829406508212487,0.942132765628024,0.5189921885324597,0.3496066169053863,0.6173190502820974,0.3352405029605482,0.48454493602778276,0.3335548172757475,0.4360161443400019,0.5000739863865049,0.4448230064648118,0.3420260782347041,0.5365250425252533,0.33063714115229065,0.43184824153036094,0.3271176353898036,0.40053168372174686,0.5020743813898355,0.6883976713031911,0.4091132486133539,0.7376177834641722,0.563205857153984,0.42674062008516733,0.3323914043503976,0.579990305899502,0.3575487012987013,0.41724345236011495,0.3367838069492978,0.375532830209661,0.32377905458344214,0.5386042405045047,0.4190190665514681
cub_00571,10,11,0.39686107920514574,0.38139150781088704,0.3971225200092218,0.24661532728853558,0.3800997171564886,0.269238065128043,0.36252202000357947,0.23465370894328946,0.43489848105868995,0.4050720620842572,0.6706483979983993,0.4163726182074806,0.8040871680539382,0.5194185782421077,0.6379780543649625,0.39724310776942356,0.6738125924472568,0.6176001276527844,0.7429541759088675,0.3904669530275738,0.8278900077293968,0.5,0.4902294469567057,0.3853775196446874,0.6859140442654209,0.36243296449663975,0.5363704707219711,0.4414190245983222,0.471769206153043,0.37187901752486635,0.5675438254688724,0.3959453721612599
cub_00576,10,10,0.9732711712154384,0.9318509962460294,0.6018702593034159,0.49597495527728086,0.6825259895338035,0.5211459754433834,0.6258518048738021,0.4908631704055861,0.6907979858196388,0.6432971308153672,0.5794033773894207,0.49330357142857145,0.646022592904091,0.5234552907241536,0.6194571927851674,0.48798932384341637,0.6858631563131086,0.6490443269621797,0.6378153978644058,0.4571988673491614,0.7348719475628903,0.5319441264025647,0.493922591828483,0.4677139134211669,0.5784539173117568,0.4379881063265745,0.535259163353509,0.49542705413777843,0.5554668847550079,0.47358092884657316,0.6427235621875959,0.5400518491753191
cub_00580,10,48,0.9569359774913292,0.8064806480648065,0.4638285812519634,0.3752226942579142,0.6880322414909823,0.3812801101169993,0.459064747981381,0.3997768168503278,0.5945228481453776,0.5099046767947573,0.5019356042592322,0.41020236087689715,0.7702741066957285,0.3889273356401384,0.5001432863925582,0.4392255288633919,0.6443495429372246,0.5506692160611855,0.549754145740453,0.3752226942579142,0.8176751450274048,0.6483245729303548,0.4490094307979285,0.38850842350362963,0.5380323567255393,0.38480645829020904,0.5650324354759768,0.38282635383985814,0.4530312377242848,0.41161317273550097,0.5967747792091574,0.45686607087225894
cub_00595,10,10,0.9974635154884783,0.9588131953933242,0.5816963999252017,0.5034834069967787,0.7836198905254457,0.5706683362028486,0.5944508940892546,0.49597495527728086,0.5914767097812972,0.43174917025633786,0.579405866955127,0.5075490122436715,0.7893408993536496,0.5796930342384888,0.593611315552367,0.5030330262862278,0.6028373393398486,0.4440883190883191,0.5651207940657124,0.4975376809431428,0.8440629101977806,0.6769719251336899,0.4120913520516988,0.3739242393440401,0.5629528224150089,0.4816181898715488,0.5445571543398939,0.4630538317217492,0.43349878770078076,0.37448308589248186,0.6317457767854364,0.5241760939259953
cub_00596,10,10,0.9934528703622303,0.911064559131594,0.5384364539585517,0.5139171758316361,0.5733230795110121,0.5141456054319125,0.5204162597007732,0.45519141531322505,0.3896904573703261,0.5869599248591109,0.5426515622175857,0.4979847738468428,0.5752733230093282,0.5031455961653685,0.5254292876358074,0.44700793078586876,0.4033556169136427,0.5825007805182641,0.6175969233044519,0.45129799696290407,0.6983478023924607,0.5067567567567568,0.42967806525919644,0.38084860042225704,0.5460340399410039,0.3999720982142857,0.42183330583795176,0.4007876191792179,0.4301159997794855,0.34173780689563893,0.5470423364795871,0.4995545760209922
cub_00608,11,11,0.9999999998512163,1.0,0.6305892492716614,0.5517241379310345,0.6866026998070093,0.45899970921779587,0.6502699720838732,0.5720216182345108,0.4183337514727493,0.4758334546513321,0.6305892922981552,0.5517241379310345,0.686602698388759,0.45899970921779587,0.6502700052684034,0.5720216182345108,0.41833368962981066,0.4758334546513321,0.7399149792243622,0.4799793525551213,0.7464904574744058,0.618940066145035,0.4148825215506061,0.4263102356665494,0.6693222292529885,0.463254593175853,0.3754618115260686,0.42011627092526443,0.4014997105070505,0.4390659379657889,0.6079442045071413,0.5309882864335306
cub_00614,11,11,-0.5400758057034157,0.0,-0.2628565826360841,0.0365664704059498,-0.24407637338348562,0.032088861462511574,-0.25974427381114135,0.04086712996577119,-0.17189198467708017,0.035706988148753574,0.6464877209104829,0.5020206555904805,0.6809497847638044,0.4773647405226353,0.5981896319414591,0.4931924707983037,0.5194020170234784,0.5690295619873085,0.6669576878441149,0.4758438120450033,0.708634301688464,0.5715292459478506,0.49905211461719096,0.4959787500922305,0.5992149212188096,0.44721661378713584,0.5413224042688861,0.5018518518518519,0.4622579087804366,0.45800373939306777,0.296254898189728,0.3424840594665902
cub_00624,11,11,-0.42947047293701957,0.19999601403061223,-0.06714100324480653,0.19999601403061223,-0.10022991104469368,0.19999601403061223,-0.08211274895228815,0.19999601403061223,-0.10374997097539344,0.20408163265306123,0.3293580000526655,0.4135793773770954,0.4571414516922713,0.5271648150966367,0.3250229923873163,0.4151741644337893,0.42134448924111056,0.4617880317231435,0.5264631381832473,0.4122862571247625,0.7982977406586966,0.5904588319201205,0.34448198700617766,0.35320029366615496,0.5348526201478793,0.41338028169014085,0.45890042098077255,0.3868937683836104,0.3742769061693561,0.363666935700834,0.2524957092910195,0.3561105630594532
cub_00628,11,11,0.36261483585915205,0.32808364213869773,0.3138596653420246,0.26784586228679724,0.3833879204354945,0.290426284318138,0.19060111963092666,0.2167323431342831,0.15583186614902825,0.19299794057075612,0.476728788083119,0.4780175270638486,0.5947793647095945,0.5650343106674984,0.50817884718792,0.4844674556213018,0.26611114547696174,0.36725335491267114,0.6818761209719294,0.5255396777135908,0.7671903286373893,0.5541273037014093,0.3305824384444173,0.3288111154804037,0.5987633298627769,0.48887240356083084,0.35414479274997485,0.36550377155172414,0.2938095937224126,0.32144952095418106,0.4185640104842081,0.3850108342450755
cub_00634,11,11,0.9557733447603668,0.9460874624260642,0.5698299347889518,0.45868159023184824,0.7397767029389318,0.5442025082711395,0.5414962717757655,0.43142429213322875,0.47785354355939114,0.3671611598111935,0.5507635480946926,0.45667005370881114,0.7293898599543931,0.5397008055235903,0.5289392675602181,0.42938537141229255,0.465133040436813,0.37141504329004327,0.5812254934000296,0.4844674556213018,0.7284688448937333,0.5584718123932287,0.35164699406579203,0.3620180034932151,0.5334629148208337,0.4644290404961693,0.5049610131920136,0.4315469886323519,0.3221318903900145,0.3465497775121206,0.572056844308796,0.4794807576637733
cub_00635,11,11,-0.4334665008696911,0.074296113906434,-0.31028803967097596,0.022206376693490883,-0.2477358712898916,0.02043929225137279,-0.28783880032217957,0.025601717001379733,0.14530780210483443,0.09576825379668162,0.5265014473046368,0.45445322124791654,0.5734009110077265,0.5107263831388784,0.5386167990544263,0.4706528907452187,0.16871819433239454,0.5246653632125131,0.6912619480959236,0.5180394826412525,0.866300310312129,0.7153846153846154,0.3034409874214763,0.38084860042225704,0.7174668652929885,0.5219534389929475,0.40472480353626133,0.40505890505890507,0.3322491146108791,0.3906989505453049,0.2659106647280625,0.3420529070026112
cub_00648,11,11,0.923619573178183,0.9187380497131931,0.355882696983003,0.3629881154499151,0.6653883835530084,0.48545629487084596,0.3994790082457612,0.4131812420785805,0.3934793001625901,0.3141690432978999,0.33251983469365426,0.383184011026878,0.736611863271894,0.5172361657091019,0.3863946285356852,0.4333666619054421,0.4581430886412704,0.34744467335681534,0.4065383405112728,0.3725892490767337,0.8296857743636612,0.5591982597886886,0.3330607578490776,0.3139135506448059,0.44738030880143037,0.40634853899516504,0.4924863540955951,0.44131655647970425,0.3664282045432815,0.33537509056181253,0.5018065411619579,0.44030036686370544
cub_00650,11,11,0.9939777420673227,0.9318509962460294,0.5463253899330537,0.4748677248677249,0.5023592395580977,0.3981191222570533,0.5386205562142267,0.4458612491895397,0.3841869394451142,0.3536520229670183,0.5684585088912397,0.48854112586219683,0.5272017675658405,0.4227988090174394,0.5562263931548703,0.45413708158237936,0.3851585095156679,0.364952201427225,0.7048477520842027,0.47022196176104314,0.7846492574928261,0.5630841121495327,0.3479098331902434,0.3889840378159896,0.599585549743332,0.43623872906826966,0.2984511816514086,0.3642174673664379,0.391837328259583,0.39280071443291886,0.5419863965844686,0.4633551570673865
cub_00653,11,11,0.9007001436028137,0.8913494157557482,0.45572886163009285,0.46571240779960565,0.5206147150191691,0.5225307237141557,0.3830899027839731,0.40526536899593896,0.31126351130240754,0.4363134032303769,0.46725891362841726,0.49940236067533245,0.5915936247835277,0.5519214412742597,0.38036515710428787,0.43826585453242567,0.30275177214476295,0.4767662053896577,0.6220761718518201,0.5231084465356303,0.6876728731488561,0.5307756845396995,0.40373964729303713,0.45643272753394154,0.5201484005804671,0.4563529497133735,0.3643721654291779,0.44749054044406367,0.426775327946285,0.4259089950066812,0.4892100792166064,0.5018397683427261
cub_00655,11,11,0.704427681022315,0.5538866522143079,0.3635433115975183,0.23545706371191136,0.3945823610685212,0.20605732828555975,0.34391865563627294,0.2577552171460801,0.2879139842785036,0.27604002769211405,0.5380892792334647,0.4068414411888406,0.6272532632025344,0.3809949769490126,0.5102084102911693,0.41288278775079196,0.39824265271382325,0.3372246405487403,0.5630924284710076,0.4182743269026924,0.8211418421759199,0.5705454260896784,0.40980429439557964,0.33757751682279985,0.526916437858924,0.3928794503435353,0.4224714844893637,0.35085615297488176,0.3972468670547777,0.3479821820357689,0.48725686356597964,0.3656836793771144
cub_00658,11,11,0.9986919966716435,0.9861454725383474,0.43364362856587063,0.48545629487084596,0.51210359793117,0.5572625698324022,0.4397996435021282,0.44867908185361627,0.5074390605249235,0.4878549937623835,0.43246753423342643,0.4832606607050477,0.5075091052364034,0.5514842300556586,0.43941435257205735,0.44659074527893905,0.5092164238810385,0.4832833418684615,0.7485308486785782,0.5198788337750851,0.7473832521764936,0.5195336159903089,0.36572527560084667,0.46284271284271283,0.6975571858154114,0.4748677248677249,0.41594946294632656,0.5691509945050692,0.35391735721876927,0.4336727478433036,0.5406232483703391,0.5273309347059938
cub_00668,12,12,0.9695971187758193,0.9317875697517799,0.4531613810540404,0.3396969494693278,0.6493245437601902,0.5151743922693643,0.4543102723771061,0.3271176353898036,0.4995778577922081,0.24784588872476612,0.4210034991934356,0.32947096603323844,0.5801434398258085,0.4987683809808166,0.4261981802782989,0.3167420814479638,0.45679994433594084,0.2428921568627451,0.668462441620826,0.3956884561891516,0.7961329995665878,0.5173508732138807,0.4856349414014965,0.26948844781165865,0.6370250407857306,0.36030906872712487,0.5641133688133362,0.24623517118446125,0.45369108648273193,0.25417542991463565,0.5676784077375705,0.38618289786471455
cub_00675,12,12,0.8247751109897319,0.8513052301448206,0.3517655405632257,0.3977296469113448,0.4215223922849855,0.41967885690033246,0.3758988770905136,0.40300594197832923,0.31565563184233064,0.2818486438641967,0.4973337684727333,0.4488882471845221,0.6099178495865104,0.48249372137686514,0.4883920838113165,0.45255844249837157,0.45832665398385214,0.30806451612903224,0.6497133375025195,0.5026954177897575,0.8620152772490411,0.7126034644594249,0.26433284861753864,0.35392320534223703,0.616941776215003,0.49742594941431023,0.33694040408883325,0.3927050419013601,0.2897115068541093,0.35383279914529914,0.4908828706101496,0.4572506083360136
cub_00677,12,12,0.9980737247127347,0.995228153892037,0.548507210131773,0.5184989029280472,0.4989055930180606,0.4430543572044866,0.5233762537644412,0.5191885549920521,0.43461054710792496,0.4946553630667158,0.552412321483896,0.5170068027210885,0.5007664362035853,0.4421211467988791,0.5279435475159038,0.5181543116490166,0.4430306745245809,0.4928944849421987,0.7458317736302951,0.5726375176304654,0.7065037847155768,0.54076462459696,0.4248728041088787,0.4717624854819977,0.6943935827684734,0.48391866913123843,0.4498473420259608,0.47465270201469195,0.42396924101044536,0.45737492811960895,0.5648696557815021,0.529460867011299
cub_00678,12,12,0.9609554943836439,0.9664120642381512,0.4686211528895045,0.4269167910182619,0.7412644266569082,0.5117819769630355,0.4550730072527377,0.44053084648493546,0.5597217426793198,0.49304482225656876,0.5195245929455915,0.44046508289672004,0.7975392721509517,0.5184989029280472,0.49672483691321784,0.4548749546937296,0.5981292369340195,0.4977469158602349,0.5901224250004916,0.4747593504298626,0.790397455361855,0.7485624673288029,0.45089499512803705,0.4773389682308365,0.564284163128418,0.48435766585311735,0.5293029492987883,0.45070120206067543,0.4378171471063537,0.47927914781847364,0.5973581931886559,0.524351410604097
cub_00680,12,12,0.9961090154215303,0.9873254777700763,0.613441871727063,0.5042722230550143,0.6078783143815557,0.5272810288410319,0.55253734080917,0.4841381350292095,0.032415470866009356,0.27740675403225806,0.6086470317058813,0.5026954177897575,0.5927220368718724,0.5241494532199271,0.5469939072215321,0.48424789232362075,0.05251995530929949,0.27797037503939487,0.6499923298708777,0.5149456521739131,0.7115045199159272,0.5767145887343861,0.09203573505136141,0.21059230952949606,0.5614276728037557,0.46154966501602096,-0.016684084612329377,0.2251495558644027,0.1057382677166517,0.22116484972595313,0.4471519590040105,0.4519735585429642
cub_00681,12,12,0.9451688360800563,0.9715127701375246,0.5848788090777177,0.5297256097560976,0.5153351442508833,0.4517179023508137,0.5840385868879865,0.5475364330326162,0.43885593747958745,0.6050506649778341,0.6704545184148895,0.5272810288410319,0.6382388092739228,0.45161290322580644,0.6676513626684366,0.5453915453915454,0.40075278581451185,0.6072136345620294,0.7401559105916518,0.5477751214621732,0.706151776818405,0.5417114764172684,0.3986465455568598,0.4987433471318746,0.6975226364749199,0.4756267921476362,0.39658130123860313,0.4457358813462636,0.41175377849721967,0.4997411051113248,0.5864124492750433,0.5497584143927894
cub_00690,12,12,0.988595632937754,0.9900842835894893,0.44571988614619945,0.4056590558901807,0.5997900248472262,0.5439649203784906,0.4475893106740409,0.4287748273652737,0.2308629358409745,0.34289309842363225,0.4693735976999861,0.4065456584203518,0.6191016664197909,0.5462249614791987,0.4679601746366829,0.4295890020656742,0.2531354368836192,0.34431772974406577,0.7642076703257141,0.4476341604154645,0.8152012078885651,0.57300728897249,0.47297575921938595,0.29677006715701953,0.7431003829450508,0.4490974729241877,0.46574234483283006,0.34120526559502545,0.4420125918409334,0.30093038177735004,0.5483579082092503,0.45644654494652637
cub_00691,12,12,0.9874227662229952,0.9859489412230358,0.3892082524864452,0.3518792940859491,0.5584911795055021,0.5051747412629368,0.424480373288621,0.39987445072190836,0.3323857853279532,0.31442463533225284,0.431873782229285,0.3521525298120326,0.5976442960266994,0.5052876321908047,0.4602520011170099,0.40036282444878596,0.3586971181252818,0.3157894736842105,0.739157345218503,0.5241494532199271,0.7671078526231087,0.6440039318479686,0.16051810340829373,0.3047815174721668,0.7169166707778273,0.5581088424811739,0.21930669673305406,0.3541040539638015,0.19655097216525813,0.3242978445460483,0.4893342130170558,0.4560226777528668
cub_00692,12,12,0.682032128209032,0.32773220428684835,0.5075860503861843,0.26496911634942644,0.5768218779142844,0.2912565141864505,0.5330938737532991,0.2987769365171811,0.39105446641573516,0.3970233583683594,0.7919351702377425,0.49597495527728086,0.8512294093432313,0.5413562706397358,0.7970501405334645,0.48997772828507796,0.5430249670585693,0.46665219907407407,0.7739184106436661,0.5242652084757348,0.7507691215405662,0.5312428473334859,0.4800684392300094,0.4520518513213493,0.7701170015195301,0.5087956698240866,0.499680715979524,0.45915797049298307,0.5101591515480451,0.4615772779700115,0.6305693949541922,0.4340540072268057
cub_00705,12,12,0.9989503238423129,0.9964189794091316,0.6064898090317845,0.47921580188679247,0.6853351002502738,0.47173131920510375,0.5351316754776612,0.4571988673491614,-0.03291685468559165,0.13930096650932794,0.602032619235573,0.4793248323137024,0.6781338714463425,0.4714076246334311,0.533135401930228,0.4573046761545164,-0.02983071818272622,0.1394930590681729,0.7870206592807831,0.6032912605847579,0.7270991632201167,0.662249461653139,0.22793700501266745,0.19082579584165393,0.7509753670104147,0.5476557680444171,0.20241692498615965,0.1901267903263677,0.2573018414660857,0.19201599153389382,0.501947479288139,0.4318374129675712
cub_00707,12,12,0.9840751018633384,0.9781194559432289,0.20715058063221523,0.27291177776368364,0.3143364151339167,0.4242123190462674,0.1949496602974756,0.28472666752016385,0.15221045275823497,0.26631690712635064,0.23616032446762406,0.2705748290706508,0.3422209441434053,0.41937765205091937,0.22669343193989533,0.28218232926595543,0.18906922131864767,0.2671875,0.7549572750866518,0.4355196337887133,0.8736814360781858,0.70286780926523,0.5771572142504314,0.33204125878720187,0.7645470056568315,0.44972551285755563,0.6290677841684826,0.36073825503355705,0.5802921345774958,0.3468181214295204,0.46843793215818885,0.40622133526326654
cub_00718,12,12,0.9995697060905478,0.9871287128712871,0.5375425647942467,0.49064171122994654,0.7503025931612032,0.6205086798546628,0.49846722777389657,0.4674270673393288,0.22748895761462778,0.34040724580193044,0.5351058419224313,0.49174966552698085,0.7493159066791214,0.6216871363930188,0.49580919378118526,0.46850076827394455,0.2310920758781787,0.3422707712677921,0.601184441677271,0.5548497056089247,0.7861644610616809,0.6596378069957827,0.29328128514212576,0.2984309958373359,0.5600196563000164,0.5240337155440808,0.11430958068907009,0.32846284890577904,0.31099209588972365,0.3005131494547787,0.5127097058970217,0.49974999872703824
cub_00720,13,14,0.988839800594029,0.9622825874535861,0.5275193920783415,0.27907717800012743,0.7444390415315456,0.36150871718336614,0.4349452139030293,0.26985131287567227,0.6410863313468619,0.3711368093595726,0.5273852557692026,0.27878247580234333,0.7482596639849252,0.3608457003455987,0.43170065928248863,0.2691651393541048,0.6464911121873135,0.37111381454447145,0.4830364998012271,0.2563380281690141,0.7005278089313568,0.40388919977616117,0.5037551099191879,0.30865552184857675,0.36722112695698916,0.2239297475301866,0.47671289852419907,0.28306543475509427,0.4515046153288128,0.2919773147263111,0.5782283020093008,0.3527745987816125
cub_00724,13,13,0.9986320969303961,0.9508164852255054,0.6345724562230847,0.5608959402706486,0.7792604274598156,0.554006968641115,0.5799941069568229,0.5035960443512136,0.28861536211688116,0.5424115633320654,0.6331165271234726,0.5510046367851623,0.7783976719120208,0.5378131943912344,0.5777977872307952,0.49820842042400715,0.2772612431739866,0.532270253929867,0.71120511082617,0.5176950998185118,0.7955718126788744,0.5707912655552947,0.31400507998105714,0.44070205357777303,0.6189683090493601,0.438812818123163,0.27451294410650395,0.4386574895338111,0.3253277787986723,0.41259666968577996,0.5724825809711942,0.5366852602430101
cub_00732,13,13,0.9892642402100114,0.8692372170997485,0.5611993876647053,0.399581589958159,0.7489275841508546,0.38080495356037153,0.547110103916206,0.4379881063265745,0.5712952494581433,0.5891989340021947,0.5449135269241709,0.3723076923076923,0.7222469219705031,0.35920357578220236,0.524334115792518,0.40713734838393045,0.5276318400094976,0.5514998469543924,0.6120033324280211,0.34274436341740816,0.7482696297825971,0.50100964774512,0.5399287697627186,0.35691339847409986,0.5822581387956851,0.3466183574879227,0.5664228036766541,0.37728415189185516,0.5153934599336635,0.3833924672489083,0.6200799402983966,0.44499477670937193
cub_00738,13,13,0.97423070727984,0.9181879002198222,0.4510066128705499,0.5141456054319125,0.6046747193350247,0.6071428571428571,0.4436968669182052,0.5110676102996536,0.5783681744057664,0.7016365925304239,0.4770222104089782,0.5267001369237791,0.6323315580461933,0.5964047088768692,0.47353965394932507,0.523224043715847,0.6401232514094227,0.6958012713282035,0.6879180663589604,0.4949720670391061,0.7815965869248468,0.6207704110474037,0.47815673854625496,0.4383513053348468,0.6690137022285302,0.4841381350292095,0.5700479148527959,0.5569804945476885,0.5099113579798477,0.4459420909998574,0.5981092081009692,0.5756976820311654
cub_00741,13,13,0.997576504582277,0.9672613213095471,0.7155343935740549,0.6067568649427588,0.7396740196620161,0.445652956853706,0.6838465362819179,0.6103666853887507,0.5326584330633269,0.5340092305364303,0.711249035644,0.6062424969987995,0.7329946363890201,0.4502492954693258,0.6785371634680516,0.6086886822699583,0.5275046620700754,0.5358684948109992,0.7399036257020056,0.5327630976019551,0.790436984786384,0.6975386957624968,0.5585377174580021,0.5035224323322209,0.7132107196902697,0.4918605515498402,0.5890738282978564,0.4613665849790976,0.5290536462136851,0.4807917031843412,0.6826527937921961,0.5688626062660151
cub_00744,13,13,0.983699147918673,0.8332115454877603,0.3209631940975317,0.22236433400328887,0.6476145198326443,0.3616010854816825,0.4221656064493269,0.2851379906512134,0.545525592054495,0.399434014356709,0.3004297157466255,0.20750857349136634,0.596601606898508,0.3412189254210104,0.3966282766413563,0.2708966565349544,0.5011034518063131,0.3608295858782469,0.46627532070579486,0.26107445805843543,0.8241104421720676,0.5299588351882909,0.4297438920050053,0.27595972309628697,0.509725842092181,0.2871985633658286,0.5431119848977408,0.2946172019666688,0.4849350999657082,0.3363432639071975,0.5315089128855981,0.3511569837925961
cub_00746,13,13,0.9973651128719881,0.9410058027079303,0.5368927216575754,0.5315934065934066,0.7437382239720965,0.730321579446504,0.5032390389019062,0.48282231252308827,0.5084544009098185,0.5060912197296092,0.5451899785101191,0.5402916346891788,0.762591493076869,0.7379632836854867,0.5157650685545202,0.4941929720071471,0.5143882749798953,0.5248947051744886,0.616760919306495,0.5236866079562709,0.6404505911530005,0.5487306119299329,0.3376477409526161,0.37299383761088917,0.5726652751733582,0.4737846967249229,0.48669388571929084,0.4437798191269672,0.3288399679059923,0.34173780689563893,0.5740455129097027,0.5462593531200974
cub_00747,13,13,0.9968964160340024,0.9337123036901436,0.5309269708798348,0.49787297559519367,0.7382792411631729,0.6244435451234318,0.43272387588451605,0.4286731207289294,0.2503844958195772,0.3008469138970871,0.5272647293356932,0.4931924707983037,0.7378433695723493,0.626418152350081,0.42583945276408225,0.42340425531914894,0.24832310040245498,0.2931309394731807,0.5339770212635518,0.4612304331998544,0.6911261522745934,0.48337028824833705,0.20399283069931898,0.2526257259359941,0.4313218916665853,0.3932662270045123,0.27074545861701876,0.3045296615622185,0.19278651952256964,0.22389230954968006,0.48082876839328814,0.44937395483173975
cub_00757,13,13,0.9982214620782374,0.9875222816399287,0.7315174042238377,0.5427780767161197,0.7825212513090161,0.554006968641115,0.7036476417460453,0.5168921472299902,0.5148911039532282,0.7039246995545844,0.7271892472509691,0.5434899638544951,0.7788967301795308,0.5514842300556586,0.6996328651984592,0.5170068027210885,0.5292168835542606,0.7004948419022058,0.6997769549822492,0.4740011750881316,0.8609866181445162,0.6117892707998716,0.36372672415867807,0.5154346363704313,0.6814440141994669,0.4457570955193776,0.4204855414349771,0.5218043984087668,0.35142457356292206,0.4768009323330177,0.6562386010650929,0.5775458347223188
cub_00763,13,48,0.9974509682088575,0.9620686284094242,0.4678531414659928,0.42380817253121456,0.6444694379180229,0.4958634568085265,0.5291449518098263,0.43870967741935485,0.49762573588934106,0.4234063465318731,0.47693597205783816,0.4240102171136654,0.6532789060881123,0.49430422157694887,0.5368894379092117,0.4373701926520089,0.5098401821198115,0.42260735335391525,0.5663380466950174,0.46581945661700264,0.6846523261429519,0.5231084465356303,0.4752902224294733,0.39606141981684223,0.5722540536630802,0.45339995655007603,0.5175699630106755,0.449767608151591,0.4806956485710817,0.4079861111111111,0.5740192662652863,0.48121941767861226
cub_00764,13,13,0.9956555982842082,0.9335260115606936,0.6223947603543097,0.49809658878853474,0.8332154373379774,0.5486111111111112,0.6235878765913325,0.5005607476635514,0.6954803624476007,0.8234553467038402,0.6117131795883456,0.48534635879218474,0.8283620317261603,0.5320610687022901,0.6211040606545575,0.49486071800983167,0.6926186264680864,0.8112381633017688,0.6819411344876025,0.47877984084880637,0.6982991877835664,0.5510046367851623,0.4798937072667356,0.48818261890780973,0.647073116959282,0.453505214368482,0.5913827012918053,0.5355195395334748,0.4824213041764948,0.4887289815698656,0.6736762056945376,0.5748984631098272
cub_00767,13,13,0.978016352794766,0.882033008252063,0.6876676943017016,0.5453915453915454,0.6447476078651758,0.4215894602634934,0.6684557922066312,0.5342863695436129,0.6709470932405303,0.559495423428967,0.6835575953293572,0.544559027243343,0.6577788864673205,0.4171727157181189,0.6651186710395126,0.5337001375515819,0.63370470905834,0.5197511430927216,0.6566576239949693,0.4170726540987079,0.8839686018614831,0.6723606366136156,0.5990157064134081,0.4699485246139346,0.637175943579153,0.4192772788345944,0.5817350379439931,0.4233064233064233,0.5928719327054804,0.4693093702442206,0.6827612832534548,0.5219502478797963
cub_00789,14,14,0.9924769464288687,0.9233349305222808,0.49518284211830804,0.42593250444049735,0.7962199494822704,0.597548356284327,0.41384466136423753,0.3410396899639182,0.36971585234945814,0.39117606696857415,0.49117088922109137,0.42948717948717946,0.805238248251342,0.613603473227207,0.41060077737228773,0.3388925950633756,0.3581382954643498,0.3983723015380371,0.5248637572287713,0.4242123190462674,0.5173220488320115,0.4258312020460358,0.25590525908218636,0.28241619228336495,0.494499223525065,0.3467990873708227,0.29147385227543543,0.347892567477729,0.18717351163236756,0.2356777181862506,0.49358840764187006,0.43481441226039114
cub_00790,14,14,0.8106179537763691,0.6067568649427588,0.470664631823773,0.419176919813322,0.5475010718927908,0.4116902300063304,0.4674246285370908,0.43829726243371075,0.34864421066378265,0.37438991323210413,0.5949560271519184,0.5427780767161197,0.7084175530379242,0.5152887882219706,0.5889688817587119,0.5544884207265123,0.5110184323180733,0.4702683103698332,0.6204867889658782,0.5242652084757348,0.8416319174113996,0.6803415941058272,0.42359302275816946,0.4437798191269672,0.6120132519097571,0.533934576582085,0.4990213061479347,0.5422942339875247,0.4193915526013101,0.4427524372020209,0.5642900820503256,0.500033510396188
cub_00791,14,14,0.9915588599732219,0.9368847712796757,0.5502559622737249,0.470437394680929,0.8189851780333783,0.5928571428571429,0.49364231425031196,0.4145756977727657,0.39028525401238223,0.5670891946204978,0.5398838959744331,0.46774901272487934,0.8213553700851239,0.5966587112171837,0.4824323628947058,0.4144760025371767,0.3992270048021336,0.5623795946674887,0.582389334590238,0.4432619013375521,0.6647635519568631,0.4621885472825295,0.2976313449385702,0.36265878083204517,0.4881173341579363,0.38461538461538464,0.2785574148469827,0.46337062432334897,0.32539395822471096,0.3426263161380041,0.5416319427343144,0.4987886051257736
cub_00803,14,14,0.9824645129496683,0.9285096569616604,0.5442977606440756,0.4646427789535138,0.7581490116977725,0.5579878900791803,0.4523002954541581,0.4124850446899852,0.39468894875734684,0.408181691901653,0.533704386021123,0.4611240535818288,0.7866186168264109,0.5723910999686619,0.43679744311645585,0.4142766542174618,0.3834677829055558,0.4203152364273205,0.5962135772889973,0.43603319977103605,0.7660271143907024,0.5591982597886886,0.42465523233579616,0.41161317273550097,0.5280111426403379,0.3981191222570533,0.3070333047446001,0.34852011972065183,0.35996878129198223,0.3589142091152815,0.5502931940709989,0.4768208126779652
cub_00804,14,14,0.9225218066856712,0.9312933025404158,0.6014661249010911,0.352790509571313,0.589535933153761,0.307406683603674,0.541641408606508,0.32799576523522794,0.7321259353363119,0.6200559328805434,0.6942598239857855,0.3757883191664382,0.7014065475313196,0.3287870762711864,0.6599471004790389,0.34716069271043093,0.7702391709655068,0.6315281242455942,0.7666308472545609,0.5005607476635514,0.7484563980656522,0.5321780288571647,0.6125378284402214,0.4156542382348834,0.7467581054165057,0.46925329428989754,0.602531982761462,0.392322483175388,0.5589762727352223,0.3886035203068283,0.6832690190879079,0.4614252479168358
cub_00805,14,14,0.9892103114703567,0.9763663220088626,0.6245135655151685,0.5604105115845125,0.7622137117888804,0.6039319108127548,0.616344042455237,0.5764668918388186,0.5680579449359193,0.5027423658464275,0.6268475038831186,0.5595617375087419,0.7676209795177039,0.6068855084067254,0.6160495669418313,0.5763430725730443,0.5850500442939027,0.5084443121791533,0.6264218388844521,0.48578620076991413,0.7775883719855895,0.6133440514469454,0.5076736527670038,0.4184273121589478,0.5917188211274581,0.48655655136656545,0.5339608641104509,0.4341798118412676,0.5024449861773532,0.42230796211855487,0.6463810803902952,0.5554503014974157
cub_00811,14,14,0.9249383740430466,0.968418987838368,0.5994446929977736,0.43829726243371075,0.7863926967931669,0.5793201133144475,0.5381865657525551,0.40990516332982085,0.452029928415525,0.49421475421917604,0.68068289500354,0.4460696015563081,0.8074505115909006,0.5841818612360881,0.5943901680963607,0.419176919813322,0.5351405698057208,0.5106921987929365,0.6860780553321352,0.4556135770234987,0.7688692243437895,0.5453915453915454,0.5295719925659031,0.4730456262714327,0.618176085504684,0.42038216560509556,0.5232092846100231,0.5084443121791533,0.4899767429746884,0.4449116305587229,0.6356358525219876,0.5132043813042418
cub_00825,14,14,0.9892588324350656,0.8779825956769908,0.5613651336868268,0.5581088424811739,0.8260229576991124,0.6750125187781673,0.5540313186902481,0.552924791086351,0.6128596445547333,0.6290374417483529,0.5514298993332317,0.5805638683257206,0.82835266796254,0.6928137651821862,0.5472086147310721,0.5808128544423441,0.6087388950238339,0.6213514594162335,0.6156454702401417,0.5695628372565887,0.8548242223449094,0.708666780180487,0.43783303057559775,0.500629117015765,0.6086847672762847,0.5742411169503491,0.5939794703122667,0.5923191706589178,0.451173151928138,0.5081077060398691,0.6427605384529335,0.6148089910159665
cub_00830,14,14,0.9878386550887623,0.9408181026979983,0.7211208823337507,0.5196486711592337,0.8204719888225049,0.6162022870027379,0.5868371414271283,0.4557191557264089,0.35488581976457323,0.3106858879048419,0.7463896109348164,0.5133464032574272,0.8413756913312083,0.6239177927016749,0.6103528782404534,0.4493067590987868,0.36190095562668984,0.3187849616235202,0.7781412489365966,0.5051747412629368,0.7529734501315664,0.6163324474510752,0.24548311695040922,0.29445189299623314,0.6611290423787374,0.4406718828511952,0.3175705754820812,0.3157040882543803,0.19039781242194917,0.272037141602359,0.5984579246580818,0.4795201477060539
cub_00831,14,14,0.9641313413302554,0.6704119850187266,0.7714875015113243,0.4434695051783659,0.7889588536472982,0.4079270431427569,0.741616521698771,0.42209310564727553,0.6326067902352402,0.5138505189277981,0.7982422273655284,0.5385205059409736,0.8155287206874366,0.4458612491895397,0.7682248113856641,0.5158610271903323,0.6734788150982409,0.5480644422386806,0.844822551367545,0.463254593175853,0.937741241499331,0.6663899036864829,0.7099060680180461,0.4261095871140184,0.8102601946410198,0.4337762537505358,0.682914843994456,0.3921312826146663,0.6840211160851921,0.41624755518301204,0.7749294399043567,0.4869312371999345
cub_00832,14,14,0.977279764923725,0.8557434617872655,0.6779698532032584,0.477087164398676,0.8067309055758907,0.45958714929495564,0.6437010040025428,0.456834010446895,0.6617368446254729,0.3925997116770783,0.6944813207618827,0.4914171063387085,0.8381282442156345,0.4820558263181214,0.6649100156473013,0.4630412596588424,0.7110755960096415,0.4429577965981069,0.7108954574682996,0.4543478260869565,0.8837013330722673,0.6303818034118602,0.5621336550806194,0.41981792717086835,0.6812016768003957,0.43305962156372724,0.673942525722118,0.5118186563268958,0.5395829080059507,0.4045722202978871,0.7151647403410001,0.49168810275845637
cub_00833,14,14,0.9862696510235816,0.9294366467986925,0.469403849527225,0.4493067590987868,0.7484342783783793,0.5534055727554179,0.3824330535927677,0.39870374242107465,0.009266595964533601,0.2702838168034584,0.45531480135964564,0.4556135770234987,0.7496157356794294,0.5682137834036568,0.36479593482535716,0.4067428331113759,0.03408130506849416,0.28599517950019027,0.59408118466572,0.46656923639020825,0.6474218599484098,0.5081154192966637,0.21378862457557057,0.261667703795893,0.4862072643722683,0.40182999231682615,0.08199315876252321,0.28257844129554655,0.2492582350059152,0.2583007509464408,0.43149103551665474,0.4331175636638488
cub_00846,15,15,0.9997553370683381,0.9958233890214797,0.35476739444177463,0.39530033370411566,0.6670199061312958,0.623523701666397,0.2987047784249734,0.3453546051749564,0.010068701665239412,0.33757751682279985,0.3535883868864146,0.39433097123801586,0.6655229786679755,0.6215561121434919,0.2970695494835265,0.34499396863691195,0.0095637429688429,0.3377540248086566,0.5507925002964524,0.46528436883989194,0.6362036702606008,0.5166628882339606,0.17606301906344068,0.22856450342361995,0.4950119213956651,0.39143094841930115,0.0876555348787313,0.27909911046621666,0.14719613394077097,0.21574623733285364,0.3832655703716028,0.4328668453288446
cub_00849,15,55,0.40954251174804013,0.36003252693636917,0.2918263139350257,0.2918383110195675,0.3491754151832012,0.3023165271559276,0.23735023212877535,0.2621053955477298,0.3787518670107921,0.2976,0.47340930418934263,0.44315812180916087,0.6821017321011066,0.5856838113296989,0.41069247678104903,0.3873911240149316,0.5317168822970453,0.47820064158646836,0.42743315466333026,0.38327934385553797,0.711049406640787,0.485126535444724,0.2667434738993649,0.31990104810884706,0.31915815930308916,0.327820046311611,0.401446810027241,0.4130889322553666,0.22900381855325602,0.29668713225888976,0.40796010389742965,0.375615299842322
cub_00850,15,15,0.9995359289478188,0.9609184171958964,0.3964627345228635,0.3752226942579142,0.6850648075889073,0.562718990889979,0.3638890081875804,0.3517882400484946,0.5838739242660844,0.6015007898894155,0.38938113196202384,0.3714637146371464,0.6792468044817009,0.5593194002020045,0.35584259740231844,0.34797501511182755,0.5849188755084317,0.6161817457154245,0.617215789775536,0.400265122444708,0.7545026920385849,0.5008973975471134,0.38629574534370226,0.3286369593709043,0.5851729199096914,0.3723076923076923,0.519236002248344,0.4609453811788442,0.3431188336041153,0.3148508430609598,0.5495838530525137,0.4749994935905549
cub_00858,15,15,0.9988215756645094,0.9281391103852435,0.5768134036856438,0.5110676102996536,0.79496603795995,0.6032912605847579,0.5785701537285577,0.5372242647058824,0.48466568517851005,0.6104050833995235,0.5719311650795099,0.5015711506808319,0.7893900862115388,0.5913415794481446,0.5748084847589973,0.5278623629719854,0.47851929923809006,0.6089992857709705,0.6343572347849376,0.514031382015691,0.8292757622785747,0.6402419091206276,0.4175906719585982,0.487527512839325,0.6312854274266054,0.5183840217884703,0.4755365132533673,0.5895727165817326,0.41826532553431095,0.506538861643632,0.6169864551161134,0.5784132074824314
cub_00860,15,15,0.9999141958352615,0.9890981169474727,0.61905526968131,0.49441548771407295,0.8074574559275514,0.5238022929162555,0.6410432455299843,0.4976494291470786,0.6075998128215053,0.4662279433034423,0.6170268570489996,0.49108469539375926,0.806306587379669,0.5229928668993777,0.6389021016977002,0.49486071800983167,0.6080582793022953,0.4661219177091619,0.7279984811420217,0.4761694616063548,0.8701553665931633,0.5978027227131598,0.474455861463015,0.41456778064606153,0.7248364543999475,0.4747593504298626,0.547011108819239,0.45915797049298307,0.4857943696875439,0.4150614182021217,0.6783743631552803,0.518918144808733
cub_00861,15,15,0.9977753021597375,0.9395052183996908,0.6659652404083655,0.5005607476635514,0.8204645060896287,0.5726375176304654,0.6248207607803143,0.4673197835940927,0.38717188168921773,0.3067998710924911,0.6710498730659342,0.504159484373829,0.8208311668477559,0.5777061551764798,0.623955370281526,0.4654983570646221,0.39362662815077254,0.3166439379180466,0.7252240715184494,0.45445322124791654,0.7772154389655745,0.5753532182103611,0.4669626478725963,0.33934469546835777,0.6916568858730942,0.4240102171136654,0.4874780152220892,0.35031635031635033,0.4404933376804531,0.3008469138970871,0.6396460751070341,0.47301037927780054
cub_00873,15,15,0.999830649002783,0.9855559952512861,0.36300636726706975,0.4384003440120404,0.6922797678889324,0.6335666612404363,0.2473479991274908,0.387007601935038,0.3681909583476068,0.45653735632183906,0.3593071336841319,0.4365471333476487,0.6881115367860382,0.6302493704816831,0.24281085410307968,0.38537999585835575,0.36803614440685883,0.4547607089043553,0.5183281781000684,0.4552969327822493,0.6563851265465939,0.5056264066016504,0.3261441267031047,0.31801339140609763,0.4582714791666756,0.3935564504929871,0.367458946824163,0.4280180307085505,0.33541674881919964,0.3004297351035854,0.4660617344515865,0.4805964076298535
cub_00876,15,15,0.9985299808549546,0.9873254777700763,0.5730056879907884,0.5171214755461486,0.7736554725834831,0.6150317856280679,0.5238128405887778,0.4835895919574216,0.46640242077759436,0.46633398423374556,0.5655068356878843,0.5190735694822888,0.7619644858281709,0.6162022870027379,0.5220969876572917,0.48534635879218474,0.48255721485558256,0.4693093702442206,0.665844193164303,0.5078888054094666,0.6593003438185917,0.5270486190367496,0.428060912362036,0.42972992031591567,0.5850553401373054,0.46016733357584577,0.425826876158525,0.46084011816413284,0.48953120706472997,0.4122031064985721,0.5947433866353345,0.5304807869105049
cub_00882,15,15,0.9997067179528766,0.9731695331695331,0.669534892465956,0.42886627286314144,0.7432161399922255,0.4047719003638399,0.627199282067801,0.4067404708520179,0.5549457335630388,0.5021478299511184,0.6690097519467046,0.42572991404418553,0.7434061967497386,0.4035946569690188,0.6254715257003494,0.4041838662282236,0.5507185954820707,0.490918449886021,0.5876190653209152,0.3460764587525151,0.7380027961501503,0.4471122647631408,0.48461043917883756,0.40175608407079644,0.5582776905783811,0.31952662721893493,0.4897842633503504,0.3608295858782469,0.4952434169379785,0.38594572424636,0.6357831004958248,0.446757975950473
cub_00890,15,15,0.9944846214096161,0.970738413197172,0.515639331202521,0.44993498049414826,0.6985050191936255,0.5181543116490166,0.5874388108634078,0.4931924707983037,0.5035906000195493,0.44811084922505534,0.5222412166967753,0.44336569579288027,0.708531768489434,0.5162045780766035,0.5886651556964777,0.4873277012005336,0.5235097285076089,0.4453236384374109,0.614802267813094,0.45140295053514606,0.8125153485972605,0.5972940708316753,0.6111763043122949,0.37420360580181644,0.6405445592987695,0.45931796698902055,0.6433725262176935,0.45163599914083197,0.5680924180419354,0.37225042301184436,0.6355406450906709,0.49856384367876394
cub_00895,15,15,0.995502780789886,0.9174548581255374,0.35614775378031543,0.32562747688243066,0.6887731020699508,0.6297198538367844,0.2802816068930974,0.28316603797711143,0.21997760702620284,0.30034633145202666,0.33383999987859214,0.3177073074650384,0.6825259024073148,0.6197239932208861,0.2569350513818571,0.27728632342646214,0.19406107085795193,0.29594119527005436,0.5115411965931562,0.35024219590958017,0.7971502864031341,0.48710729104919975,0.5296746918325526,0.279260521168528,0.45391872574767783,0.301387628063805,0.4051417248681595,0.2811196764817389,0.5640191408009183,0.31297759357596167,0.4846327094220512,0.3986045522603429
cub_00899,16,16,0.9999912042647637,0.9960218796618597,0.4551594386321687,0.3986062717770035,0.7270213846538522,0.5639367256292371,0.3627235139584516,0.33987582615661927,0.3027745007227527,0.3899362446013574,0.4549812206334704,0.3982165250104501,0.7266977889216547,0.5635712059831723,0.3625882537458024,0.3395181205366082,0.3029278215188743,0.3897456988141751,0.421597633194375,0.395882598414244,0.6114686423483752,0.4177733823113874,0.26281473110888226,0.293873643905552,0.3469666847185508,0.33568481299081593,0.3310655637155133,0.3653198653198653,0.24885480811954383,0.26576351604445,0.4611755460171354,0.43024842114378636
cub_00908,16,16,0.9884745209586996,0.9968162371903293,0.6022739463378682,0.4580457682528151,0.7016408107230896,0.4904203178375167,0.639254957712995,0.4464864864864865,0.36443796415011714,0.3751356483993489,0.6181104359684655,0.45846958796599085,0.6913341430759175,0.49075243259303275,0.6372546419361756,0.4466950191018525,0.36441720358621305,0.37578883083395537,0.7292486904219861,0.5091360252650575,0.7427422131501851,0.5701768111406665,0.39198253992243537,0.3014314140830605,0.844352709735266,0.47845303867403316,0.5565942306480454,0.332829345253747,0.4839762790560787,0.30101386036960986,0.6237396858255692,0.46877672156316674
cub_00910,16,16,0.9999767450347256,0.9890981169474727,0.518447366521699,0.4219923480232393,0.6156449021463488,0.36642156862745096,0.44451503816745475,0.30647051165212863,0.31128092588521855,0.35374240502103227,0.5186066338977305,0.4233033118218566,0.6170080859667607,0.36800490764092425,0.4451172581651237,0.3070661022468251,0.3121219409830461,0.35627801190715097,0.4665237984000898,0.3862411935350186,0.5844048412911967,0.38033012379642367,0.32441698853761336,0.31272256393654907,0.31144104311671245,0.2932534312777885,0.4471176918871666,0.33943317698355024,0.25275965443430665,0.2534775888717156,0.4779588609623463,0.3905223574859418
cub_00915,16,16,0.9997547212234397,0.9806572584624494,0.5718251771703942,0.46571240779960565,0.8016976998380225,0.5272810288410319,0.6140744681189728,0.45224312590448623,0.5463974886127995,0.5661208095164529,0.5690872697074212,0.46154966501602096,0.7991873396626277,0.5263518138261465,0.6129756201300709,0.4496208017334778,0.5476302504562666,0.5675738364001855,0.6946356387835532,0.5829324079186056,0.7470502690399599,0.6401078695758764,0.4401600137723669,0.3985652203904256,0.7689325677983241,0.5362829148805879,0.5053149463198472,0.4259089950066812,0.4241153653266445,0.4073020059693205,0.6428559223973807,0.532547344082757
cub_00916,16,16,0.9999968654700929,0.9980089596814335,0.5355190161752034,0.43265043900349776,0.5457081856656905,0.4201811491650156,0.5052050830003312,0.4119881806669481,0.4665826072283745,0.4281186166091428,0.5350613537495923,0.4321392892821464,0.5449417645718783,0.41967885690033246,0.5047737394211221,0.41139240506329117,0.4661653803793448,0.42771635800295754,0.671534518836506,0.5283277490100518,0.6856481029510054,0.5340518229763815,0.5486729292522536,0.47971099109619036,0.6291746936595917,0.5091360252650575,0.5791874903987431,0.4267117022025192,0.5324234652146864,0.47358092884657316,0.583373013064961,0.4888928982514359
cub_00921,16,16,0.9791312842732868,0.9475982532751092,0.5858159498692861,0.4237071717386678,0.707213627229327,0.398313941336306,0.5812061404466694,0.4249201277955272,0.49193830169152464,0.2630037999127889,0.5821217168849083,0.4230005672149745,0.708334691651955,0.4047735703786659,0.5735178755266362,0.42269795137165944,0.45797850330832707,0.2620603797074385,0.5349132252112748,0.3453546051749564,0.7497624579138189,0.5,0.3961630257085829,0.27108018306062315,0.5061643752864632,0.3258026159334126,0.41279215197598457,0.25518479539404443,0.432064679536744,0.3014314140830605,0.5799412004343194,0.39792862509181565
cub_00931,16,16,0.9992513429897338,0.9641808573106283,0.631066981556353,0.45741050032677366,0.81405935166607,0.4855662472242783,0.6078516834583112,0.4248189691892659,0.6759731690564651,0.5574589030573053,0.6329230898279472,0.46261477918670746,0.8151324113241819,0.4904203178375167,0.6076494862945041,0.42785998861696073,0.6698828290590421,0.5440560505673597,0.7341235602247106,0.4518229166666667,0.7937811629821935,0.5401734325838385,0.48588003927594847,0.33064251493076063,0.706643483481885,0.4319349315068493,0.5932593434521632,0.3464603533005711,0.473828909461536,0.31519200830306177,0.6827537896074031,0.482040851373903
cub_00938,16,16,0.9985010701746221,0.9352039340468614,0.31403282257251164,0.33978638184245663,0.5789484533081025,0.510158013544018,0.26172631035517685,0.32091615111228117,0.09892915591653721,0.23711025687961437,0.3109182387913673,0.33488526770867977,0.5793913558521342,0.5126620440156768,0.2574723724217136,0.31382560879811466,0.10860816608305947,0.23756332783983397,0.6298784362901649,0.33684140411643243,0.8499660830036252,0.5054005400540054,0.3446206034862834,0.23177399756986633,0.582598844126988,0.3221343873517787,0.44086305031542045,0.2796642262055037,0.32457230942262216,0.2510798469702579,0.44540181814135527,0.3779336925370254
cub_00940,16,16,0.9999547415970371,0.9984070091596974,0.567554599426152,0.41034288926363127,0.6451521121571748,0.5044221256183481,0.5101939278670257,0.3960216998191682,0.5319562344097217,0.39899268662894993,0.5670514250115964,0.4101032811072859,0.6452039264168147,0.5043849786372836,0.5094245733819788,0.3955914053264724,0.5323069314306579,0.3983723015380371,0.5449995566178472,0.38137518067313647,0.7672620251381576,0.5092495112046924,0.4650584919160184,0.36504409883525213,0.4662230347808514,0.3421158218536846,0.47067749576648393,0.3889840378159896,0.4552162910668083,0.3424485201615573,0.5785490244656216,0.44972370317621235
cub_00943,16,16,0.9922185205264468,0.9910714285714286,0.5627453689450559,0.41000421525923847,0.7259945619684117,0.5193035579106737,0.555181996899787,0.4489928525016244,0.49404862562255353,0.3676222596964587,0.5758476592272791,0.41139240506329117,0.7203753387287574,0.5205697401318282,0.5619461476272541,0.45035409741292093,0.4787756091723726,0.36633196307028776,0.6801908716479151,0.4247178249449847,0.7777387666018482,0.5914677662358259,0.3530556094075411,0.27837326607818413,0.6823372821017505,0.43142429213322875,0.4326334443137675,0.34592405735528414,0.3061263592072181,0.2724362997364127,0.5932810774665305,0.45533240174011147
cub_00944,16,16,0.9747913809929872,0.9883098870616208,0.27672351624406305,0.34256472004816374,0.6094570414767757,0.5196486711592337,0.23375456587134222,0.2742857142857143,0.28352393385947183,0.4324572558993924,0.31305307065256005,0.3435533538626322,0.6285182786557099,0.5208001818595135,0.2855113185562374,0.27493329945369077,0.30359004292993674,0.43316604227044603,0.677841784814588,0.3889273356401384,0.819299212651972,0.4992156569806529,0.42351210839420944,0.3560058855002675,0.6758563647445388,0.3190930003286231,0.39687513130578655,0.3874632176828851,0.39535646335759816,0.3180990768430633,0.4865109476338518,0.42656821992506916
cub_00946,16,16,0.9963096612428463,0.9944350591274967,0.46030199669398186,0.43142429213322875,0.7088146395424593,0.5046105405202789,0.5015717610129828,0.37221386571858334,0.4128357708124982,0.1802200360905757,0.46135234510387146,0.43071000855431996,0.7158460448669478,0.5030330262862278,0.5186798584719975,0.37108894657740127,0.41078107224987154,0.1810450282518786,0.6066297654386944,0.4441965891919119,0.6896772601719263,0.5094765342960289,0.31604475076144284,0.22057672626572752,0.6971030972237232,0.39384679491631364,0.31142588287096856,0.21786400768861125,0.31627208966668185,0.22263764095760719,0.5415763997420596,0.3984919397717461
cub_00954,17,17,-0.4343217386338649,0.0,-0.2365719477673947,0.07182143429273243,-0.3757668102239019,0.030495944142109047,-0.2391594224311547,0.07182143429273243,-0.46133392592267697,0.0,0.3774757143398614,0.22139727361246347,0.5416278490589028,0.309283058255594,0.35507701461192154,0.22214103032517354,0.4116729894078293,0.37672302573504446,0.590564695883708,0.42380817253121456,0.7677515188598115,0.5315934065934066,0.4335790546666236,0.3078113913436109,0.5439735455852196,0.37985562048814026,0.546310527568067,0.40837732703528756,0.41417194265131385,0.28575052317838795,0.21567006717695103,0.24272530945505982
cub_00955,17,17,-0.6971265614545885,0.0,-0.3284447699393057,0.028962476932540497,-0.2705582305704035,0.019762243446453973,-0.26242982773252665,0.03378482772827934,-0.09942994399774673,0.11866276824626248,0.5292843845750921,0.3395181205366082,0.48387600274612275,0.3160655737704918,0.46686416315321866,0.32222149021674684,0.30099233420104154,0.30503347064881564,0.6094864549536578,0.3606779661016949,0.7123853301986864,0.472163133572948,0.3052856437393084,0.23900024443901247,0.5813426863952998,0.31779382797110967,0.37929648110396896,0.22315395752895753,0.303239875201098,0.23095136907291602,0.20093760150486156,0.22185009801418915
cub_00956,17,17,-0.47150045124646295,0.19999601403061223,0.030466618621187484,0.19999601403061223,-0.13646905181128252,0.19999601403061223,0.09116451518977209,0.19999601403061223,-0.22122091406641756,0.20408163265306123,0.47362093383615766,0.36363636363636365,0.6054196919593414,0.38194587895063004,0.4293654147755571,0.34050227090569063,0.4578151046085627,0.22153271478491385,0.6426502662001436,0.29987046632124353,0.814379070387585,0.4826032355765679,0.45588044954473733,0.22116484972595313,0.6462190042827494,0.2959256150319623,0.6138245950686632,0.29610688486863135,0.44838703922895323,0.21874248617456118,0.32533348577194976,0.2750730969834685
cub_00957,17,17,-0.3722939225737178,0.20001594387755103,-0.18353026176107498,0.19999601403061223,-0.2851261263747673,0.19999601403061223,-0.12198271036681718,0.19999601403061223,-0.3535542379446448,0.20408163265306123,0.6321086775520598,0.3150101552774684,0.7533902557788064,0.33744252682081693,0.5990620488891695,0.3228102550583273,0.396582155411111,0.1924954419808269,0.7179236498109921,0.4054621848739496,0.8696178658850471,0.6048296817527586,0.35770218939998827,0.2443994353403302,0.6758590548008476,0.38652849740932643,0.4367548844288981,0.24807633117882424,0.3359633623092771,0.23635587535825356,0.29723179234967834,0.2864997335782221
cub_00958,17,17,0.22336621953284336,0.3204852279397378,0.043666973667533505,0.18645069756443602,0.06752383399710656,0.2857142857142857,0.0028687790362939896,0.13949923352069493,0.08363170395278081,0.25077112893275755,0.33347709522391716,0.36141742872512106,0.48335803167952895,0.4990005182497964,0.17512786057508323,0.2584374417303748,0.2220676854644505,0.28410874615432913,0.4427060671676546,0.3718386876281613,0.5516374127581862,0.3712763050013665,0.2369962833406302,0.24249295256771664,0.33221185328984426,0.2700923933679281,0.37532856832784467,0.3239519394018545,0.1807295783751116,0.20405012174119602,0.2503131964259206,0.2913058072159838
cub_00964,17,17,-0.8177713263195637,0.0,-0.24068076799066696,0.05608460041037513,-0.3090071052470961,0.017952228814848623,-0.2026899973425487,0.06403392525841506,-0.238094664987201,0.02981057335838708,0.37409899145929176,0.2562273125547628,0.4591247703338484,0.303207375665498,0.34875574766344275,0.2608832213078711,0.35317191391887515,0.2661255073368717,0.6881574385087207,0.33160828025477707,0.7696914709375352,0.48809965151627493,0.5464151737828654,0.30798013031417326,0.6642478497875175,0.3027391925223939,0.5879988264988227,0.3023509763617677,0.5397465046478797,0.282740731367835,0.2348776550434482,0.21798958046961675
cub_00967,17,17,-0.2558614370889409,0.20023517219387754,-0.019894395967992445,0.19999601403061223,-0.0480409694889466,0.19999601403061223,0.006509087007208003,0.19999601403061223,-0.1788447739155885,0.20408163265306123,0.4624889951721236,0.2752905315298152,0.6997408845776945,0.3937122631688528,0.4610251555549181,0.26071944252621004,0.5154137483426678,0.5370103795742102,0.5353607926422024,0.38423339540657975,0.6339839661313705,0.4599548992507456,0.2985331328027052,0.30385852090032156,0.5177911739372969,0.3518792940859491,0.43393172300782296,0.3932792743265531,0.2976158330211415,0.2928011222342664,0.2906501943823789,0.3104695979961519
cub_00969,17,17,-0.3180716857252847,0.12968591691995948,-0.19914759622260142,0.06415694591728525,-0.3699832615798337,0.04667535853976532,-0.17100634977510762,0.07967077303781807,-0.17108549305768483,0.05319204197184562,0.41491448568801315,0.3237913066420421,0.5260957946661972,0.34301391862955033,0.35438828753161306,0.31313792200994506,0.2616264557897949,0.36137782851003825,0.5640129519652695,0.3392499666355265,0.6670271226464513,0.41867533752739094,0.36997331072589473,0.29569274028629855,0.5361480399202595,0.3042630621263322,0.42417807830487103,0.2924714731943648,0.33691477911931955,0.2642638897549417,0.21506566133314475,0.24195456544687363
cub_00986,17,17,-0.17643879184602396,0.027018728891618052,-0.06735885837613262,0.07706343243533326,-0.1174065703638393,0.06376212434409285,-0.07822695999585352,0.07741035001073653,-0.08000010952725099,0.13566347392595082,0.5828642424555129,0.4142766542174618,0.7556789415958588,0.6117892707998716,0.5115696113902038,0.399093760892297,0.3101606284931692,0.4378412878519254,0.5983846150369453,0.4209855564995752,0.8211823833259717,0.5873141410945903,0.3142449266528415,0.33064251493076063,0.5432648634115731,0.3953973440867691,0.3571107833763976,0.3906989505453049,0.287818375362638,0.330991925425064,0.3041898720661341,0.31332996773009014
cub_00998,18,18,0.9966264208690709,0.9378198319976827,0.6926010117917676,0.5059653335334284,0.7555642165054626,0.5338173481085212,0.5934690519292832,0.4251224881062274,0.5113487052103923,0.4130889322553666,0.6901796519137458,0.512320096450908,0.7437696712929456,0.543608675588371,0.6025523575005625,0.4356223175965665,0.5244856486271663,0.43124382323874066,0.6739502572011263,0.45129799696290407,0.6575654947743161,0.4741094381197209,0.45265818913514927,0.386609218985091,0.5425275383644723,0.36987236366118353,0.5115005563911585,0.4696288779356335,0.4262318915975203,0.33125410374261327,0.6250020442069426,0.48142538975219734
cub_01002,18,18,0.9998868307289406,0.9920595533498759,0.6015546304126622,0.5248442485944386,0.7599921624454994,0.6124367317425886,0.5464320536780941,0.5176950998185118,0.607769397930686,0.7446863436881508,0.5995399755433911,0.5260036496350365,0.7583417388154218,0.6115304319897221,0.5451573311966471,0.5181543116490166,0.6071348942875188,0.7489001983955835,0.7690917489422239,0.5305422100205902,0.7868142786496889,0.5889478267753939,0.5027661998307738,0.5117059349835967,0.7132627397956696,0.5073225685317311,0.5877164607065795,0.5904455600878569,0.4808918962665774,0.5157745215311005,0.6577568226153583,0.6027366127195461
cub_01004,18,18,0.9698801147343259,0.7902060476317903,0.5989718989244198,0.3818507298264941,0.6412494714030954,0.30962479608482874,0.6001269172914965,0.3599403713240276,0.5426556551627888,0.3160456964818902,0.6070052201305608,0.3674456632826872,0.6769621690507914,0.296260414648324,0.6168950673195117,0.35791610284167796,0.5813023013600134,0.30385852090032156,0.6658187408735255,0.36567773543821447,0.8124724040757101,0.5800661313179027,0.5609971340554338,0.3746694691165503,0.6537641443700402,0.34815610935715724,0.6030109479087524,0.3435160029156451,0.5456013391095315,0.36247564007795174,0.645114235051333,0.3905139620830308
cub_01008,18,18,0.9825327684190119,0.7866999020742456,0.5954931695305077,0.3948154840503162,0.6285018460756172,0.44440446203670386,0.6024993234032359,0.38873512316634373,0.5795628851562331,0.43174917025633786,0.6066005694167264,0.4461738002594034,0.6558678837167811,0.5097036256958026,0.6099315417687554,0.4414996767937944,0.5937799890268018,0.47712370683374616,0.5037498581439281,0.3765432098765432,0.7856426313936455,0.5151743922693643,0.43684679306617175,0.3640339074273412,0.45405252116047806,0.36243296449663975,0.4600729273603545,0.3895552052635186,0.4475974240434545,0.3742967532027384,0.5961821421121135,0.44686275891352273
cub_01020,18,18,0.9343670603453421,0.7294269711331323,0.6275744443068426,0.4112931580057661,0.7463551790557633,0.4420175312544906,0.6005527382220841,0.35764053304471355,0.5467635114951768,0.33625519014038097,0.580668918929133,0.4488882471845221,0.7317953572316899,0.4964211154190277,0.5790593186144503,0.3988012266517982,0.5072881203770108,0.4051562824866588,0.6751322728979907,0.4201811491650156,0.7429671981585677,0.5239179954441914,0.38319447901853126,0.3111944642048762,0.6175326987921871,0.3794762526634133,0.46633635957462144,0.3448527460864951,0.41583113442478026,0.3212772890192245,0.6103612527629446,0.4217866767935804
cub_01023,18,18,0.8810122638973165,0.8800936768149883,0.5802546930831382,0.3676320272572402,0.634354570321297,0.3936532185264912,0.4814292113454359,0.3892157541358067,0.29994946807332856,0.3941415113800454,0.5740248601798023,0.35828370330265297,0.7086662185244641,0.36987236366118353,0.4977628339121726,0.3894080996884735,0.5102802684947608,0.39644603622839036,0.6048495236207528,0.32344213649851633,0.716929608017098,0.48238422335475295,0.2670487257411832,0.19687131050767415,0.4997155301934773,0.31005221932114885,0.4477632417039147,0.22804360993337372,0.2602457889380357,0.21538184869919674,0.530952453736412,0.379661449287329
cub_01033,18,18,0.9940571577318885,0.7717161016949152,0.5929197954271203,0.2980209545983702,0.7520905821669838,0.3127084832232324,0.6564043575145825,0.36345108695652173,0.6169493280689553,0.2475387644597588,0.581802514074827,0.27347715736040606,0.7494232226051579,0.31865965834428384,0.6485522300418788,0.3359515409705119,0.6316416158915039,0.23831918402247604,0.6506477122196236,0.33090185676392575,0.7907894005453827,0.4908631704055861,0.35336398087719706,0.21341791848704292,0.6637108613301208,0.3653061224489796,0.4866058615544307,0.24051639745472345,0.4330545130390402,0.24715507166143816,0.6401342088725795,0.33653356459014483
cub_01039,18,18,0.9906967848390988,0.8362305580969808,0.6501547073417826,0.49053100631266244,0.7337707330276528,0.40016743407283384,0.6326849527702596,0.4734600983775053,0.7265019159052596,0.4665461121157324,0.6412031389178399,0.5174655980644186,0.7502137216642748,0.4414996767937944,0.617408703202789,0.49552906110283157,0.7336620758184864,0.5513811309204989,0.5893384279114778,0.38137518067313647,0.7771956746507471,0.5826827537260468,0.5785106244849596,0.4386574895338111,0.5494370775761351,0.3558062554887523,0.6462876705492391,0.5091179754372906,0.5722865206317969,0.4212112715547455,0.6792901819527866,0.49077744015140273
cub_01044,18,18,0.9942246371387483,0.8942897593204342,0.7329533695094386,0.5668670466078538,0.8110790482446668,0.5241494532199271,0.7119729144660505,0.5663778974479045,0.6046324881999807,0.5181579932609509,0.743404472572494,0.5500463392029658,0.8213902508105719,0.5021330738717162,0.717249951934812,0.5506451363671483,0.6248740475088539,0.5112552176505665,0.7518498926323756,0.5005607476635514,0.7509134199497742,0.5833070369201641,0.45164396292350595,0.36780678675032047,0.6780107956411627,0.45667005370881114,0.5217132982891846,0.4159508345554857,0.45777093680070935,0.38907919978076183,0.6915788991081551,0.5264864384219041
cub_01052,18,18,0.9977865632868821,0.8942897593204342,0.7130715366089295,0.48227474150664695,0.8472288576516073,0.42269795137165944,0.6926468779564132,0.46807109940750496,0.5433697477731969,0.3651360086183679,0.7250805196504958,0.5157465448228986,0.8535446805028889,0.4258312020460358,0.7048950429960689,0.49541762908874154,0.565247677337101,0.38784311041139025,0.7019784109948175,0.4215894602634934,0.8844706317184412,0.6348973607038123,0.5258594611776828,0.41269509476031213,0.6771661009505352,0.40802581731443804,0.5068063984601201,0.36734556244942,0.5342744553995987,0.4136801004044066,0.6982284641643186,0.4743694294993041
cub_01053,18,18,0.9996960229619287,0.9724815724815725,0.6099855166710246,0.32082922013820336,0.7883782599946243,0.3924928883646708,0.5531799907486545,0.31563421828908556,0.3737386262001979,0.20842770294433186,0.6084600795486175,0.3216990451103062,0.7888192545763156,0.3953973440867691,0.5517083624814496,0.31666994686085415,0.3664996880758694,0.21109850068693625,0.6147789742362477,0.3334662148694439,0.6244627385906864,0.4515079192883489,0.3177931076439822,0.2856689917564997,0.5420744504938207,0.31987373405234776,0.4217912872918747,0.2818486438641967,0.2785882464554245,0.2557289731202775,0.5626636403980478,0.35885499439425633
cub_01058,19,19,0.7260897583216595,0.7566739606126914,0.41246656199636716,0.3102232667450059,0.5274258647675312,0.4154735877001199,0.3892884514786398,0.3038394075229,0.2847793329496679,0.30730543555354956,0.39428008766439177,0.3522436329335669,0.5066214516411595,0.45413708158237936,0.33445995352293,0.33978638184245663,0.39254532805922565,0.3206748306409588,0.5868331192299817,0.4152739581129681,0.7644794428931732,0.5418299147268956,0.42719338025171183,0.37644263408010864,0.5702978087965541,0.39345969589668817,0.402491584985134,0.37438991323210413,0.38813054403980884,0.3610122843525542,0.47382551137319573,0.40151773236899646
cub_01062,19,7,0.1345181260282781,0.2694447957506007,-0.10180615981264438,0.09678124487676923,-0.14199225153451506,0.030816640986132512,-0.1693278297381216,0.07885824866956942,-0.018762380132407084,0.049322016354414654,0.5677252745670313,0.3685322789556207,0.47835233353948386,0.2981764097258148,0.5144221414448614,0.3127779230970442,0.5220742186474042,0.23877588418544987,0.5962864693843516,0.4081246053462429,0.7273212423017827,0.5091360252650575,0.4675310835341848,0.34298204941379085,0.568061781818782,0.3903706269483893,0.4391720440727076,0.40671615902310415,0.4582071903944835,0.3364313492848197,0.33611888563437753,0.2758164171921881
cub_01067,19,19,0.963315765203496,0.9519548725928808,0.3950349318586258,0.45403173223212345,0.5648377296111872,0.5958969465648855,0.3586855482051164,0.4167725540025413,0.26002502985315457,0.35320029366615496,0.42180694619091635,0.4552969327822493,0.6470148900047568,0.5903328050713154,0.3643034073213062,0.41567327361218875,0.20558623936695353,0.3511262161801946,0.5944391647738905,0.453505214368482,0.638792932052846,0.46624780829924023,0.16949381599948585,0.2642638897549417,0.48517012422836353,0.401536312849162,0.16465616849131523,0.3350233752551524,0.1795692296469854,0.2515432098765432,0.42751546152056,0.45042702914053706
cub_01073,19,19,0.5311116460793414,0.5584718123932287,0.24123795197966894,0.35571467171034854,0.42928785422476406,0.5421853388658368,0.20361740015038038,0.31943987903490895,0.10553553125169825,0.23515077672860188,0.4436370305720884,0.3482466747279323,0.7510110959237448,0.4976494291470786,0.34470845359477303,0.3144279258628594,0.2551357062466843,0.1554023250512879,0.548436989391115,0.39675690723084417,0.692123185493302,0.4703296703296703,0.16414397063776215,0.22094423702276286,0.42266213949621667,0.34490383971051397,0.23408351843104136,0.27147874075003137,0.14949552431812047,0.21370847051780903,0.3677485331860467,0.34965404660558097
cub_01075,19,19,0.760503380130087,0.2880246438197921,0.3053940956325808,0.20627479264334656,0.39271098731535287,0.22310926930343106,0.3527582154289717,0.2185792349726776,0.37269569442950135,0.16878999250590881,0.4430459379292035,0.244728355246837,0.5674774076124283,0.25807058233561087,0.5088311834330496,0.2864559964104865,0.5398610585723537,0.24074414050547702,0.571157464265958,0.38998545605651364,0.6764957336190636,0.4580457682528151,0.2542108683696637,0.32846284890577904,0.5957059243186894,0.374845869297164,0.2705297881700919,0.33952167019027485,0.25644710486007843,0.3085710597650704,0.4578549896058049,0.28894731201407897
cub_01088,19,19,0.8564822863068061,0.5520253555967841,0.5184344844245826,0.45255844249837157,0.7112279135764915,0.49097392467127254,0.5052935258281125,0.47011426897157926,0.4844216981425904,0.3387256520303731,0.4912631186068307,0.3254769921436588,0.778743415062762,0.465902453271028,0.46004577438839606,0.3540837661023808,0.5682498197958479,0.44150675195451317,0.4865343355875116,0.3665146047525022,0.6886560462720005,0.47183924904664126,0.27256669390017446,0.28363406141183917,0.4198772401762919,0.37663762946704166,0.49277707851032404,0.42993158896960293,0.2961343594632569,0.30276938893529526,0.5353805193361318,0.4081796086548589
cub_01091,19,19,0.8155554905971218,0.9181001529051988,0.5681080537471129,0.4909374535730204,0.6675465389991884,0.4308832964996079,0.5445095374320396,0.4868508778428032,0.6094041951926984,0.6032260615165652,0.6311857863149783,0.485126535444724,0.7436137217323463,0.42179087560215356,0.6023822016406282,0.4756267921476362,0.6104730461688643,0.6197970759766718,0.6379634726311275,0.4281648046680424,0.7960130211470747,0.5535258146915396,0.5418091467997694,0.4751891734575087,0.6011847559479404,0.4023197316936836,0.5940839686454658,0.4378412878519254,0.5378012234409217,0.4703749365436217,0.6334422773624852,0.5133169913609802
cub_01092,19,19,0.9437958823144004,0.8365666178623719,0.563277563509149,0.439948342660353,0.7031868469819077,0.5643024162120032,0.5629022286137727,0.4348012582213326,0.43630287886184865,0.35085615297488176,0.5668550607577076,0.4313222079589217,0.7573021540850835,0.577334171644137,0.5754909160280592,0.4181741096664782,0.4221197753549663,0.35845896147403683,0.6198599497335329,0.4705451348182884,0.7778217014377434,0.5471785383903793,0.32786831962936797,0.31085536949634707,0.6305610546833481,0.47921580188679247,0.4094680352311567,0.3606469364472183,0.3558457007530614,0.32412486938349006,0.5768438711983404,0.46028872593980213
cub_01100,19,19,0.9141557604078545,0.7033013663752864,0.517627169391007,0.3101377374502252,0.6078128569172975,0.3758826352231439,0.4832849288396423,0.2867859203693018,0.22941643853534888,0.35329061540515283,0.5950430122555447,0.407630803759293,0.6581896427746041,0.489535401514027,0.5823569283583218,0.3982165250104501,0.21626295281238023,0.4643218257980644,0.6881407635800766,0.4647496715807911,0.667449765676031,0.46208202811976395,0.2552008038519282,0.3773777173913043,0.5866358470899674,0.4385034403669725,0.30227356689006674,0.3986616997792494,0.20341876389341418,0.3432489731018948,0.5004846134182324,0.41824842408299473
cub_01108,19,19,-0.46317410177495455,0.0,-0.3586516987378373,0.025862509583439816,-0.4181619373865386,0.012000201684061917,-0.3376923882257413,0.024239640743008776,-0.32341178393890974,0.0038120699044507152,0.4414432889388253,0.4165725578769057,0.6257379455924726,0.48820999555094174,0.498144658934056,0.4777998674618953,0.7031809277385362,0.4946553630667158,0.5716195250224674,0.4011449315833566,0.6856269210507562,0.4961980020873714,0.3625969863720773,0.30402624131721123,0.5390621258994236,0.41397773707200225,0.5132590386675522,0.42071333473477684,0.38639126018773884,0.33660755488166655,0.22839805122266163,0.2877213338365203
cub_01111,19,19,0.9954920107316975,0.9402552204176334,0.551006598368215,0.45582474974611925,0.7385411957791393,0.5391104294478528,0.49863151955889684,0.40970710121514364,0.2297554869430719,0.40896455872133425,0.5540108871017999,0.46048610100422066,0.7270333340176319,0.544559027243343,0.49819322716070635,0.40960809102402024,0.2506100473784899,0.41575308986802595,0.5566322132461448,0.4273522509067634,0.7198395579417133,0.5032581829076473,0.28508781158595153,0.33081719724319003,0.5144697788864215,0.4058559820678061,0.2502697234647221,0.4113183906445775,0.22517060091788627,0.3094161715319039,0.5063162662054992,0.46481910293263884
cub_01114,19,199,-0.32711046582265374,0.19999601403061223,-0.07093958433275557,0.19999601403061223,-0.13868898841554386,0.19999601403061223,-0.10797199614087107,0.19999601403061223,-0.1233434788791122,0.20408163265306123,0.5293757459154809,0.5229928668993777,0.6144335698863935,0.63330078125,0.5493286628042191,0.5290263598963888,0.5630639706843731,0.6406376436316557,0.6960853557841346,0.5211459754433834,0.6963099090934353,0.5490892250694659,0.4671290919076661,0.5286888335972254,0.6400456267078639,0.4897565320665083,0.48551647470164644,0.5479462513360819,0.43779681053464203,0.5334291332627439,0.32740204696192793,0.4333386194152228
cub_01120,20,20,-0.24518444508366385,0.019648659626320064,-0.008110131784485037,0.10183355292050944,-0.04205873098558831,0.08368878570271583,-0.07044439577370935,0.08650462837654956,-0.23545850752959196,0.08480017120539297,0.5469075615113154,0.43874480584610975,0.5962485586145887,0.4262784090909091,0.609285103682687,0.5025813692480359,0.5241073030001354,0.45970643258022736,0.7578103134737258,0.49787297559519367,0.7364068855462069,0.5607745547865308,0.27788852281219256,0.40965028158242367,0.6657781739069287,0.4625081979159076,0.29136329954449347,0.4751891734575087,0.348009771467928,0.4263102356665494,0.3168366188268775,0.3357394822400589
cub_01123,20,20,0.9894592356576494,0.9141630901287554,0.5361916610741644,0.4520329908840978,0.7034445052436903,0.5512443963518319,0.5722325765255232,0.4748677248677249,0.10275567888731924,0.16042811355311357,0.5362398234333181,0.4560359837492745,0.6957949071583533,0.5442025082711395,0.5711561000396576,0.48271276595744683,0.09640426218530232,0.17142361913565982,0.5456779563220286,0.3896967179061072,0.8016428579605531,0.533934576582085,0.012556991077058505,0.12990414623272403,0.5555673627515071,0.4061514748125832,0.07152577617281755,0.1341388376125748,0.008825377483318571,0.13528193067920935,0.45329833813148407,0.3957479251149552
cub_01125,20,20,0.9770318312908449,0.9504373177842566,0.5955421821256682,0.3908523908523909,0.7384017082885055,0.5474171164225135,0.5600367025986625,0.4022217564451897,0.6131728340236385,0.46782016940563237,0.5538831829325425,0.3932662270045123,0.717961418750567,0.5506451363671483,0.5246036910148438,0.40487190256194877,0.6407053848116329,0.4773389682308365,0.7783078109372112,0.4862263033175355,0.823409091155948,0.6405100539480137,0.6146022107710805,0.4630538317217492,0.7434044135196664,0.4596363636363636,0.6347446377492335,0.5403023626832789,0.5871467850879679,0.4492494639027877,0.6735302590038678,0.5082566242856105
cub_01128,20,20,0.9945037064417968,0.9466537342386033,0.6644863766338905,0.42593250444049735,0.734089923130715,0.48118081180811806,0.5909421727245391,0.3723076923076923,0.522316650757208,0.6497152156224573,0.6823802323383517,0.4405684754521964,0.7440936546683878,0.48964595858383436,0.6104180406069359,0.38681592039800994,0.5138887535474324,0.6655713464224102,0.6566353129088752,0.3877748582492048,0.7550949521827401,0.5120922172832065,0.3066910866818558,0.4343827378846834,0.5586021854570379,0.3421158218536846,0.3524692419931699,0.4820906432748538,0.2935233508628159,0.40984632501216883,0.5986757093957169,0.4951129508554414
cub_01130,20,20,0.9967304261058695,0.9584309133489461,0.6946039610702464,0.37503425596053713,0.8198129304632062,0.40036282444878596,0.69734563114778,0.3871034625751607,0.6584274382780244,0.5047498886744842,0.7027290081215689,0.380614982458554,0.8267068449881193,0.3986062717770035,0.7055840209820913,0.3880627982571409,0.6740579101809545,0.48818261890780973,0.7503894305233574,0.38042506362198225,0.7916655423639833,0.44367716875269747,0.5381628190952276,0.3167294453825172,0.756277463616351,0.37221386571858334,0.5793090277850758,0.3588231351786073,0.5713157575655767,0.3486995277057141,0.7175412141524955,0.43344774818456827
cub_01137,20,20,0.9994416407960242,0.9934445768772348,0.275339249241193,0.27558154315495104,0.5926524714048743,0.392106540889228,0.24102915561046298,0.2578340436199549,0.5493142712703898,0.4649566473988439,0.2692219063186493,0.27420481239286393,0.5825019962733484,0.39143094841930115,0.23470231280675424,0.2570462232243517,0.5426415377244956,0.464004621272294,0.4674086574713745,0.363914373088685,0.7538516867965128,0.5132323003845284,0.48373175494290915,0.4108273606568784,0.45297648266735197,0.3452644279107179,0.6264159937935648,0.45674665900273026,0.4777487742814205,0.41456778064606153,0.503265192759955,0.41834419059590827
cub_01139,20,20,0.9794930470202435,0.7836829008176324,0.5660399345141713,0.3696853886576128,0.6904589724933963,0.38509316770186336,0.531724915621393,0.3477034649476229,0.4145759878682737,0.3992408557625949,0.53103732234706,0.40753208499894805,0.6359181734235715,0.40330023772898893,0.4977604498610516,0.3792866469658443,0.4154237660118754,0.4146664806028468,0.7176246391299111,0.48468708388814913,0.7745428256129596,0.5786989695587195,0.45902409388164417,0.4279174589759842,0.6858886371368025,0.4519279461766621,0.4587850296123892,0.4095522803114572,0.435234365737064,0.38822321122903114,0.5862354773514539,0.4420798785549305
cub_01146,20,20,0.9972178273108032,0.8659046557011431,0.7211508466805883,0.5150600135879821,0.8034674939540428,0.5353427172582619,0.6966431999412726,0.47867089073896707,0.4777337466717804,0.36706897714247183,0.7073413544385068,0.5101534296028881,0.787901635863949,0.5218281036834925,0.6817579157166886,0.47455386649041637,0.46123241164753076,0.35751572747958776,0.8066201546559085,0.5308924485125858,0.8138420115849948,0.574982343247273,0.5173724668339991,0.29643839120148346,0.7979501739934428,0.48809965151627493,0.5163753316930564,0.31681496395401704,0.4920415089557984,0.27724581075973287,0.6852432053294908,0.4740381327251052
cub_01159,20,20,0.9432411091118764,0.8573014991671294,0.5107185875389695,0.49174966552698085,0.687801873445746,0.5806883515791131,0.4919463949997892,0.48008849557522126,0.3371429383784756,0.3814130953192069,0.5250387420277508,0.5292593721426394,0.7454069594834474,0.6168532989607669,0.4947353698385369,0.5084554678692221,0.3440884179091307,0.3839590443686007,0.6342839864224024,0.5625973217066335,0.7711625850170636,0.6601869468111506,0.4869821199448334,0.3749491387494914,0.5943293704539255,0.5399370827898412,0.44046994626575897,0.3667003707448601,0.48445451160523595,0.36394214598049107,0.5661201941628629,0.5132054198194232
cub_01160,20,20,0.5749882209428236,0.5064174735419951,0.2524101857047663,0.2518712574850299,0.33946327147152383,0.32013418404262317,0.22398385004768706,0.2558663412802703,0.17455182732890537,0.29082574648246007,0.5590583625628102,0.45224312590448623,0.7721601900867815,0.49097392467127254,0.5360232738147437,0.4509832272990168,0.5468026793780147,0.5831186070117904,0.604031971680944,0.40851989613306194,0.7780955502149141,0.4937481393271807,0.5772629087551945,0.48436928032798887,0.5860866047557783,0.41377852916314456,0.5568002252185942,0.557937605655448,0.5487252968748824,0.4889476389806859,0.5086962945892243,0.42998233182043033
cub_01165,20,20,0.9991047114114792,0.9389430972852865,0.6867867891791898,0.6340986809965804,0.7679032114101801,0.6564872895344999,0.6679298910267112,0.611271676300578,0.5780858907377938,0.6804807293825114,0.6811388951344642,0.6176352059321351,0.7646961060441592,0.6383673469387755,0.6614969150358505,0.6023952095808384,0.5707737852787267,0.6522695786814441,0.727335347936394,0.6223425753778999,0.7990889151845159,0.6952445307880734,0.6337751673136767,0.5714617888699427,0.6808323385007159,0.5821836815135988,0.6570129766929638,0.6168261562998405,0.5781556666816723,0.5330812854442344,0.6969411071712328,0.643539255528416
cub_01172,20,20,0.9892245166029717,0.9147109330280481,0.6130053985437962,0.4538210793190873,0.734914757353992,0.5936160076226774,0.5519126415882419,0.3988012266517982,0.6002060855440673,0.5745126970567679,0.6268207353222575,0.456247279059643,0.7611496498367146,0.5995855583007891,0.5671289263721296,0.3978269954032595,0.5927663087338249,0.5756139260180292,0.5597557517373022,0.41278333098690695,0.8083406297400341,0.5936160076226774,0.46209693750291064,0.4022408188671416,0.5014458613980798,0.3681914240916218,0.4395796272528088,0.4788475565280817,0.4078515856406017,0.3444068695709834,0.6144132942113155,0.5043214473418343
cub_01176,21,104,0.044939469155433724,0.12949518824919803,-0.08018726934146725,0.09016838674633351,0.009109910501746754,0.08492350937888535,-0.13740369847418732,0.0637057451770193,0.07758023829066295,0.11726456163553205,0.3952736747457205,0.20460956725286597,0.589032995049813,0.2479791070762343,0.4236079690476235,0.23652270346867107,0.45308414596947405,0.3957730965165909,0.3478149169859873,0.21276210042902893,0.6885395566711588,0.3822314049586777,0.22235404888171192,0.21705984752986374,0.34383661843205876,0.21687988843751896,0.33268592743527325,0.22116484972595313,0.23672737609971972,0.23214828319659678,0.2631330586300486,0.20351254931859802
cub_01191,21,21,0.8602818485321977,0.5801905361782537,0.08373573379206092,0.118292750877584,0.002390864669332578,0.071199829205807,0.039698775688226884,0.10877852052372797,0.16541404580355715,0.08144868786003841,0.1511682694181969,0.09373297002724795,0.07412521909930202,0.06568257845271598,0.10517218075500893,0.08609773256128578,0.07946331657529551,0.0275187512669775,0.3126026647004909,0.20976491862567812,0.8379705350537309,0.567111735769501,0.31241880188221405,0.21146032504780116,0.3094113399910752,0.20359820089955022,0.2954515770759284,0.2127646847709056,0.31133846794833137,0.2067015831448637,0.2627095760656633,0.18962292034746256
cub_01195,21,21,0.773639292016591,0.6093336540774597,0.16205375812832273,0.17251854881112344,0.2877620205200135,0.21969006381039197,0.10545543674722054,0.13486005089058525,0.4922444337491771,0.33660755488166655,0.292901129111132,0.1502751031636864,0.3640467503401824,0.20186837535181748,0.3430817883982398,0.15159513426669727,0.2519924542072311,0.19956218199029702,0.3188458352672609,0.23820099944475293,0.772859649873336,0.4678563592481533,0.2794568607926454,0.19538942279346735,0.2932503851164846,0.20896331546292393,0.24751538972979395,0.23387293086660174,0.18309865098231698,0.13458310016787914,0.3445469223319966,0.24367845301516688
cub_01197,21,21,0.8340920928940029,0.3406813627254509,0.398470852420266,0.21776591226260542,0.5175940511881011,0.24992215233231613,0.26806396028409873,0.19485622432577246,0.20736803294619877,0.13223878930027363,0.5981609825319864,0.4054621848739496,0.7438185486692029,0.4766038846380224,0.4667156031058241,0.37938144329896906,0.43009008805551124,0.3654118122432487,0.6471726376730643,0.45045891450458914,0.7373232706123217,0.6262863625313994,0.4326934669243883,0.31459508526227065,0.5394649037159082,0.4115909410606274,0.4877797424461432,0.34565606955598327,0.36475492443957386,0.30671564836298015,0.5115708771937728,0.34784178581856384
cub_01200,21,21,0.15012237582210064,0.2890986132511556,0.14563562053465626,0.22717271727172716,0.28776374819350786,0.2619571365721828,0.14084385009086664,0.2206821083348532,0.14181292603441592,0.267037291523518,0.6993802485074337,0.5947556615017878,0.6832227968636388,0.5556933571041005,0.6976999075126304,0.5546088303640588,0.6825946834623803,0.5195233455744586,0.6733260960968185,0.4768211920529801,0.7910406260822685,0.626418152350081,0.5555936764690759,0.4453236384374109,0.6388310442527592,0.4438848920863309,0.586788653522375,0.4161486344904659,0.5391039973448372,0.40505890505890507,0.4942506833859843,0.42027896506493445
cub_01202,21,104,0.9461547485067955,0.810064935064935,0.6344580147105792,0.44690361185206545,0.6769959490148746,0.4035946569690188,0.60581444834788,0.36959192029480004,0.4905315370301839,0.39088975783768953,0.6820495497608111,0.5038213696987861,0.7231234892868033,0.46410854975196963,0.6357509255455376,0.41377852916314456,0.5700914718696592,0.4737951588282329,0.6155274633338519,0.4352116704805492,0.75215093582288,0.48655655136656545,0.5588863854973682,0.43144591923185543,0.5568276267375541,0.37938144329896906,0.4874301735725292,0.4279174589759842,0.49187713165012314,0.3904128377451653,0.6285113233791619,0.4551649580373153
cub_01214,21,21,0.5730670670968422,0.34851844386212455,-0.09339694211462121,0.11271275711038421,-0.0016466630233425426,0.14869505494505494,-0.1088948687729636,0.10859478568272204,0.09698357780339424,0.13458310016787914,0.16353978203412967,0.2058399423215573,0.365227942993734,0.34256472004816374,0.1511145610852401,0.20961909353905497,0.47510628690774853,0.42540776152980875,0.4301449511120657,0.29492225304858377,0.8423079703759397,0.5633276211247857,0.14930800886389278,0.2126921466594892,0.41234373797978613,0.29500580720092917,0.2997577281379205,0.3265506411934049,0.16717146298104904,0.22315395752895753,0.261475640230721,0.26347920573086
cub_01219,21,21,0.3701144846216891,0.10657771406517065,0.33611159271262553,0.2539047857053605,0.25563249515561026,0.22534953293851884,0.3309821949559767,0.24534623976172748,0.20621437661668995,0.36165211551376764,0.6097073581134979,0.27899566658169767,0.4869899955731219,0.178300945223977,0.5679855223705641,0.2575187969924812,0.40453112096386834,0.17237192089742107,0.47320601524260825,0.24953305939484496,0.7942206710759239,0.5283277490100518,0.3475658227242278,0.25978625574748354,0.44128458904277384,0.23705621301775148,0.38475652337901617,0.3280277723193817,0.31937481452505556,0.2431023911710607,0.4219118384715499,0.2617234105560465
cub_01222,21,21,0.9645250854454513,0.8102281951835483,0.5883963567387722,0.43030216647662484,0.6415005048516726,0.3975349905995404,0.547069945365536,0.41069796865115626,0.554904409962292,0.3675300148387967,0.6442937729724373,0.4803068299159168,0.7311291486393137,0.44274315290058225,0.6044636154858068,0.46154966501602096,0.5975222236953334,0.35446589618544994,0.6295438212881375,0.4737846967249229,0.9162278938286411,0.7449139280125195,0.4736923780590246,0.3398757599788528,0.6010065580262279,0.4560359837492745,0.52200214068666,0.34191541465351777,0.4564868056165186,0.3341448970191485,0.6315176440441217,0.4564019706603915
cub_01224,21,104,0.9599339183657752,0.6013723769249182,0.4318226128285299,0.3018096906012843,0.6398765076265457,0.373810664658772,0.4121486962693104,0.2718631178707224,0.5088711304496328,0.385850991114149,0.513503084155558,0.4091132486133539,0.6823626639856046,0.5176950998185118,0.4961583340807022,0.38109000825763834,0.5504173902583491,0.451220385083387,0.4537062114040767,0.3784340659340659,0.8044710864408918,0.5937425553879139,0.41346628407556646,0.3398757599788528,0.4293425964089652,0.36003252693636917,0.4890966010569261,0.38917437478588557,0.3694253943904265,0.30831773891720976,0.5436401674531239,0.4042268403255357
cub_01227,21,21,0.9203965974943615,0.7208265454857241,0.20289484455314402,0.13070422535211268,0.35072051230751594,0.15298443155052566,0.13315119597057404,0.11357709593297453,0.2711732716201529,0.19257690724075055,0.3224674688987137,0.1427432670955987,0.3713914325222883,0.12060301507537688,0.2591706910042092,0.13364211477632174,0.3258643196516846,0.1809762348555452,0.3185433285657151,0.2091818291360405,0.8087355348753237,0.47194719471947194,0.20246463941292403,0.1753623188405797,0.2876215719228301,0.1835122066281401,0.2546123713013899,0.2374122673176686,0.18959043562865394,0.15685267602419262,0.34791988104863214,0.2215268220020682
cub_01235,22,7,0.9203026921599866,0.741113230449107,0.6078540440811467,0.31711156293041254,0.6443776125479261,0.2998058252427184,0.5788608103077192,0.2860710854947166,0.6161729587713923,0.21486316545900952,0.6322778543584653,0.29500580720092917,0.6818459737895626,0.2521836785625156,0.5775678746221204,0.26178800452659373,0.6942760521980909,0.26694994688495904,0.6206253532522661,0.32056849585471775,0.7958899650546392,0.4538210793190873,0.4814707931374864,0.24554613588892985,0.5639589883908467,0.2915889053349636,0.5651187815229214,0.18991724866482776,0.4396272270659532,0.22916035162170353,0.6280151320840349,0.3110329682290128
cub_01237,22,49,-0.20850479060933855,0.04154348840827758,-0.3236159292685745,0.045963833446245245,-0.26766252143337343,0.05932337573230591,-0.34298953847744584,0.04254103469769375,-0.28526224949963375,0.06351953842119067,0.6298771615496966,0.43486959628438726,0.834781891994821,0.5394817540631708,0.5332671380217643,0.38156174750601995,0.47019208734800244,0.4645873944119558,0.6267762084298416,0.4448203873011302,0.6785131952184277,0.5482527192779449,0.4101451177985307,0.4384533522525718,0.5519602615621085,0.4093111438803455,0.46613308991659536,0.4267117022025192,0.38221091420948616,0.41971850710734543,0.27705480245072717,0.31737730499954026
cub_01238,22,22,0.7848633647942032,0.7794130685344446,0.34952676200384597,0.16971675020398647,0.5048661088749102,0.32422802850356297,0.33549733797448084,0.22437774524158127,0.24322677697895068,0.3139135506448059,0.5589972270415369,0.19656590949740654,0.7232270758348961,0.3922996878251821,0.5503756382472409,0.2537481259370315,0.5132705144094781,0.3884133397247141,0.5756200552502208,0.33506286170425065,0.5996221030193499,0.3866242918336327,0.3754422523475519,0.27427565834956946,0.5198501958657926,0.30400883633292186,0.4047995734381752,0.42932675361297146,0.3404129991182689,0.2736352785979019,0.49197319901326014,0.3363739924362642
cub_01239,22,24,-0.29552406699594735,0.20021524234693877,-0.27395615788417166,0.19999601403061223,-0.20792592471193805,0.19999601403061223,-0.2454475438140242,0.19999601403061223,-0.08029244034714351,0.20408163265306123,0.5183221565999894,0.27701112877583467,0.5900848419530751,0.30616625471575387,0.5079769282117326,0.2538086913086913,0.48416573378835104,0.4110036864436252,0.678164751528603,0.4580457682528151,0.7058268903737689,0.5210306934444866,0.39792450689519293,0.27275580665411175,0.5834853848368096,0.39452473596442467,0.44393283072805517,0.29602403477371514,0.34163175578599203,0.25822266352240286,0.27655797646322294,0.2968585587298465
cub_01246,22,0,0.9874012137926815,0.7856634649590893,0.3557039711879038,0.24106811719619237,0.6443710619839628,0.28351339257175734,0.3856833030660451,0.2630055985406051,0.5000152930273344,0.3706581970536559,0.3392420290515638,0.22028333434668937,0.6317569537397284,0.2647299766841011,0.37138828213890956,0.23713246625161807,0.498757810631688,0.3836756978093223,0.3261938643323837,0.22236433400328887,0.6378254216890206,0.3694984646878199,0.19440753783851633,0.2287878787878788,0.3037422771371819,0.20143669560011973,0.18734698024378588,0.2163297138400624,0.2066987492303022,0.22722595484534835,0.4380356499394005,0.30102488581183656
cub_01249,22,22,0.9912180194327355,0.927536231884058,0.5911611242212171,0.37663762946704166,0.7475000886697064,0.4211868007364396,0.5370791011047594,0.3210030935299151,0.4461708916001812,0.3901268426465547,0.5830620351378967,0.3771514777480628,0.7366753041009778,0.43943520642201833,0.5234743885646439,0.31467661691542287,0.4473492374120306,0.4140935387188959,0.6340597689532884,0.3391606058584106,0.6625705497652915,0.4021237948861255,0.5091434904412431,0.32568327448672685,0.540563277970035,0.26131221719457015,0.5207870011445782,0.29701893551688846,0.4740119335240262,0.32282899458471975,0.5963217474695075,0.3953316840397233
cub_01269,22,22,0.85263147470091,0.5341690872955206,0.5631585579939329,0.373810664658772,0.6820441956209791,0.4055606134883395,0.5064110430058725,0.3403232269266729,-0.07378991534890274,0.1170183460966338,0.7181926157151984,0.4356223175965665,0.700099255948795,0.3038394075229,0.6975558688660018,0.40487190256194877,0.24798432539670257,0.16831854327532558,0.5788302939100202,0.3310783923597294,0.758940252880654,0.40182999231682615,0.3296680445301172,0.2142172715295245,0.5657315286446781,0.304856641310708,0.15540254809834053,0.1433485591834433,0.36591052376731187,0.25433061123484285,0.5099180409153741,0.31554637182385026
cub_01271,22,22,0.8630800345385484,0.7679704016913319,0.6675162495154982,0.3824218211874914,0.7548471963962314,0.3157204667628163,0.596429943097152,0.3565393714092599,0.6056139372531315,0.2578323717352193,0.686397623717149,0.38033012379642367,0.7403727129966291,0.32746874793306435,0.6477926790731837,0.357273280584297,0.6445781087900163,0.22167992287298144,0.6853129413569645,0.30257009345794394,0.7721222729070452,0.4252236898167874,0.6623425802527979,0.30663143648901203,0.6082931629226637,0.2752573389248952,0.6928968109865551,0.2515432098765432,0.6076831761438384,0.2989301044269332,0.6823519619964936,0.34849282539766674
cub_01274,22,22,0.9876044290300874,0.9314791646617265,0.5720555387471957,0.45255844249837157,0.8001928280206841,0.569317382125264,0.5491997766435031,0.4353143102338554,0.29067130500907185,0.5315757667321348,0.5829010652197736,0.46903820816864294,0.8121707580218978,0.591593973037272,0.5578991962048253,0.44805194805194803,0.2722688010475341,0.5499579542848406,0.6297650576796836,0.5219534389929475,0.7008145689035591,0.5910892658950373,0.3089604403167092,0.3822607035724025,0.5920301998927336,0.4874379307789224,0.323839456013566,0.47938708500547245,0.2909529585855047,0.3686377750776293,0.5514217586224219,0.5206435566077645
cub_01281,22,22,0.9193345556763288,0.9619783012413253,0.33601292743002,0.3160896931549961,0.4515832916598661,0.4061646234676007,0.372503136422843,0.29611932588622714,0.5868493925129373,0.4448165301033131,0.4106664055419505,0.30638547158758056,0.5307246144503628,0.3988987244720151,0.42742060152493977,0.28827267475447715,0.6137964310775437,0.44070205357777303,0.6517672262929655,0.35892748324192564,0.7121180263034868,0.45045891450458914,0.4615339999510078,0.35691339847409986,0.5421306569488841,0.3030775223996883,0.554079827715239,0.4022408188671416,0.447886591690129,0.3222251206469284,0.534560512346567,0.4035513770919787
cub_01282,22,22,0.8430765404938194,0.5818095838587641,0.5256928546273139,0.395882598414244,0.5733402146949973,0.46006110868616323,0.5574339323791647,0.3537029542695265,0.36299319590089213,0.34031863555232367,0.7125400113277163,0.5044977511244377,0.7600793884961963,0.5747351902706944,0.7104604712084956,0.43695854514212074,0.5512548587702011,0.34995672148611756,0.7807673959509054,0.5229928668993777,0.7179637406512536,0.4295890020656742,0.46238324958533594,0.3513963873891888,0.6651701522388486,0.4074333800841515,0.4622899530362445,0.42420623770722116,0.5183428341885208,0.32377905458344214,0.6135859195699938,0.43048800116889646
cub_01284,22,22,0.9945112900606387,0.9432610379550735,0.540664054956487,0.38614545203398026,0.688340176624771,0.4210861714933088,0.40139197616088446,0.3002073075926406,0.2885020959228507,0.29148353398305626,0.554051627061882,0.38194587895063004,0.6924118138609303,0.41477513041026365,0.407696060875308,0.2960092987214258,0.2975512358445644,0.2892661833905634,0.5609834071684205,0.31865965834428384,0.718763119356589,0.4457570955193776,0.33526826396841747,0.24654165385797724,0.3954135248832892,0.23667508780577978,0.29860422806547143,0.25216156126482214,0.33158066457890406,0.22953305033353547,0.5003822359592938,0.36356720677711457
cub_01291,23,23,-0.31587484886804373,0.014748964541872916,-0.001287407330366541,0.09613705805325186,-0.14013113718487688,0.05720149450086828,0.024315204345301857,0.10451371708175271,-0.19157708473685184,0.07086323343182778,0.35664966408477317,0.3401442307692308,0.5377101947932379,0.4875481766973021,0.33988412173791216,0.3453546051749564,0.30858435402732554,0.39347079037800686,0.5522193497367159,0.36940502183406115,0.8349633771242363,0.5476557680444171,0.3127391506321451,0.3487892496008515,0.5509711743228214,0.3648418905134308,0.29419042410876445,0.39798662345721575,0.2758916818224535,0.33467184517148313,0.24928321457436986,0.2848888446167019
cub_01294,23,23,-0.02876978697554788,0.02659846547314578,-0.07006519087852753,0.08305002428363283,0.041107825324367575,0.13415461121157324,-0.06235690985105688,0.06851940584571155,0.12049375968435717,0.1739331827919634,0.5414366267293822,0.38767890479153705,0.44774048796295796,0.30223202699195434,0.5686531650776885,0.38614545203398026,0.2698745822975719,0.2486912607008684,0.4575867499427416,0.349515868746638,0.5640573951827006,0.3736226130997194,0.2463231908205123,0.2585350713842334,0.2596092382103181,0.2521836785625156,0.26293352559914857,0.2255198259187621,0.2535804333596317,0.25806651774633904,0.25814700616574965,0.23522979397217164
cub_01296,23,23,-0.5856088929778801,0.0,-0.15798830839446343,0.10037276614406315,-0.22560471297232354,0.05514087468460892,-0.0946928038334073,0.11702838063439065,-0.3745571743558336,0.011422016060651404,0.4191586094295457,0.3149446373583175,0.4996738037376228,0.4805252286810269,0.35012432548227307,0.29017742350218567,0.45948501548788373,0.362933584296854,0.5227335050435491,0.3027391925223939,0.8530037793880609,0.6257594167679222,0.34378625052061396,0.26418506048135676,0.5014189735200835,0.27899566658169767,0.4194459793778925,0.30243463737393206,0.3343327897585049,0.26932949352031554,0.2176474092808082,0.2517325585739811
cub_01307,23,23,0.6614482689587642,0.5400552486187845,0.3807451749668382,0.23789551594399555,0.5752492163416085,0.4006560122827832,0.36700030456095406,0.2257985708178098,0.2280442480505556,0.26394863163144444,0.3602919653293587,0.29300347893312717,0.6683530780381185,0.5702996635631015,0.345161134259919,0.28538491097732804,0.21035339986036153,0.3271584735222884,0.46083391206696156,0.3014720186758317,0.9114414268973304,0.647242284963887,0.30229669409521553,0.2520069161417809,0.4489650091476682,0.29050925925925924,0.3360915329856748,0.3232606709306879,0.3039778178142911,0.2520069161417809,0.437350212224908,0.34737990482692604
cub_01312,23,23,0.4695392086568419,0.21636363636363637,0.2601815373729203,0.2924206323652521,0.2738855070289411,0.21268882175226586,0.16114788644593414,0.2627406568516421,0.07240156969088515,0.20169511616880037,0.5904528955499818,0.43829726243371075,0.6234675642584357,0.48479692239402233,0.5100390397567846,0.3922996878251821,0.11969286233303518,0.14606296987168615,0.573391350270646,0.4114916660805964,0.723899373834256,0.4958634568085265,0.3695205004264444,0.24112389813907933,0.5222698954534474,0.3583756345177665,0.11825228929266186,0.1439936805281273,0.37243841149425483,0.25092546890424483,0.384038659457698,0.3032759674003026
cub_01314,23,22,0.6866145376666706,0.8402714102328993,0.32267452947285896,0.3809949769490126,0.495627648289115,0.47194719471947194,0.32206113008142706,0.34553499597747384,0.3979841815301408,0.28022984151038705,0.6643260581000342,0.3711826193892191,0.6946057300267691,0.4934146885929013,0.6381163477157247,0.34716069271043093,0.6689789725629233,0.28591361704826534,0.5661278178605182,0.33231545406266594,0.7834517811657581,0.5046105405202789,0.5912464551587889,0.2621389442231076,0.5204938555142555,0.3087707857841539,0.5014531126475212,0.2675043760940235,0.5421010323916139,0.21932884291556412,0.5597242126789413,0.3807545987153237
cub_01323,23,24,0.11600789933666822,0.1995338831122266,0.10992341262343619,0.1609600925390399,-0.08272487939838659,0.08979857755578478,0.08947584286927433,0.1358646446355817,0.09667235524301919,0.16433164905833716,0.32472452281109276,0.2542966064620961,0.22674309796696868,0.22774821068085888,0.3032092856827035,0.2594916849701914,0.2484348207159039,0.11849726926683952,0.6033333881108498,0.34256472004816374,0.864164555031553,0.5244967717432586,0.4957376940064638,0.2955271565495208,0.6004102379577128,0.3520614389652385,0.45134774194359895,0.3130626254776245,0.5176851401807704,0.29016862869869553,0.3310096743387752,0.24856026398423048
cub_01330,23,23,0.02381531657739122,0.058600137138034705,-0.14277728475947762,0.07337683174671088,-0.38940630825458905,0.01785170909828583,-0.06686668233318585,0.09373297002724795,-0.44183514876907665,0.021256233314864252,0.37794529378691344,0.2979370109293151,0.3608194299676446,0.3486090579223223,0.3705192866059912,0.2878593429158111,0.20474751460468357,0.195248481990214,0.5847696907591668,0.42603382123063804,0.6923487951879072,0.4947493855663961,0.43293240819009765,0.34085047285232456,0.51807924969429,0.3725892490767337,0.4539973762062577,0.3833924672489083,0.3993816239056483,0.32024483948687893,0.2252313707579775,0.24882213403631237
cub_01333,23,23,0.9847576421035965,0.9472203356941884,0.5102196404566214,0.3740928385594961,0.5976801154537823,0.47389292795769994,0.47995290251783007,0.34391321815990356,0.17593107590961707,0.17386521537748958,0.5708766066574291,0.3812801101169993,0.6525612071397455,0.4691457433570017,0.5413453986012668,0.3498789346246973,0.24531734263413038,0.17734161779223043,0.7973371745899429,0.3898891966759003,0.9092432855030866,0.5673565013666536,0.6362678587737404,0.2256679966146778,0.7868264562652806,0.3573650750710131,0.5273753414957182,0.1637584663069682,0.6439256333604877,0.24317861303574714,0.603974512097485,0.3758564527140444
cub_01336,23,23,0.925703037499227,0.9336223506743738,0.23536851516224455,0.1631990727325413,0.2723532677468294,0.30044058571983934,0.2507920996177293,0.1669186046511628,0.20399363466149978,0.1732438375188057,0.24881015234106912,0.17313537526303482,0.3022822371127324,0.29776915615906885,0.2743719669652889,0.17671200750469043,0.24233990226230026,0.18629688139956702,0.5631880962532428,0.34220557747609176,0.7031369046331566,0.5318272019539002,0.4081943108681396,0.31895654436638043,0.5090313534912533,0.32650363516192993,0.23025479200533383,0.2973509086255439,0.3848286331655553,0.3096699179639558,0.38364326025237355,0.31319011047805906
cub_01340,23,23,0.9998817684177476,0.9887039239001189,0.7329293862707789,0.3086854460093897,0.8343760123169959,0.4394319730330632,0.6775083947868985,0.30511119781506046,-0.1690179548929401,0.211026161748895,0.7337686020195247,0.3087707857841539,0.8341838839689243,0.437061434913361,0.679324877947261,0.30553567943797566,-0.16781326041395903,0.21015876805538974,0.7204290160205383,0.36030906872712487,0.6740494011145706,0.37559972583961615,-0.14133486464093437,0.16804931443714713,0.62415964001644,0.29869289504335444,-0.18075364509315703,0.20440774622787217,-0.09802772827500728,0.16062739710344037,0.45024423530424545,0.3388114345383975
cub_01345,24,24,-0.23463963101314236,0.19999601403061223,-0.33757876553521704,0.19999601403061223,-0.371624283879644,0.19999601403061223,-0.2899321545837715,0.19999601403061223,0.0038900955705599787,0.20408163265306123,0.581283253444786,0.36577067029601906,0.7056077726671887,0.4116902300063304,0.5959221907954348,0.3763544095460156,0.4681734930432769,0.33528714436248686,0.6954557463103274,0.3882548246524175,0.7618913078157162,0.5419483712354026,0.10191093927051664,0.23650667805086295,0.6359464487406449,0.3669799754801798,0.24249220931778998,0.2658425422988075,0.19459737717911255,0.2770044718775587,0.2502263999429053,0.3046470004387728
cub_01346,24,22,0.5485141588930383,0.9207579672695951,0.13965287871652152,0.2701727738750712,0.4848034115444836,0.49977581826333883,0.16912303331320974,0.2710576314122863,0.272949724419654,0.46569796862575,0.5470216137561765,0.27509529860228715,0.7149871903073048,0.5069830304850578,0.4956832414896406,0.2735579668760708,0.6688848961078289,0.4457358813462636,0.4790394085808432,0.32510233725075927,0.6481840029014575,0.41338028169014085,0.5463509933468477,0.33046787846971587,0.40705710430279946,0.28563192620588046,0.5092668663631389,0.36055563011676284,0.4399252190729789,0.3156187139056518,0.4714295828743949,0.39730607362630876
cub_01347,24,24,0.7607814446284893,0.8871650211565585,0.4098265836214949,0.39433097123801586,0.4922278857131272,0.4213881019830028,0.39621408453249285,0.40339836375078664,0.36646041051902,0.3646765834286868,0.5608287570205482,0.3981191222570533,0.6122077230868819,0.4242123190462674,0.5440453237649406,0.4065456584203518,0.2659256242150861,0.3682683223107032,0.7116512608773125,0.5307756845396995,0.7804523923139334,0.6632137233778073,0.3673998433965997,0.40011048960707135,0.6708486459484503,0.5044977511244377,0.363110900012917,0.40896455872133425,0.33495321595821204,0.3906989505453049,0.5091289397073004,0.46442437476713877
cub_01349,24,22,-0.6105589759873761,0.19999601403061223,-0.5436048572513433,0.19999601403061223,-0.44172715254808026,0.19999601403061223,-0.5131401290904243,0.19999601403061223,-0.12403394334510968,0.20408163265306123,0.7397849519222408,0.37833939976649955,0.7970939721426109,0.5134605233391147,0.7257248988221058,0.4152739581129681,0.4448741524972926,0.49322433348063044,0.6802865452587928,0.38280281107895825,0.8179222145193309,0.5475364330326162,0.38743750857380377,0.31348795024617776,0.6751903224347627,0.42249627897086967,0.36180778957604576,0.34914825658770293,0.37018419116033785,0.3363432639071975,0.25114943257899935,0.343745259819883
cub_01358,24,24,0.3321367633126604,0.19825734065409406,0.00988794353546861,0.08900580354721484,-0.05674041572948725,0.06588097892445718,0.027283828135741536,0.09524329042112153,0.02775363507805392,0.10570213693850851,0.38430195634352343,0.3086001173632392,0.3006196846419896,0.24272445820433436,0.38704815284209976,0.2852202868852459,0.16516564942752698,0.20986991287743167,0.4442450672369596,0.32650363516192993,0.7375737874474496,0.4970908548411159,0.2727546095293117,0.2713990092180347,0.34999219908953727,0.29167202986227314,0.16004885901760646,0.23794114055440224,0.2808066554713395,0.262453300124533,0.25485855835865207,0.23250428637186243
cub_01362,24,22,0.537196925355536,0.3680479825517993,0.13164477624777554,0.19961749940234283,0.3151454019615562,0.2916344916344916,0.12822347686725122,0.19086324532779592,0.3332790706992786,0.28359815154776224,0.5926250793009445,0.3465280107346528,0.7045050791389537,0.4479474785369021,0.5853432814588329,0.33063714115229065,0.766982208977249,0.6503866503866503,0.6740399561630811,0.41477513041026365,0.8972838392555381,0.6799196450991881,0.5698461676127231,0.3984687543109394,0.6717126698646161,0.399581589958159,0.609253094274449,0.47358092884657316,0.5518232574984683,0.3763491955739597,0.53792695231175,0.3901290596982514
cub_01375,24,24,-0.37212865025515307,0.19999601403061223,-0.3600623271680324,0.19999601403061223,-0.291436422504084,0.19999601403061223,-0.33061464909704935,0.19999601403061223,-0.11906891964301196,0.20408163265306123,0.5625333078984273,0.3199605392962841,0.5930533003082812,0.453505214368482,0.5705216428493274,0.40842105263157896,0.43573294239112037,0.4367205215419501,0.6989059629965471,0.3660495507759325,0.7608180782943534,0.502807937102209,0.2770433795089377,0.29164808562145633,0.6203692236439977,0.3608624898291294,0.2940118719835579,0.3640339074273412,0.3030379173376527,0.310770623222136,0.2428477772363248,0.32125637403946733
cub_01376,24,22,0.9321756022494285,0.9513855128828391,0.4419507298406712,0.3249273831528915,0.6981360840633631,0.4605923877447056,0.3937974467947435,0.32790789996030173,0.7348504332322855,0.6317907444668008,0.5093870771783997,0.3276443738837071,0.7403431672443774,0.455930359085963,0.47073614969950295,0.32755655509988096,0.7365096608898744,0.6390460792239289,0.6080778020785911,0.38423339540657975,0.6915219998284706,0.44742535698831676,0.43751856747639956,0.31195806910832147,0.5700769240914249,0.3571814985123073,0.6279168821505513,0.4730456262714327,0.4283051110680124,0.31442463533225284,0.6014202425257397,0.4490033251413487
cub_01385,24,22,0.8180049956839505,0.9744220363994097,0.3204315896200253,0.270253164556962,0.44907979453711894,0.29928141386677026,0.29115980861069796,0.28744627622041186,0.4111839704152441,0.45007867257903017,0.4093653139098312,0.2748523153147431,0.49816426805541814,0.3050263346121334,0.346862087119229,0.2907582481188501,0.6291031261675869,0.45018239038695373,0.6956514198384891,0.4424320827943079,0.6348285835438477,0.4145756977727657,0.5830667913145688,0.35049623659495105,0.5660648542374664,0.35571467171034854,0.5657483191031906,0.3229153073208926,0.5430003652312809,0.33151638536809613,0.5174476858258631,0.3879967489077751
cub_01393,24,24,0.21652239919757924,0.13556636867715288,0.19570022297456577,0.1841406572659154,0.17280233086608435,0.14862931379843186,0.09077815027314735,0.12091594526668528,-0.17552330471365063,0.015679791604047692,0.7727746414786666,0.5021330738717162,0.8516809275713655,0.5220688609130897,0.7091358363302792,0.398313941336306,0.4446342371866112,0.26064788907542125,0.7333581339739346,0.4192772788345944,0.7056551905506508,0.47921580188679247,0.32843899313787495,0.22841563162677977,0.643495023981002,0.3361294188136609,0.3086553800446159,0.2456226577379124,0.40160265016326724,0.24969181459566075,0.4266473875343996,0.2830965630202778
cub_01397,24,24,0.027391886861170688,0.0999068340001096,-0.08492038049035971,0.08650931139021222,-0.20129655673207741,0.0448771345272803,-0.17221939537652575,0.06960136431464506,-0.17825325735245323,0.06688065670385182,0.2285599575941541,0.35415963835098846,0.27521939576769505,0.2685670943682447,0.29442703175802837,0.3729648378711178,0.1951150136038523,0.23229806114386434,0.5841606719994121,0.3968541202672606,0.8485809042883218,0.6016279626526215,0.43255759420359435,0.3008469138970871,0.6189085353553421,0.407630803759293,0.484231697250354,0.34164902064584435,0.4818134354386482,0.30840216830149714,0.2556184356112771,0.2635183948129279
cub_01399,24,24,-0.4031570762992588,0.00199700449326011,-0.3231284288362719,0.07297514033680834,-0.309032594427889,0.0630859685364691,-0.3573570921158619,0.04804177545691906,0.07534367802595043,0.09814223040675947,0.6890377668788402,0.35388559093362115,0.6574906842555933,0.3822314049586777,0.6415017866181865,0.31193620081056345,0.34136936841785503,0.3642174673664379,0.6560154900088664,0.36206311503223615,0.7118176965123907,0.4316285041729082,0.36170367625512845,0.24715507166143816,0.5941511787155495,0.3113361646520745,0.3869838958818481,0.27147874075003137,0.3195759586998489,0.2150176784323126,0.2694877325727184,0.23567947053336782
cub_01403,25,25,0.9046630917662768,0.5974212034383954,0.5556885606401423,0.33426406063023534,0.6569231729108832,0.3821362165140142,0.44741670451369553,0.2824281150159744,0.41829133435839533,0.21124320449250253,0.5164275215696068,0.26028257456828885,0.6458264395269039,0.28843808178725044,0.398241609901242,0.22542434973745268,0.48813380549075247,0.18366512931286122,0.5086526064521721,0.3046869921341741,0.666464829790345,0.3877748582492048,0.3497467393373176,0.22953305033353547,0.38497510534331064,0.253043641131298,0.4288246346720163,0.26143221551670504,0.2607924000570815,0.2013391005510458,0.5087379037553427,0.29354085289419596
cub_01405,25,25,0.5492059666610294,0.8345521023765996,0.5321239051475998,0.3858583068636929,0.6160193306205621,0.38080495356037153,0.5154004949988047,0.3909487836994941,0.46896660681231056,0.5278824415975886,0.5862688531283399,0.399093760892297,0.5069359906626564,0.3662355343771273,0.5478762339262523,0.40516698172652804,0.5205794877247436,0.5169085739937154,0.6641436616251732,0.30113452188006484,0.8363370921288484,0.5279786829082603,0.5090256306853156,0.4146664806028468,0.6117962534282206,0.29902912621359223,0.48499244364321686,0.32257012393998696,0.47764549665716366,0.40496154112674104,0.5618211631900158,0.4318527943839271
cub_01408,25,25,0.6430128246428989,0.6568975480888302,0.4425065155640132,0.48964595858383436,0.49393938725499764,0.4901989901989902,0.4451224572033882,0.47899778924097275,0.41875744355349626,0.5138505189277981,0.7415378356411495,0.574982343247273,0.7938420580986582,0.5038213696987861,0.7091829886369981,0.5535258146915396,0.7179649861334009,0.4281186166091428,0.7041211897738775,0.4446123947311596,0.7869619803684392,0.554006968641115,0.6366753606932875,0.3824492022364653,0.6294410415812334,0.3932662270045123,0.703527192466655,0.4431632144636629,0.5971257845044291,0.35067617080807406,0.6309146030744616,0.48388087514481054
cub_01413,25,25,0.8976031651065651,0.6765516665274414,0.575679390529529,0.414675407062804,0.6182107125941432,0.43469869182929444,0.5271191983457718,0.34454344476452065,0.5536699447470215,0.4644275911881546,0.5910848586247819,0.437061434913361,0.6445514866395438,0.4358277292888825,0.5551378719036247,0.3790023361275251,0.6186173358615695,0.4288231148696265,0.6059693334641583,0.4067428331113759,0.6526493375274742,0.47108407241808986,0.557835732281402,0.45049363285162397,0.5072911671866736,0.32318037974683544,0.5405668050436777,0.4473872073101085,0.5257935207551672,0.37457627118644066,0.5981186573740735,0.43260505421307227
cub_01417,25,25,0.7164116251877723,0.791644349223353,0.14468232700727224,0.23181734487203093,0.3875866312781005,0.4218916046758767,0.18013349907960036,0.25413984877835405,0.33645921593313505,0.3317787703625854,0.30182712820192376,0.2650488496690829,0.5488828091364962,0.48096221959858326,0.32935426106948923,0.2942542077771329,0.44236622631169853,0.42071333473477684,0.6135095435574522,0.3687512787287731,0.7840372148807306,0.562962386107001,0.17166311248737545,0.27628100214024925,0.6503570029093353,0.37995049504950495,0.35388300475786966,0.40720433092726266,0.2096554785394257,0.30184923590599716,0.4113872720225118,0.38594995057003756
cub_01420,25,25,0.9428617972003985,0.8009691313711415,0.5782546153829193,0.4498302391100195,0.7440921226662646,0.579568707697151,0.5279863979710537,0.4112931580057661,0.6645855539336142,0.5224900503116318,0.5497381732100166,0.4389159736162891,0.7580318752260682,0.5651563596662248,0.5050376366059818,0.4070386988222098,0.6282074055275109,0.48339186420836994,0.6430107525825753,0.4286731207289294,0.7991619733595527,0.5577460416019869,0.546705816328968,0.41496266313071395,0.616731436227819,0.40487190256194877,0.5989008078737349,0.4278169014084507,0.4990857201887728,0.3854721880552139,0.6401594722856834,0.48521313335306976
cub_01438,25,25,0.8493872293643716,0.6343648208469055,0.5898193930797975,0.40163419233186676,0.5831876437162875,0.36614253624668164,0.39688279498257395,0.33266932270916333,0.5468526439187387,0.6902876198416007,0.7150523468320279,0.3754111842105263,0.6864402071540225,0.2728310502283105,0.4900538762413313,0.29026036644165865,0.6504080099355631,0.66831235085987,0.6767843316300098,0.3880627982571409,0.6684932566545866,0.47877984084880637,0.5058978338505608,0.4150614182021217,0.6290347578957913,0.3758826352231439,0.47660417464999577,0.3617435690778427,0.3933439262491117,0.33204125878720187,0.5905494950769846,0.42556566427418935
cub_01440,25,25,0.9946851887008215,0.9728693600707756,0.6138542271655588,0.35543999459715,0.5216211971510711,0.30562060889929743,0.5912444908973535,0.3628955588754584,0.35076765192886866,0.20785178124627665,0.6193230950481372,0.3518792940859491,0.514827430214185,0.2999546602759246,0.5934963782142951,0.35966397940518935,0.34661754173712855,0.20447929661973505,0.6321021121381385,0.34806555615260615,0.8209653005098425,0.5315934065934066,0.4581632367434101,0.25580675131619696,0.6525610327738895,0.3626179645597121,0.5545462911633454,0.2637910615221592,0.4827840468304273,0.26457930518305994,0.5831706147477649,0.3631405719601931
cub_01441,25,25,0.4403280952180282,0.4760608957858351,0.11970645327448654,0.2225877192982456,0.35612946307337834,0.41567327361218875,0.11456602016673925,0.2212486308871851,0.3457571771850026,0.4085730165346672,0.6680160169302036,0.3315199363099582,0.8608209322835675,0.49463806970509383,0.6761338560817578,0.313911620294599,0.5557074951222324,0.4159508345554857,0.6608055425290632,0.3086001173632392,0.8430588989345833,0.4598487052662205,0.4682954290081922,0.2705226218824414,0.682203333053089,0.3084294934480735,0.4852605847385473,0.3796271094175286,0.45067214881853324,0.2678214107053527,0.5151640964278269,0.3530008970044076
cub_01445,25,25,-0.4433923518725792,0.043518951801591016,-0.050073711881627556,0.13672405980969643,0.01702625797676787,0.2043927028324532,-0.11039223831169845,0.12955875731652408,-0.23202784654336772,0.10502507085240899,0.6486778200504356,0.3924928883646708,0.630287150738788,0.3459861846958621,0.6651102591358955,0.3877748582492048,0.7003958289257005,0.6750660938532717,0.7782435348265299,0.4081246053462429,0.8318160813077169,0.5881934003323573,0.5805726879890043,0.4102385755025388,0.7629298240412307,0.3892157541358067,0.6044939926190517,0.4004006078187595,0.5871746014684356,0.40272588902725887,0.39805612603135215,0.33462922666257644
cub_01446,25,25,0.8312907974674644,0.8112083746954246,0.37275529044150113,0.37824474660074164,0.46044569348380987,0.49742594941431023,0.367486008706962,0.40163419233186676,0.5329359245683655,0.4864369501466276,0.5844322287546297,0.42613515241952676,0.6439302032488589,0.5219534389929475,0.5610054772062241,0.44315812180916087,0.6985179003427883,0.47594088956831915,0.6612603689366516,0.4420175312544906,0.8315211856006103,0.6410466067048242,0.5342009618963266,0.3824492022364653,0.6536190837009713,0.45045891450458914,0.5897922014943724,0.42711339480537763,0.5118792101038626,0.38329808282731803,0.5890048357302266,0.4779014365541327
cub_01455,25,25,0.33980532220131787,0.6433308769344142,0.18136577821618544,0.29208781304319836,0.39476222246242876,0.48096221959858326,0.20814919813933938,0.30621542466644974,0.3307009500734937,0.4267117022025192,0.5502727613092169,0.36614253624668164,0.678771046537722,0.5899548443317754,0.5346900717548322,0.36931159173091355,0.6415730428684665,0.4987433471318746,0.6253298137936062,0.3845198675496689,0.8238550278582991,0.574982343247273,0.490740119595547,0.33687195041540285,0.5826131852224328,0.37390470974808326,0.57665028424539,0.4308398023994354,0.4776614733154294,0.34583471622967143,0.4957960198395805,0.42802758303172955
cub_01464,26,127,0.9586323593587984,0.6551212271152894,0.7607421833638336,0.3932662270045123,0.8540358124601685,0.48964595858383436,0.6785411752847587,0.3299317473991121,0.6564044325319275,0.6871931430473496,0.7576120033653271,0.3470702731726962,0.8494051133039691,0.50472334682861,0.6966096292862408,0.33266932270916333,0.6675463359903201,0.7853997886579782,0.7810610094121925,0.4019279128248114,0.7808264995685968,0.5136888151444302,0.46965550944991963,0.347892567477729,0.6824701690678879,0.3321385902031063,0.5601067018755357,0.4926746668629905,0.4222976694349815,0.32499019735982226,0.7050631069169636,0.4625555856260956
cub_01481,26,48,0.9914360045451088,0.968998332188757,0.5591454383787361,0.5541273037014093,0.641958879174182,0.3890234618312686,0.488279291542395,0.4964211154190277,0.18038260672227824,0.16993652625504904,0.5449034348840871,0.5507649513212796,0.6613165999967755,0.3898891966759003,0.46144211586715794,0.4938593226646818,0.17274719926699536,0.17264314632735686,0.42166672973660513,0.3361294188136609,0.7401419074017586,0.5860597439544808,0.05805699215404388,0.16056096164854036,0.27815763263585086,0.2848911651728553,0.0849101690569156,0.17379725583280264,0.07618261087342562,0.1679147465437788,0.4240485074824211,0.3930011098900566
cub_01490,26,154,-0.49831143714803044,0.00599790073474284,-0.3075140023453215,0.04893683552220138,-0.4031142377913085,0.02793667007150153,-0.3013122665643594,0.04637379776449181,-0.3938441944361441,0.01275154413229727,0.7653974298297995,0.3563560181117794,0.8206214949000029,0.3520614389652385,0.732989027827586,0.3683779914092862,0.7313768289601184,0.4695223599333188,0.8013217028939338,0.37805547926393845,0.8396040551203329,0.5004485645933014,0.5980984363611753,0.4225075422718024,0.771332720098915,0.3399652824142075,0.6848401798069018,0.4343827378846834,0.5770653373975643,0.3935665681490137,0.36123673832741104,0.2771493820814536
cub_01493,26,73,0.912504859391828,0.7165569706812548,0.5393199973560807,0.3133957201753812,0.49566553518746487,0.3395181205366082,0.553885640121866,0.2894314166398972,0.6614962522670014,0.563343357236487,0.647057996458069,0.3199684501117392,0.5863639928072991,0.39458333333333334,0.6552977312295427,0.30801797694261707,0.7977075351236378,0.774269721882106,0.6661888392561078,0.3267667085344087,0.748879112002948,0.4875481766973021,0.5949388337997138,0.28697473657483813,0.5688179046825875,0.29133959593359926,0.6134489858394597,0.37141504329004327,0.5865114437984297,0.3062105398788816,0.6418723106214691,0.40595599122989984
cub_01505,26,26,0.782014283268711,0.6534849233811172,0.5086903457039864,0.3935564504929871,0.6380323721849099,0.4519279461766621,0.4879565835413815,0.3896967179061072,0.5313892972396576,0.4492494639027877,0.6081228739409675,0.4248189691892659,0.750195783039951,0.5,0.5695797925367662,0.42340425531914894,0.5870310120425636,0.4366187203287749,0.5845598147436072,0.42643923240938164,0.8370381825443622,0.6588147780808331,0.3925386129873688,0.34191541465351777,0.5499712002408139,0.4221938775510204,0.49306321859955765,0.3918445802155557,0.36392728220648324,0.3337060913037758,0.5789407103214058,0.446511428060729
cub_01508,26,26,0.8764473900553481,0.8654150013941816,0.4700856046310352,0.41907657498409107,0.5827883219093284,0.43234370539537537,0.484552606478836,0.42078436924819484,0.500861430489054,0.4510126672869105,0.5965721724939016,0.4520329908840978,0.7506035097496082,0.4546640574037834,0.5924190908681964,0.46016733357584577,0.5269429342632882,0.5058674985145574,0.6363070053215686,0.46581945661700264,0.865325967847937,0.6932422171602126,0.46270539828943424,0.4365169335411648,0.6242544496043206,0.4647496715807911,0.5187159260403932,0.4856745072177035,0.4675532821938094,0.4465610730593607,0.597075672682404,0.49692853719088487
cub_01514,26,26,0.9129006173658608,0.6532125205930808,0.6301974442570173,0.3558062554887523,0.6568677147456938,0.31245095474758044,0.5757032258276072,0.31348167539267013,0.6405335743677364,0.3958691910499139,0.7238443880797789,0.4083222230018946,0.7440530019558766,0.3172748752953531,0.6841479850986085,0.36595657796229497,0.7834987178716624,0.5838606358878212,0.7630927379514589,0.3980217330732795,0.7446179391293678,0.5043849786372836,0.682385816981952,0.4647449790492703,0.672339724323319,0.3244901999604039,0.713674650082505,0.34565606955598327,0.6334614034842119,0.4206137892376682,0.7040879294348437,0.41094311059555005
