sample_id,method,label,target,deletion_auc,insertion_auc
cub_00001,gradcam,0,0,0.06885795721318572,0.12080675098113715
cub_00001,gradcam++,0,0,0.0767258605454117,0.055322457494912665
cub_00001,integrated_gradients,0,0,0.05910879770526663,0.06271635532029904
cub_00001,gradient_shap,0,0,0.04665947210742161,0.05699982716469093
cub_00001,occlusion,0,0,0.033496566780377185,0.04802425858360947
cub_00001,guided_backprop,0,0,0.059682509780395784,0.039303991734050206
cub_00002,gradcam,0,0,0.08174029001966118,0.673182133269438
cub_00002,gradcam++,0,0,0.09824267255607994,0.6516999238694552
cub_00002,integrated_gradients,0,0,0.04577851414214821,0.6752778035821393
cub_00002,gradient_shap,0,0,0.029151055641705167,0.6351474778552074
cub_00002,occlusion,0,0,0.06602047143969686,0.816396351554431
cub_00002,guided_backprop,0,0,0.029452673561172562,0.7518260772572831
cub_00014,gradcam,0,0,0.169201370398514,0.6001073976512998
cub_00014,gradcam++,0,0,0.09896427066996695,0.6388043808488874
cub_00014,integrated_gradients,0,0,0.033701614942401655,0.5875129656575154
cub_00014,gradient_shap,0,0,0.031661397847346964,0.6466778741683811
cub_00014,occlusion,0,0,0.08501865363214166,0.7475557080237194
cub_00014,guided_backprop,0,0,0.03724372027209028,0.6844152853591369
cub_00017,gradcam,0,0,0.49796928400173796,0.41700985281495373
cub_00017,gradcam++,0,0,0.18410940306494014,0.6470909019648388
cub_00017,integrated_gradients,0,0,0.03131919568404555,0.3914053413784131
cub_00017,gradient_shap,0,0,0.02878354334970936,0.40467971745019893
cub_00017,occlusion,0,0,0.18490111564751718,0.7672136645531282
cub_00017,guided_backprop,0,0,0.038241380196996036,0.4349659269675612
cub_00018,gradcam,0,0,0.11212163161253558,0.31624256883224006
cub_00018,gradcam++,0,0,0.16665324134519324,0.3619727688026614
cub_00018,integrated_gradients,0,0,0.03043871521949769,0.3983459562179633
cub_00018,gradient_shap,0,0,0.03283078433014452,0.35280636232928364
cub_00018,occlusion,0,0,0.14686915968486577,0.1647638963302597
cub_00018,guided_backprop,0,0,0.028321887145284563,0.27231070330599316
cub_00020,gradcam,0,0,0.1487274615559727,0.6069715542136692
cub_00020,gradcam++,0,0,0.10733673539943994,0.5798013809835537
cub_00020,integrated_gradients,0,0,0.07543066741200165,0.4340974992839619
cub_00020,gradient_shap,0,0,0.046009543276159096,0.5237328270450234
cub_00020,occlusion,0,0,0.040016888629179445,0.6798770531779154
cub_00020,guided_backprop,0,0,0.07327080012764783,0.5429109822958708
cub_00029,gradcam,0,0,0.12894333914737216,0.2065465629559185
cub_00029,gradcam++,0,0,0.11566173996543513,0.17964355353324207
cub_00029,integrated_gradients,0,0,0.022967942187096926,0.025091794051695593
cub_00029,gradient_shap,0,0,0.02481786429416389,0.025162526173517087
cub_00029,occlusion,0,0,0.03219064980512486,0.3016092451638541
cub_00029,guided_backprop,0,0,0.026033226773142817,0.025819121371023334
cub_00035,gradcam,0,0,0.47458507905248554,0.2641388185198593
cub_00035,gradcam++,0,0,0.10352852270007135,0.5107103161455597
cub_00035,integrated_gradients,0,0,0.0262482670485042,0.45127234519386544
cub_00035,gradient_shap,0,0,0.02636648106854409,0.4068367794916412
cub_00035,occlusion,0,0,0.04800334331812337,0.5851133422605926
cub_00035,guided_backprop,0,0,0.02335324590385426,0.4114942410844378
cub_00042,gradcam,0,0,0.0981420697993599,0.7373771709622815
cub_00042,gradcam++,0,0,0.23731072254013272,0.7643187903857324
cub_00042,integrated_gradients,0,0,0.03322461475618183,0.36319193696836005
cub_00042,gradient_shap,0,0,0.031919537531211975,0.3788137293391628
cub_00042,occlusion,0,0,0.038657740398775786,0.7928698166040704
cub_00042,guided_backprop,0,0,0.031849689583759756,0.3471824187319726
cub_00044,gradcam,0,0,0.5417550263227896,0.40427040017675603
cub_00044,gradcam++,0,0,0.27086399677791634,0.6807844003546053
cub_00044,integrated_gradients,0,0,0.03600999307818711,0.7244883004575968
cub_00044,gradient_shap,0,0,0.034364396589808166,0.7695518387394258
cub_00044,occlusion,0,0,0.06767511082580313,0.7808628185419366
cub_00044,guided_backprop,0,0,0.03468955799471586,0.5841611797455698
cub_00050,gradcam,0,0,0.11264007306308486,0.09136917623691261
cub_00050,gradcam++,0,0,0.05931196284946055,0.1489087243535323
cub_00050,integrated_gradients,0,0,0.010249789780937133,0.09619792341545688
cub_00050,gradient_shap,0,0,0.010317473328905181,0.1135220408803434
cub_00050,occlusion,0,0,0.04453742181649432,0.08480575010180472
cub_00050,guided_backprop,0,0,0.009223229877534322,0.08808244921528965
cub_00055,gradcam,0,0,0.025535890564788135,0.31980042978975687
cub_00055,gradcam++,0,0,0.02348293879622361,0.32906793183938127
cub_00055,integrated_gradients,0,0,0.017914507794193922,0.13630506020854227
cub_00055,gradient_shap,0,0,0.017702472314704207,0.12678111994173377
cub_00055,occlusion,0,0,0.024372148420661686,0.34983879850769883
cub_00055,guided_backprop,0,0,0.019110430579166858,0.21077842503436842
cub_00065,gradcam,1,1,0.3057169820676791,0.5083985191740794
cub_00065,gradcam++,1,1,0.4388176652108086,0.5079071127554925
cub_00065,integrated_gradients,1,1,0.028167390488670212,0.5367551792805898
cub_00065,gradient_shap,1,1,0.027200337327667513,0.5408389317744877
cub_00065,occlusion,1,1,0.13537264365586454,0.6959446307999314
cub_00065,guided_backprop,1,1,0.04230617729190271,0.4171778512885794
cub_00072,gradcam,1,1,0.1811603038717294,0.8190276579902274
cub_00072,gradcam++,1,1,0.24558740116881383,0.7379872974270256
cub_00072,integrated_gradients,1,1,0.0410512540867785,0.45278555648619656
cub_00072,gradient_shap,1,1,0.0401586669468088,0.43395010401582107
cub_00072,occlusion,1,1,0.14555919787089808,0.8567356634390307
cub_00072,guided_backprop,1,1,0.0328896132123191,0.5917015494051157
cub_00073,gradcam,1,105,0.34814093623717784,0.2938726732740179
cub_00073,gradcam++,1,105,0.3193812105455436,0.22343736492694005
cub_00073,integrated_gradients,1,105,0.018706294405274094,0.503393327188678
cub_00073,gradient_shap,1,105,0.01765129710547626,0.4911804303759709
cub_00073,occlusion,1,105,0.016299433163658252,0.5337702999124304
cub_00073,guided_backprop,1,105,0.019054522691294557,0.27838745794724673
cub_00076,gradcam,1,1,0.3131908066294273,0.609805624259752
cub_00076,gradcam++,1,1,0.3131908066294273,0.609805624259752
cub_00076,integrated_gradients,1,1,0.030470569274621082,0.7329033248563064
cub_00076,gradient_shap,1,1,0.02963652456528507,0.7289339462615316
cub_00076,occlusion,1,1,0.04006028865987901,0.8805206629884196
cub_00076,guided_backprop,1,1,0.03476823743621935,0.8015890622220466
cub_00080,gradcam,1,1,0.06700790577742738,0.5930882531654788
cub_00080,gradcam++,1,1,0.04357579791394527,0.5988243022438837
cub_00080,integrated_gradients,1,1,0.02333922817488201,0.36480569119157735
cub_00080,gradient_shap,1,1,0.02500224203104154,0.340823682906921
cub_00080,occlusion,1,1,0.19320869063667487,0.4255928867351031
cub_00080,guided_backprop,1,1,0.0238501732936129,0.34809199442752287
cub_00083,gradcam,1,1,0.07237064534856474,0.6901252457377268
cub_00083,gradcam++,1,1,0.05204388844722417,0.7182210897764889
cub_00083,integrated_gradients,1,1,0.025229693783330735,0.7114521267678356
cub_00083,gradient_shap,1,1,0.025020614595268855,0.8019199207861676
cub_00083,occlusion,1,1,0.0554404924827395,0.761413318986888
cub_00083,guided_backprop,1,1,0.029665774761815554,0.7178513497550738
cub_00101,gradcam,1,1,0.3036512955790385,0.16779119697821443
cub_00101,gradcam++,1,1,0.030372340793837795,0.39196504483406897
cub_00101,integrated_gradients,1,1,0.013051646854728462,0.12594802090097798
cub_00101,gradient_shap,1,1,0.013296677271137015,0.20266383334601412
cub_00101,occlusion,1,1,0.04660670005396242,0.4074917074438417
cub_00101,guided_backprop,1,1,0.012936675519449638,0.2655748875411518
cub_00108,gradcam,1,1,0.6274953914195068,0.22405622091755495
cub_00108,gradcam++,1,1,0.033307869742566255,0.7871972875815116
cub_00108,integrated_gradients,1,1,0.027786040728096855,0.7926528804324333
cub_00108,gradient_shap,1,1,0.027039330030675043,0.8015154583583353
cub_00108,occlusion,1,1,0.038725604275123254,0.6264221109304344
cub_00108,guided_backprop,1,1,0.026558099885005505,0.6153007657587295
cub_00109,gradcam,1,1,0.14623025409964613,0.20955763333186042
cub_00109,gradcam++,1,1,0.1791586694045691,0.2480465703149093
cub_00109,integrated_gradients,1,1,0.01405363994272193,0.17594400328162008
cub_00109,gradient_shap,1,1,0.017881701933947624,0.18522168748895637
cub_00109,occlusion,1,1,0.21258335374004675,0.0871865554130636
cub_00109,guided_backprop,1,1,0.012305559924425325,0.06204282633552791
cub_00110,gradcam,1,1,0.2742017455908353,0.19600246164773125
cub_00110,gradcam++,1,1,0.02176208436721936,0.5881154623784823
cub_00110,integrated_gradients,1,1,0.016336481086909774,0.27842281964403814
cub_00110,gradient_shap,1,1,0.015583177490043454,0.35549760803696695
cub_00110,occlusion,1,1,0.01650906228169333,0.43137354149657775
cub_00110,guided_backprop,1,1,0.014471104338008444,0.16426298806618433
cub_00118,gradcam,1,1,0.1491561705392087,0.8715504131017953
cub_00118,gradcam++,1,1,0.2116446229192661,0.7398138857155573
cub_00118,integrated_gradients,1,1,0.029702153132529933,0.5563457074778853
cub_00118,gradient_shap,1,1,0.029172261244093535,0.48519142877485133
cub_00118,occlusion,1,1,0.17098211606789848,0.8821814719092799
cub_00118,guided_backprop,1,1,0.02859247957821936,0.5532603380124782
cub_00120,gradcam,1,1,0.04128274790127762,0.8101389062096132
cub_00120,gradcam++,1,1,0.09106809566728773,0.7664526317472339
cub_00120,integrated_gradients,1,1,0.02494998482579831,0.808630286945845
cub_00120,gradient_shap,1,1,0.025039197591831906,0.8038481797528221
cub_00120,occlusion,1,1,0.07134839110149188,0.701533778148587
cub_00120,guided_backprop,1,1,0.024502912376192402,0.7049418473121477
cub_00127,gradcam,2,2,0.4768946183641675,0.29159901690145484
cub_00127,gradcam++,2,2,0.030405494570732116,0.5840603702701628
cub_00127,integrated_gradients,2,2,0.021268959490407725,0.5229453430511056
cub_00127,gradient_shap,2,2,0.02152565112955926,0.5507216089405118
cub_00127,occlusion,2,2,0.030476203560829168,0.826478646788746
cub_00127,guided_backprop,2,2,0.021448445843998343,0.5203938028775156
cub_00129,gradcam,2,2,0.5185283870319837,0.20424287245841694
cub_00129,gradcam++,2,2,0.04896597065817332,0.6003756613397854
cub_00129,integrated_gradients,2,2,0.026163402359816245,0.642853424034547
cub_00129,gradient_shap,2,2,0.025836791963229185,0.6566568073234522
cub_00129,occlusion,2,2,0.02989025739589124,0.6175555982626975
cub_00129,guided_backprop,2,2,0.026604559437691938,0.6041300068842246
cub_00134,gradcam,2,2,0.052915101289727325,0.8020560600794854
cub_00134,gradcam++,2,2,0.10470335103454999,0.7318727044243133
cub_00134,integrated_gradients,2,2,0.0223563813167857,0.6181405126349999
cub_00134,gradient_shap,2,2,0.02535959270026069,0.6299998010857962
cub_00134,occlusion,2,2,0.14594807029934598,0.8481833615340293
cub_00134,guided_backprop,2,2,0.026317356216168264,0.6637539395131171
cub_00139,gradcam,2,2,0.0453153661986562,0.30757076087174934
cub_00139,gradcam++,2,2,0.019403303864237383,0.40072167767211797
cub_00139,integrated_gradients,2,2,0.01840492288974929,0.3955854869753238
cub_00139,gradient_shap,2,2,0.018491001240181503,0.4036951528920326
cub_00139,occlusion,2,2,0.02041528739064234,0.23233147230930626
cub_00139,guided_backprop,2,2,0.018379907918642857,0.2782981425494654
cub_00144,gradcam,2,2,0.1427233381138649,0.843609568104148
cub_00144,gradcam++,2,2,0.10044614523867496,0.8496453438885511
cub_00144,integrated_gradients,2,2,0.08190681200649123,0.4968757674476364
cub_00144,gradient_shap,2,2,0.04225374425004703,0.5531766533356859
cub_00144,occlusion,2,2,0.03870508430700284,0.8951015048660338
cub_00144,guided_backprop,2,2,0.03759559846657793,0.7338486437220126
cub_00154,gradcam,2,2,0.040479180445981915,0.29999545239898
cub_00154,gradcam++,2,2,0.05790678426419619,0.29905521804612356
cub_00154,integrated_gradients,2,2,0.007201587919553276,0.21110937919002026
cub_00154,gradient_shap,2,2,0.007083290053196833,0.20787604370852933
cub_00154,occlusion,2,2,0.010234522272367031,0.4045314730145037
cub_00154,guided_backprop,2,2,0.007088180555001601,0.3315387956798076
cub_00156,gradcam,2,2,0.06495923020120244,0.8874330871738494
cub_00156,gradcam++,2,2,0.05822261676366906,0.8754219436086714
cub_00156,integrated_gradients,2,2,0.025720494529377903,0.5938185228820657
cub_00156,gradient_shap,2,2,0.026009256448742243,0.6306486945366487
cub_00156,occlusion,2,2,0.1531495145929512,0.948159142676741
cub_00156,guided_backprop,2,2,0.02568757491462748,0.7359782735467889
cub_00160,gradcam,2,2,0.19726355108723506,0.9055709057487548
cub_00160,gradcam++,2,2,0.38906771179172206,0.8089327504509128
cub_00160,integrated_gradients,2,2,0.029020920983748515,0.5498349609726575
cub_00160,gradient_shap,2,2,0.025454292563517812,0.5688129412548732
cub_00160,occlusion,2,2,0.16713918684981763,0.929903327766806
cub_00160,guided_backprop,2,2,0.03214101963676513,0.674487499357201
cub_00173,gradcam,2,2,0.5602632821537554,0.22604098379451898
cub_00173,gradcam++,2,2,0.07441248277318661,0.6244911571382544
cub_00173,integrated_gradients,2,2,0.023993077960767554,0.46977111074811545
cub_00173,gradient_shap,2,2,0.023778142812807344,0.5593402146594598
cub_00173,occlusion,2,2,0.04981697052135132,0.8376812604255974
cub_00173,guided_backprop,2,2,0.02387607556593139,0.29820175506756635
cub_00174,gradcam,2,2,0.6412048376441816,0.24755306069637295
cub_00174,gradcam++,2,2,0.028050388143310557,0.7044682496227325
cub_00174,integrated_gradients,2,2,0.02713383800000884,0.7363368872087449
cub_00174,gradient_shap,2,2,0.02708764715353027,0.6939301131875254
cub_00174,occlusion,2,2,0.027887070811266314,0.7483323001302777
cub_00174,guided_backprop,2,2,0.027103842096403243,0.685158373368904
cub_00175,gradcam,2,2,0.2712364694743883,0.5524144491699189
cub_00175,gradcam++,2,2,0.5109925175063836,0.4191134133987361
cub_00175,integrated_gradients,2,2,0.027172240444633643,0.6051590053015388
cub_00175,gradient_shap,2,2,0.026107474738091694,0.6254775034030898
cub_00175,occlusion,2,2,0.10836722718486275,0.9201798775233329
cub_00175,guided_backprop,2,2,0.030977275321492925,0.7441910088062286
cub_00176,gradcam,2,2,0.3574401713372936,0.6479766996810212
cub_00176,gradcam++,2,2,0.3574401713372936,0.6479766996810212
cub_00176,integrated_gradients,2,2,0.03410615627653897,0.6733241566922515
cub_00176,gradient_shap,2,2,0.0351871545179165,0.6989445489132778
cub_00176,occlusion,2,2,0.3273094505770133,0.9337550037540497
cub_00176,guided_backprop,2,2,0.04057273313192127,0.7503874388523399
cub_00182,gradcam,3,3,0.10960676944814624,0.20769042507163246
cub_00182,gradcam++,3,3,0.10941203260153999,0.4734505301690661
cub_00182,integrated_gradients,3,3,0.016899639565963295,0.47422368725528935
cub_00182,gradient_shap,3,3,0.017193008429603657,0.4373938172473572
cub_00182,occlusion,3,3,0.031722290092147894,0.6470951976138167
cub_00182,guided_backprop,3,3,0.0195153993437998,0.41777029017684986
cub_00187,gradcam,3,3,0.026463275490095844,0.6453383116837359
cub_00187,gradcam++,3,3,0.027097876897460085,0.6810843614744954
cub_00187,integrated_gradients,3,3,0.03068668138002977,0.5075376537512056
cub_00187,gradient_shap,3,3,0.031189350073691464,0.510747900127899
cub_00187,occlusion,3,3,0.025467721547465776,0.6927464865962975
cub_00187,guided_backprop,3,3,0.04202022353420034,0.38023951201466843
cub_00198,gradcam,3,3,0.5119104892946781,0.24907141106814376
cub_00198,gradcam++,3,3,0.29884308275650256,0.6036008889364893
cub_00198,integrated_gradients,3,3,0.04266306267818436,0.6169379697996192
cub_00198,gradient_shap,3,3,0.040116969554219395,0.6179682629997841
cub_00198,occlusion,3,3,0.07666651598410681,0.8592091189580969
cub_00198,guided_backprop,3,3,0.0676996502559632,0.6215530182584188
cub_00201,gradcam,3,3,0.06001367235339786,0.7699589294556063
cub_00201,gradcam++,3,3,0.05948918271133152,0.7850069013715256
cub_00201,integrated_gradients,3,3,0.028324834338855,0.801944227691274
cub_00201,gradient_shap,3,3,0.028995722450781615,0.823309137101751
cub_00201,occlusion,3,3,0.02665784549899399,0.8667707430082374
cub_00201,guided_backprop,3,3,0.033189256559126086,0.7251347632962281
cub_00202,gradcam,3,107,0.20167416692129336,0.09694441600295248
cub_00202,gradcam++,3,107,0.04540746843267697,0.17231617943616584
cub_00202,integrated_gradients,3,107,0.012655222971807233,0.0717682956077624
cub_00202,gradient_shap,3,107,0.013504415648640137,0.04668344928068108
cub_00202,occlusion,3,107,0.21207653016899713,0.2627069747832138
cub_00202,guided_backprop,3,107,0.011328648189009981,0.03185247214350964
cub_00203,gradcam,3,3,0.22355361896916295,0.6162639686546753
cub_00203,gradcam++,3,3,0.19925629589124585,0.6279251068015582
cub_00203,integrated_gradients,3,3,0.03313516220077873,0.43457485701655973
cub_00203,gradient_shap,3,3,0.02732933319639415,0.3679044277756474
cub_00203,occlusion,3,3,0.07171987540787086,0.7038028642884455
cub_00203,guided_backprop,3,3,0.03641159982653335,0.5344767703558317
cub_00217,gradcam,3,3,0.10199165118392557,0.7597030142205766
cub_00217,gradcam++,3,3,0.06688655274920167,0.7781848477083257
cub_00217,integrated_gradients,3,3,0.04653216338483617,0.6191088150138966
cub_00217,gradient_shap,3,3,0.04665056542726235,0.660689163848292
cub_00217,occlusion,3,3,0.3622360809124075,0.8416210742550903
cub_00217,guided_backprop,3,3,0.04037144595058635,0.7362589480238966
cub_00219,gradcam,3,3,0.08830676500219851,0.6468260010704399
cub_00219,gradcam++,3,3,0.06720689434587258,0.7185325820813887
cub_00219,integrated_gradients,3,3,0.04629694790346548,0.5377720325137488
cub_00219,gradient_shap,3,3,0.05215663540875539,0.5156681563123129
cub_00219,occlusion,3,3,0.03528309102403,0.8043215224402958
cub_00219,guided_backprop,3,3,0.04710997053189203,0.4123836014303379
cub_00222,gradcam,3,3,0.06369176558800975,0.49031451911432666
cub_00222,gradcam++,3,3,0.030992039648117496,0.5612015437218361
cub_00222,integrated_gradients,3,3,0.014837996935239062,0.16224277931032702
cub_00222,gradient_shap,3,3,0.015145556675270202,0.163170806679409
cub_00222,occlusion,3,3,0.012290125848085155,0.3469631256419234
cub_00222,guided_backprop,3,3,0.01715853153727949,0.21545235681114716
cub_00226,gradcam,3,3,0.0407494818296982,0.015553781640483063
cub_00226,gradcam++,3,3,0.008467269998800474,0.05658782817190512
cub_00226,integrated_gradients,3,3,0.009889546455815435,0.029235964536201205
cub_00226,gradient_shap,3,3,0.011025449910084719,0.02401513764634728
cub_00226,occlusion,3,3,0.016911164752673357,0.11195659969234838
cub_00226,guided_backprop,3,3,0.013221242174040528,0.028607897099573162
cub_00231,gradcam,3,3,0.034868892746453654,0.3620825179037638
cub_00231,gradcam++,3,3,0.044588832085264596,0.3481135048903525
cub_00231,integrated_gradients,3,3,0.014295403074356729,0.20034836035920306
cub_00231,gradient_shap,3,3,0.01446848665946163,0.1816997926100157
cub_00231,occlusion,3,3,0.01682325000292622,0.5467357503133825
cub_00231,guided_backprop,3,3,0.01634708785568364,0.17217755374731494
cub_00238,gradcam,3,3,0.05440596367698164,0.24077917147660627
cub_00238,gradcam++,3,3,0.043212748420774,0.2870167287881486
cub_00238,integrated_gradients,3,3,0.06023612277349456,0.21814432357205077
cub_00238,gradient_shap,3,3,0.058577748329844324,0.24229203545255584
cub_00238,occlusion,3,3,0.03315868256904651,0.2877244289644295
cub_00238,guided_backprop,3,3,0.033633645914960646,0.21471948492107912
cub_00251,gradcam,4,4,0.6371104172780179,0.38768139370949933
cub_00251,gradcam++,4,4,0.16987279806053268,0.7790232815896161
cub_00251,integrated_gradients,4,4,0.05675159321399406,0.8130333767388949
cub_00251,gradient_shap,4,4,0.04226111980387942,0.7989132555318065
cub_00251,occlusion,4,4,0.15227508485550062,0.7898557886481284
cub_00251,guided_backprop,4,4,0.044556802546139807,0.855634309456218
cub_00253,gradcam,4,4,0.051829936564899995,0.5664811230497435
cub_00253,gradcam++,4,4,0.03730670602526516,0.5285465665743686
cub_00253,integrated_gradients,4,4,0.031681089790072295,0.22589819638524206
cub_00253,gradient_shap,4,4,0.02974326744442806,0.2810253212461247
cub_00253,occlusion,4,4,0.02501832353300415,0.48410631780861874
cub_00253,guided_backprop,4,4,0.02295622034580447,0.16691797852981832
cub_00256,gradcam,4,4,0.13556229019013702,0.8455783308600076
cub_00256,gradcam++,4,4,0.1414091586659197,0.8416117460583336
cub_00256,integrated_gradients,4,4,0.08304930618032814,0.7260230433312246
cub_00256,gradient_shap,4,4,0.0838185753324069,0.7489382702042348
cub_00256,occlusion,4,4,0.05912127110059374,0.7365294321556576
cub_00256,guided_backprop,4,4,0.03127727669780143,0.7064213306759484
cub_00262,gradcam,4,4,0.15094505535671487,0.5960273749078623
cub_00262,gradcam++,4,4,0.17107533622765914,0.546384444180876
cub_00262,integrated_gradients,4,4,0.04754357667407022,0.6378628456615845
cub_00262,gradient_shap,4,4,0.030670893320348117,0.6762799691990948
cub_00262,occlusion,4,4,0.03233958416385577,0.7076039061998016
cub_00262,guided_backprop,4,4,0.02986321926582605,0.701983052736614
cub_00266,gradcam,4,4,0.0800758230907377,0.506684138730634
cub_00266,gradcam++,4,4,0.0794681657513138,0.507807149842847
cub_00266,integrated_gradients,4,4,0.028401431080419565,0.3202704784576781
cub_00266,gradient_shap,4,4,0.025517926539760084,0.42615705142961813
cub_00266,occlusion,4,4,0.05803164705866948,0.5281218958203681
cub_00266,guided_backprop,4,4,0.018430950239417144,0.3773375676129944
cub_00267,gradcam,4,4,0.03896115033421666,0.2490171635174193
cub_00267,gradcam++,4,4,0.02051641443977132,0.3877163731609471
cub_00267,integrated_gradients,4,4,0.013182228966616092,0.27060209709452465
cub_00267,gradient_shap,4,4,0.013475470064440742,0.2269542814348824
cub_00267,occlusion,4,4,0.011542478126648348,0.24154478228883816
cub_00267,guided_backprop,4,4,0.01352740426955279,0.19403468194650486
cub_00275,gradcam,4,45,0.11071742855128833,0.01873243515728972
cub_00275,gradcam++,4,45,0.019124840258155015,0.10982560625416228
cub_00275,integrated_gradients,4,45,0.0126823446189519,0.07143553773057645
cub_00275,gradient_shap,4,45,0.014932682836661116,0.07673062425456009
cub_00275,occlusion,4,45,0.02689978527487256,0.1588589260645676
cub_00275,guided_backprop,4,45,0.012609453842742369,0.03901757454150356
cub_00280,gradcam,4,4,0.14774992418242622,0.8212669120286591
cub_00280,gradcam++,4,4,0.13475980401271953,0.8339020402287133
cub_00280,integrated_gradients,4,4,0.047571111365687105,0.7752378660370596
cub_00280,gradient_shap,4,4,0.041216380789410326,0.8025404586573132
cub_00280,occlusion,4,4,0.028817539606825444,0.7348961369250901
cub_00280,guided_backprop,4,4,0.04285202625906095,0.7953432665322907
cub_00282,gradcam,4,4,0.12082215646514669,0.6625846190960146
cub_00282,gradcam++,4,4,0.08896279978798705,0.7012685024295934
cub_00282,integrated_gradients,4,4,0.04431175483623521,0.3764244266669266
cub_00282,gradient_shap,4,4,0.04380223465850577,0.44086120469728485
cub_00282,occlusion,4,4,0.040424930781591685,0.726645394519437
cub_00282,guided_backprop,4,4,0.027969693313934844,0.4232536777039058
cub_00283,gradcam,5,5,0.42648722885642204,0.9067743292544037
cub_00283,gradcam++,5,5,0.41691561671905225,0.9080788659397513
cub_00283,integrated_gradients,5,5,0.04269851707067574,0.7645583505218383
cub_00283,gradient_shap,5,5,0.04658900915819686,0.8016073920007328
cub_00283,occlusion,5,5,0.3301445460878313,0.9359783223364503
cub_00283,guided_backprop,5,5,0.11057599257910627,0.7469971165526658
cub_00300,gradcam,5,5,0.08987579187378288,0.688367914268747
cub_00300,gradcam++,5,5,0.07270615505985917,0.7259983024094254
cub_00300,integrated_gradients,5,5,0.02127592714386993,0.028249067065189565
cub_00300,gradient_shap,5,5,0.02185941957868636,0.03929113637714178
cub_00300,occlusion,5,5,0.08570840258616956,0.7656121699605137
cub_00300,guided_backprop,5,5,0.02196734369063052,0.14087064084596929
cub_00301,gradcam,5,5,0.22613971058744936,0.8775229813996702
cub_00301,gradcam++,5,5,0.21777334429789336,0.8802116943988949
cub_00301,integrated_gradients,5,5,0.042036362374346936,0.7631112349103205
cub_00301,gradient_shap,5,5,0.04968349990813296,0.7786685271421447
cub_00301,occlusion,5,5,0.19761938091833142,0.8477289960253983
cub_00301,guided_backprop,5,5,0.08835583945765395,0.8562567338813095
cub_00302,gradcam,5,5,0.32425351679557946,0.8668353206012399
cub_00302,gradcam++,5,5,0.31441829897230494,0.8714736549649388
cub_00302,integrated_gradients,5,5,0.08065641339926514,0.6633547886798623
cub_00302,gradient_shap,5,5,0.065496110075037,0.7596251674462109
cub_00302,occlusion,5,5,0.208789281337522,0.8823265975806861
cub_00302,guided_backprop,5,5,0.10229518728374387,0.6389901758520863
cub_00312,gradcam,5,5,0.08480781026883051,0.872234889725223
cub_00312,gradcam++,5,5,0.09840953606180847,0.8396707041654736
cub_00312,integrated_gradients,5,5,0.02492196750608855,0.4950568689557258
cub_00312,gradient_shap,5,5,0.0243493618501816,0.5642095034942031
cub_00312,occlusion,5,5,0.05509591579902917,0.8822677290532738
cub_00312,guided_backprop,5,5,0.024121392010420094,0.6615419321227818
cub_00318,gradcam,5,6,0.05444933153921738,0.21114703866187484
cub_00318,gradcam++,5,6,0.0576629945077002,0.2916538343764842
cub_00318,integrated_gradients,5,6,0.037138577637961134,0.10219678960711462
cub_00318,gradient_shap,5,6,0.04406384177855216,0.11242820956249489
cub_00318,occlusion,5,6,0.11333228617440909,0.12473663256969303
cub_00318,guided_backprop,5,6,0.011312659829854965,0.06572156137553974
cub_00320,gradcam,5,5,0.24401874872855842,0.6491579110268503
cub_00320,gradcam++,5,5,0.12023253368679436,0.8795482254121453
cub_00320,integrated_gradients,5,5,0.042590563950943766,0.8083406743709928
cub_00320,gradient_shap,5,5,0.04605161871004384,0.8196465943008661
cub_00320,occlusion,5,5,0.11418004762381315,0.9170369809959085
cub_00320,guided_backprop,5,5,0.06342897703580093,0.7947312204632908
cub_00321,gradcam,5,5,0.12206535651348531,0.5572077876422554
cub_00321,gradcam++,5,5,0.13424509218893946,0.62315439642407
cub_00321,integrated_gradients,5,5,0.020691840141080317,0.6743284887168556
cub_00321,gradient_shap,5,5,0.02138641045312397,0.6812347826780751
cub_00321,occlusion,5,5,0.1435763659887016,0.624722600961104
cub_00321,guided_backprop,5,5,0.05379389495938085,0.712823369866237
cub_00324,gradcam,6,6,0.24135195536073298,0.7514694607118145
cub_00324,gradcam++,6,6,0.24812565778847784,0.7599349504569546
cub_00324,integrated_gradients,6,6,0.04078092703130097,0.4538561418186872
cub_00324,gradient_shap,6,6,0.07825524585787205,0.5679502842249349
cub_00324,occlusion,6,6,0.20755328337545503,0.6396761160809548
cub_00324,guided_backprop,6,6,0.05726598615292461,0.4838338430272415
cub_00326,gradcam,6,6,0.26570566112641236,0.8857872845837846
cub_00326,gradcam++,6,6,0.2463064797804691,0.8980280539253725
cub_00326,integrated_gradients,6,6,0.10688845347613098,0.6764444283326156
cub_00326,gradient_shap,6,6,0.08273101222002881,0.736151292710565
cub_00326,occlusion,6,6,0.4063068621326238,0.8039111115038395
cub_00326,guided_backprop,6,6,0.09887867202050986,0.819282538862899
cub_00329,gradcam,6,6,0.08691938564879818,0.8623692074092104
cub_00329,gradcam++,6,6,0.07178465253673492,0.8602512256475167
cub_00329,integrated_gradients,6,6,0.08191134436056018,0.812566500972025
cub_00329,gradient_shap,6,6,0.07520747865200976,0.827538505778648
cub_00329,occlusion,6,6,0.05398667778354138,0.9322528338292613
cub_00329,guided_backprop,6,6,0.03917981552658604,0.8785531496861949
cub_00338,gradcam,6,6,0.06634334014961496,0.7296229792991653
cub_00338,gradcam++,6,6,0.06533948434516788,0.7308491645613686
cub_00338,integrated_gradients,6,6,0.03327026665210725,0.7485596748301758
cub_00338,gradient_shap,6,6,0.03330442449077964,0.7602912238100544
cub_00338,occlusion,6,6,0.16496263574226763,0.5036782481009141
cub_00338,guided_backprop,6,6,0.039060247677844016,0.7631401336053386
cub_00341,gradcam,6,6,0.088338321109768,0.7565081060631201
cub_00341,gradcam++,6,6,0.08644160776166246,0.7419557011686265
cub_00341,integrated_gradients,6,6,0.03256092662923037,0.6279270336264744
cub_00341,gradient_shap,6,6,0.029438605741597713,0.6762662867316975
cub_00341,occlusion,6,6,0.03317810136359186,0.8072357131401077
cub_00341,guided_backprop,6,6,0.03381705852225423,0.5576420302735642
cub_00347,gradcam,6,6,0.19136214881436905,0.8620726267108693
cub_00347,gradcam++,6,6,0.1863860539859161,0.8616644098656252
cub_00347,integrated_gradients,6,6,0.11111701156478378,0.91606704054866
cub_00347,gradient_shap,6,6,0.10786911596078427,0.9154025783995166
cub_00347,occlusion,6,6,0.32150889995973564,0.9369763827184217
cub_00347,guided_backprop,6,6,0.09489101667422803,0.8771634688833728
cub_00350,gradcam,6,6,0.18192532157991081,0.8925155883887782
cub_00350,gradcam++,6,6,0.13128983927890656,0.8788532888749614
cub_00350,integrated_gradients,6,6,0.13149442976573483,0.8033779975492507
cub_00350,gradient_shap,6,6,0.12527124936459588,0.7987134453607722
cub_00350,occlusion,6,6,0.20849852232495325,0.7983728664228693
cub_00350,guided_backprop,6,6,0.05121790788834916,0.8175705202156679
cub_00354,gradcam,6,6,0.026992837779107503,0.7905442601302638
cub_00354,gradcam++,6,6,0.02769267117400887,0.7901185101130976
cub_00354,integrated_gradients,6,6,0.01988454938982613,0.6781991532305255
cub_00354,gradient_shap,6,6,0.0193160604510922,0.6841094529489053
cub_00354,occlusion,6,6,0.017951762976736067,0.7634590065339582
cub_00354,guided_backprop,6,6,0.018802251062879805,0.6780935002723708
cub_00369,gradcam,6,6,0.29889372636680495,0.924263053224422
cub_00369,gradcam++,6,6,0.2756378426856827,0.9171849718550221
cub_00369,integrated_gradients,6,6,0.09578879005275667,0.6632631950778887
cub_00369,gradient_shap,6,6,0.12963976645842198,0.7872941432287918
cub_00369,occlusion,6,6,0.3210017110221088,0.9017785335192458
cub_00369,guided_backprop,6,6,0.09011200664099309,0.766707896743901
cub_00370,gradcam,6,6,0.23842000465374438,0.9034795223968103
cub_00370,gradcam++,6,6,0.24455864990595733,0.9029681186424569
cub_00370,integrated_gradients,6,6,0.11809472487075257,0.7808499255683274
cub_00370,gradient_shap,6,6,0.13010633143130693,0.795683060796
cub_00370,occlusion,6,6,0.28707934562116866,0.9098488712916151
cub_00370,guided_backprop,6,6,0.10762026120210066,0.7692117031896486
cub_00371,gradcam,6,6,0.08256638958118857,0.6696966065326705
cub_00371,gradcam++,6,6,0.08801574422977865,0.6637168497079984
cub_00371,integrated_gradients,6,6,0.03173830525047378,0.4072648052009754
cub_00371,gradient_shap,6,6,0.034336593572516,0.492070910858456
cub_00371,occlusion,6,6,0.06592759315390141,0.7135445694439113
cub_00371,guided_backprop,6,6,0.027008071061572995,0.377277929498814
cub_00377,gradcam,7,7,0.22489241987350397,0.12856111831497397
cub_00377,gradcam++,7,7,0.2361752697150223,0.16176272428128868
cub_00377,integrated_gradients,7,7,0.03195137685397641,0.21997330357553435
cub_00377,gradient_shap,7,7,0.03903100040042773,0.2721570810768753
cub_00377,occlusion,7,7,0.07358571314252914,0.42636941553791985
cub_00377,guided_backprop,7,7,0.020627311727730562,0.20458827796392143
cub_00382,gradcam,7,7,0.2820262754801661,0.7066057466436176
cub_00382,gradcam++,7,7,0.12725954910274598,0.6607607958838344
cub_00382,integrated_gradients,7,7,0.0677807036554441,0.6174795503960921
cub_00382,gradient_shap,7,7,0.06223303612787277,0.65280572900665
cub_00382,occlusion,7,7,0.07818399232346565,0.7492890589404851
cub_00382,guided_backprop,7,7,0.033505705150309956,0.5878754999255761
cub_00395,gradcam,7,64,0.023711324037867597,0.13076745431753806
cub_00395,gradcam++,7,64,0.024294657242717226,0.12102673677145502
cub_00395,integrated_gradients,7,64,0.007806355532375163,0.019516488070803452
cub_00395,gradient_shap,7,64,0.007632644168916158,0.028853120795974962
cub_00395,occlusion,7,64,0.013023870020697359,0.2271257000043988
cub_00395,guided_backprop,7,64,0.007446609938779148,0.007538862630326539
cub_00402,gradcam,7,7,0.2174844196182676,0.6572895661229268
cub_00402,gradcam++,7,7,0.1532688981387764,0.7015978289768099
cub_00402,integrated_gradients,7,7,0.12708691408624873,0.4718838406552095
cub_00402,gradient_shap,7,7,0.07927338860463351,0.5518361747905146
cub_00402,occlusion,7,7,0.12799432163592428,0.6519049614900723
cub_00402,guided_backprop,7,7,0.07056152104632929,0.6077091848012061
cub_00406,gradcam,7,7,0.22731889387359844,0.35817121965374094
cub_00406,gradcam++,7,7,0.12316612649592573,0.387089115222625
cub_00406,integrated_gradients,7,7,0.02395337803754956,0.516915161156794
cub_00406,gradient_shap,7,7,0.02600672305561602,0.5356771182385274
cub_00406,occlusion,7,7,0.032445822469890126,0.4048932154197245
cub_00406,guided_backprop,7,7,0.022423302935203542,0.5442628426942974
cub_00407,gradcam,7,7,0.13409179871086965,0.42911290986521633
cub_00407,gradcam++,7,7,0.13595684867177626,0.7983056745026261
cub_00407,integrated_gradients,7,7,0.13336006306344644,0.6842003440251575
cub_00407,gradient_shap,7,7,0.1028599907993339,0.7655772656202317
cub_00407,occlusion,7,7,0.07773151515284553,0.7111590166576206
cub_00407,guided_backprop,7,7,0.10792813799344003,0.5999252672772853
cub_00408,gradcam,7,7,0.025376256497111175,0.5687896801216994
cub_00408,gradcam++,7,7,0.02557932848576457,0.6064275617711248
cub_00408,integrated_gradients,7,7,0.025149506877642128,0.673566714930348
cub_00408,gradient_shap,7,7,0.02566490543540567,0.6375632738345303
cub_00408,occlusion,7,7,0.02880253416951746,0.46839977870695293
cub_00408,guided_backprop,7,7,0.025226049090269948,0.5973421914794017
cub_00413,gradcam,7,7,0.19589377951342615,0.3827935786626767
cub_00413,gradcam++,7,7,0.021964414713875165,0.5423723319079727
cub_00413,integrated_gradients,7,7,0.030902075284393506,0.41398616426740764
cub_00413,gradient_shap,7,7,0.032081075530732056,0.3469860657816753
cub_00413,occlusion,7,7,0.0302298104390502,0.46331215738318854
cub_00413,guided_backprop,7,7,0.01989488302351674,0.3536330908274976
cub_00424,gradcam,7,7,0.41876861893106254,0.32116343041416257
cub_00424,gradcam++,7,7,0.037352059746626774,0.783175727026537
cub_00424,integrated_gradients,7,7,0.030898962076753377,0.6015523985726758
cub_00424,gradient_shap,7,7,0.030165029637282716,0.6804097906686366
cub_00424,occlusion,7,7,0.03001771576236933,0.837476468877867
cub_00424,guided_backprop,7,7,0.02567026967299171,0.5608422882796731
cub_00430,gradcam,8,8,0.0392554094141815,0.21529738946992436
cub_00430,gradcam++,8,8,0.04461290218823707,0.20362556326435877
cub_00430,integrated_gradients,8,8,0.0693046916159801,0.44811862477799874
cub_00430,gradient_shap,8,8,0.05943003449356184,0.5310436050756835
cub_00430,occlusion,8,8,0.020509898876116497,0.27383635537989903
cub_00430,guided_backprop,8,8,0.06879049026174472,0.507707195484545
cub_00431,gradcam,8,198,0.22237036847509448,0.06869599028141236
cub_00431,gradcam++,8,198,0.014078453369438651,0.1795199999818578
cub_00431,integrated_gradients,8,198,0.06444358290173113,0.185679598711431
cub_00431,gradient_shap,8,198,0.053268945310264826,0.2395311258733272
cub_00431,occlusion,8,198,0.01632823385007214,0.48990156562067566
cub_00431,guided_backprop,8,198,0.041436411230824886,0.30565108633600174
cub_00432,gradcam,8,8,0.3586147285532206,0.335930612339871
cub_00432,gradcam++,8,8,0.1421846686047502,0.5339986271574162
cub_00432,integrated_gradients,8,8,0.060855543671641504,0.764639437047299
cub_00432,gradient_shap,8,8,0.049373933800961826,0.7609324385295624
cub_00432,occlusion,8,8,0.029117142356699335,0.4652208707644604
cub_00432,guided_backprop,8,8,0.029978486185427755,0.7104347656830214
cub_00435,gradcam,8,25,0.06844492650125178,0.3399153656209819
cub_00435,gradcam++,8,25,0.055738398159155635,0.46204419403802605
cub_00435,integrated_gradients,8,25,0.01321694885555189,0.2299768912256695
cub_00435,gradient_shap,8,25,0.012930272056837564,0.17780606920132414
cub_00435,occlusion,8,25,0.021744767250493166,0.1474590800120495
cub_00435,guided_backprop,8,25,0.010921979951672257,0.09639600146329028
cub_00442,gradcam,8,48,0.011149916241265604,0.16916708141579875
cub_00442,gradcam++,8,48,0.009447963079946931,0.15623845703084951
cub_00442,integrated_gradients,8,48,0.007391058540088124,0.1578930602845503
cub_00442,gradient_shap,8,48,0.007247651546640555,0.11748945230501703
cub_00442,occlusion,8,48,0.02239302605739795,0.258893365500262
cub_00442,guided_backprop,8,48,0.007109198357647984,0.10683782803243957
cub_00445,gradcam,8,10,0.02286931225589797,0.3699579564236046
cub_00445,gradcam++,8,10,0.018934369397902627,0.40795004821848124
cub_00445,integrated_gradients,8,10,0.019013368405285287,0.38071682684530966
cub_00445,gradient_shap,8,10,0.018158858858805617,0.3627388345019426
cub_00445,occlusion,8,10,0.018533249064421397,0.4876972024925635
cub_00445,guided_backprop,8,10,0.017916624082135967,0.44197335904464125
cub_00447,gradcam,8,26,0.008872240173514002,0.11787165818968787
cub_00447,gradcam++,8,26,0.006111566493927966,0.11170420515118167
cub_00447,integrated_gradients,8,26,0.00530979586619651,0.00905608598259277
cub_00447,gradient_shap,8,26,0.005596693026745924,0.007172148281097173
cub_00447,occlusion,8,26,0.005627298920990142,0.07746764117619023
cub_00447,guided_backprop,8,26,0.005398147685627919,0.010646486855694087
cub_00448,gradcam,8,141,0.008359783126797991,0.18038136820541695
cub_00448,gradcam++,8,141,0.008147791258670621,0.18308120277943088
cub_00448,integrated_gradients,8,141,0.005110977151525731,0.020258805591947742
cub_00448,gradient_shap,8,141,0.0050833842355132225,0.025790910710747985
cub_00448,occlusion,8,141,0.009704638885159511,0.10043350673513486
cub_00448,guided_backprop,8,141,0.0052260372960518,0.01749327210127375
cub_00467,gradcam,8,18,0.04047584896616173,0.6187841712904628
cub_00467,gradcam++,8,18,0.034929269686108454,0.6119749813748058
cub_00467,integrated_gradients,8,18,0.021895950887119393,0.6316847742360551
cub_00467,gradient_shap,8,18,0.024143312628439162,0.6958643662859687
cub_00467,occlusion,8,18,0.019226313162653236,0.6663235446379986
cub_00467,guided_backprop,8,18,0.02254797331261216,0.5170534643286373
cub_00469,gradcam,8,8,0.029305993550224237,0.863984566682484
cub_00469,gradcam++,8,8,0.044426772906444964,0.861690092633944
cub_00469,integrated_gradients,8,8,0.08890770984580741,0.8280079360469245
cub_00469,gradient_shap,8,8,0.10060754934092984,0.8444003536715172
cub_00469,occlusion,8,8,0.0386461684058304,0.7805592297925613
cub_00469,guided_backprop,8,8,0.08241033271187917,0.8290015229838901
cub_00472,gradcam,8,90,0.023881054685989514,0.3647965871787165
cub_00472,gradcam++,8,90,0.022021761297946793,0.1518762596708257
cub_00472,integrated_gradients,8,90,0.00724773197725881,0.05056868541723815
cub_00472,gradient_shap,8,90,0.007005460246728035,0.07054480599617818
cub_00472,occlusion,8,90,0.013422609580447898,0.1944255414127838
cub_00472,guided_backprop,8,90,0.006840557683972291,0.07040175795846153
cub_00477,gradcam,8,8,0.3742903835183824,0.6983129811822436
cub_00477,gradcam++,8,8,0.4384006821142975,0.7189548842026852
cub_00477,integrated_gradients,8,8,0.07558241031365469,0.8000162302399986
cub_00477,gradient_shap,8,8,0.09184884536080062,0.8143529317690991
cub_00477,occlusion,8,8,0.03211413514509331,0.8258418093784712
cub_00477,guided_backprop,8,8,0.04659223800408653,0.8464600890292787
cub_00484,gradcam,9,9,0.03647812925046309,0.9234476800018455
cub_00484,gradcam++,9,9,0.031058398344612218,0.9214455629640724
cub_00484,integrated_gradients,9,9,0.027927435538731518,0.8796423631662036
cub_00484,gradient_shap,9,9,0.027804169693263246,0.8749285782629159
cub_00484,occlusion,9,9,0.027708651404827835,0.8948896962159779
cub_00484,guided_backprop,9,9,0.028012288833269852,0.8137314963096287
cub_00486,gradcam,9,9,0.03346570897265337,0.9040695751958993
cub_00486,gradcam++,9,9,0.03354124330799096,0.903734564309707
cub_00486,integrated_gradients,9,9,0.026114133588271214,0.823404734855285
cub_00486,gradient_shap,9,9,0.026356219605077055,0.8478241498523857
cub_00486,occlusion,9,9,0.1574640950828325,0.9305273170524743
cub_00486,guided_backprop,9,9,0.026258203841280192,0.8134307074302342
cub_00488,gradcam,9,9,0.03717668973258697,0.551565845393634
cub_00488,gradcam++,9,9,0.19710168810561302,0.2842488416936248
cub_00488,integrated_gradients,9,9,0.023565257230075083,0.37517538866377437
cub_00488,gradient_shap,9,9,0.023356874700402847,0.3783493853581603
cub_00488,occlusion,9,9,0.024091935303295033,0.63530966033577
cub_00488,guided_backprop,9,9,0.02299713250104105,0.31135249800863674
cub_00490,gradcam,9,9,0.23776212915836376,0.202527466713218
cub_00490,gradcam++,9,9,0.013424000330269338,0.3723142755159643
cub_00490,integrated_gradients,9,9,0.011915749110630713,0.41284958971082225
cub_00490,gradient_shap,9,9,0.012500117387389762,0.5308068807178642
cub_00490,occlusion,9,9,0.012589010834926742,0.2922220676147844
cub_00490,guided_backprop,9,9,0.014929083152674142,0.4323523382598069
cub_00494,gradcam,9,9,0.03073185211396776,0.8682135860377457
cub_00494,gradcam++,9,9,0.03030552851851098,0.8713652173930314
cub_00494,integrated_gradients,9,9,0.023735750227933748,0.41259962273179557
cub_00494,gradient_shap,9,9,0.0238012641966634,0.45557150234817523
cub_00494,occlusion,9,9,0.027758890838595104,0.8262153147661594
cub_00494,guided_backprop,9,9,0.025214114133268593,0.5426406714424956
cub_00500,gradcam,9,9,0.5152815764420667,0.3346863112499704
cub_00500,gradcam++,9,9,0.02521924654138275,0.8062043781334068
cub_00500,integrated_gradients,9,9,0.023454429669436654,0.6532877025136258
cub_00500,gradient_shap,9,9,0.023874302822514442,0.6800163112522569
cub_00500,occlusion,9,9,0.026783727569272744,0.8057883227185813
cub_00500,guided_backprop,9,9,0.02444879342219792,0.4790817800851073
cub_00505,gradcam,9,9,0.07358333249285354,0.9359024102741388
cub_00505,gradcam++,9,9,0.03623360948404298,0.9319911147409584
cub_00505,integrated_gradients,9,9,0.026298237952869386,0.872200059419265
cub_00505,gradient_shap,9,9,0.02699274563638028,0.8956212426477576
cub_00505,occlusion,9,9,0.037711827858584006,0.9145378316694405
cub_00505,guided_backprop,9,9,0.029703215166227894,0.9269332255178596
cub_00508,gradcam,9,9,0.07456647656508722,0.862045421352377
cub_00508,gradcam++,9,9,0.027325971436221154,0.9090534816437866
cub_00508,integrated_gradients,9,9,0.03007492220494896,0.8156961695232894
cub_00508,gradient_shap,9,9,0.030813486565602944,0.8051592435629572
cub_00508,occlusion,9,9,0.02984022616001312,0.8961766536289361
cub_00508,guided_backprop,9,9,0.03186854386876802,0.7750486656033899
cub_00512,gradcam,9,9,0.03593799856607803,0.82185473748832
cub_00512,gradcam++,9,9,0.02507868015090935,0.817615431820741
cub_00512,integrated_gradients,9,9,0.02411873976525385,0.5723056719580198
cub_00512,gradient_shap,9,9,0.023551548912655568,0.5507624834717717
cub_00512,occlusion,9,9,0.028472710865025883,0.8266215940879194
cub_00512,guided_backprop,9,9,0.023983186754048803,0.42652901731780724
cub_00521,gradcam,9,9,0.08269332551863046,0.7097294022270944
cub_00521,gradcam++,9,9,0.42419820268405606,0.4687161593639757
cub_00521,integrated_gradients,9,9,0.026506371881259837,0.29447190039209087
cub_00521,gradient_shap,9,9,0.026152060549793528,0.3211894113512243
cub_00521,occlusion,9,9,0.09955395198194311,0.6589464643911923
cub_00521,guided_backprop,9,9,0.02674040147394408,0.19539487717556764
cub_00532,gradcam,9,9,0.03162429114454426,0.9293389867001678
cub_00532,gradcam++,9,9,0.03209151649498382,0.9287115643674042
cub_00532,integrated_gradients,9,9,0.027252610231516882,0.8344256396347192
cub_00532,gradient_shap,9,9,0.027777547290315854,0.8662391136342193
cub_00532,occlusion,9,9,0.03005531780072488,0.9023308853560592
cub_00532,guided_backprop,9,9,0.026904566178563984,0.7441901850455905
cub_00538,gradcam,9,9,0.5404049488657618,0.041071230606758005
cub_00538,gradcam++,9,9,0.02948824583436363,0.7742662246280816
cub_00538,integrated_gradients,9,9,0.025772431667428465,0.5827119252586271
cub_00538,gradient_shap,9,9,0.02439507799426792,0.5695118172967341
cub_00538,occlusion,9,9,0.028776613487571014,0.7880491490417625
cub_00538,guided_backprop,9,9,0.02630644601304084,0.490932025242364
cub_00554,gradcam,10,10,0.0472497128894247,0.6487922220083419
cub_00554,gradcam++,10,10,0.05027229770093983,0.5899307670770214
cub_00554,integrated_gradients,10,10,0.026725409395294265,0.19021540501271372
cub_00554,gradient_shap,10,10,0.023651064604928253,0.1710239598265616
cub_00554,occlusion,10,10,0.0286182868621836,0.5242127889796393
cub_00554,guided_backprop,10,10,0.023104438715381547,0.1632463596761226
cub_00558,gradcam,10,10,0.13163221314971452,0.7196605217439355
cub_00558,gradcam++,10,10,0.10811592671525432,0.7219793523116095
cub_00558,integrated_gradients,10,10,0.06328902893583291,0.5474407781250191
cub_00558,gradient_shap,10,10,0.04972263496310916,0.3406291243853047
cub_00558,occlusion,10,10,0.05018624283984536,0.6789402505630279
cub_00558,guided_backprop,10,10,0.03369152516243048,0.7608449796680361
cub_00565,gradcam,10,10,0.11200784237880726,0.40898628884460775
cub_00565,gradcam++,10,10,0.2195727253929363,0.43574908124282963
cub_00565,integrated_gradients,10,10,0.02640148795035202,0.5237108828761848
cub_00565,gradient_shap,10,10,0.01903499760082923,0.5149389266327489
cub_00565,occlusion,10,10,0.04162027259726528,0.16575601271470075
cub_00565,guided_backprop,10,10,0.026782981635187754,0.6472425300395115
cub_00574,gradcam,10,10,0.06236064950062429,0.3772972451042732
cub_00574,gradcam++,10,10,0.05500406167993788,0.45766759308462496
cub_00574,integrated_gradients,10,10,0.025070085900370034,0.38886081088712676
cub_00574,gradient_shap,10,10,0.024098817573394625,0.430562118178932
cub_00574,occlusion,10,10,0.0223934923458728,0.48503204442095005
cub_00574,guided_backprop,10,10,0.02419124289008323,0.4768679090979276
cub_00577,gradcam,10,10,0.18753675417392515,0.5395220327423885
cub_00577,gradcam++,10,10,0.2108785609540064,0.5126515577663668
cub_00577,integrated_gradients,10,10,0.051671526004793134,0.5258354629564564
cub_00577,gradient_shap,10,10,0.04134422408242244,0.5861051362822763
cub_00577,occlusion,10,10,0.05335402307973709,0.513919651391916
cub_00577,guided_backprop,10,10,0.03927019094699063,0.49204130406724284
cub_00584,gradcam,10,10,0.025343655512915578,0.2821363070659572
cub_00584,gradcam++,10,10,0.023101281262279377,0.28359930877923034
cub_00584,integrated_gradients,10,10,0.009673086032398715,0.14778870227746663
cub_00584,gradient_shap,10,10,0.009006286455041843,0.0929270703170914
cub_00584,occlusion,10,10,0.00911244526196242,0.4490868573484477
cub_00584,guided_backprop,10,10,0.00927260824391851,0.10547969539184121
cub_00585,gradcam,10,10,0.02630081268143841,0.26913515729247584
cub_00585,gradcam++,10,10,0.024667423175560546,0.40775209192725004
cub_00585,integrated_gradients,10,10,0.020133269522921184,0.224569988111034
cub_00585,gradient_shap,10,10,0.020312387881131145,0.22631416314980013
cub_00585,occlusion,10,10,0.022414011066939566,0.4323461973690428
cub_00585,guided_backprop,10,10,0.020913958229357377,0.167380309861619
cub_00586,gradcam,10,10,0.0770230953930877,0.6548511038708966
cub_00586,gradcam++,10,10,0.09082557703077326,0.6460776115127373
cub_00586,integrated_gradients,10,10,0.03095897504244931,0.4276048895553686
cub_00586,gradient_shap,10,10,0.028340191421011695,0.2931558643176686
cub_00586,occlusion,10,10,0.031686731251102176,0.6637809784151614
cub_00586,guided_backprop,10,10,0.028436912363395097,0.43555439355550335
cub_00590,gradcam,10,48,0.03478070918936283,0.5661126103892457
cub_00590,gradcam++,10,48,0.034936008608201514,0.5492572311602998
cub_00590,integrated_gradients,10,48,0.0194177467332338,0.4355053098232019
cub_00590,gradient_shap,10,48,0.019286266299604907,0.4482467437686865
cub_00590,occlusion,10,48,0.07055217804736459,0.7878308049344923
cub_00590,guided_backprop,10,48,0.020376543188467624,0.4705703850777355
cub_00593,gradcam,10,192,0.014800428059243132,0.08763655479851877
cub_00593,gradcam++,10,192,0.010372259654468507,0.11335563224565702
cub_00593,integrated_gradients,10,192,0.023939898851676845,0.33526545382919726
cub_00593,gradient_shap,10,192,0.03395691085752334,0.3707275010587182
cub_00593,occlusion,10,192,0.007915774548018818,0.20437993539380842
cub_00593,guided_backprop,10,192,0.017755518708145245,0.3678271667740774
cub_00600,gradcam,10,10,0.1351253115863074,0.4212612485745922
cub_00600,gradcam++,10,10,0.11425274772918785,0.46222794794011857
cub_00600,integrated_gradients,10,10,0.02422071317851078,0.39063395306584425
cub_00600,gradient_shap,10,10,0.024454571469686926,0.35490122244227673
cub_00600,occlusion,10,10,0.05260384251414507,0.31637443199288096
cub_00600,guided_backprop,10,10,0.02811355369340163,0.28033099716994914
cub_00603,gradcam,10,21,0.12665083666797727,0.21681332666630626
cub_00603,gradcam++,10,21,0.14036316254641862,0.16463728842791173
cub_00603,integrated_gradients,10,21,0.23701197949703787,0.13829098159912973
cub_00603,gradient_shap,10,21,0.1283015914494172,0.18181350827217102
cub_00603,occlusion,10,21,0.03316130751045421,0.19530548627953975
cub_00603,guided_backprop,10,21,0.11539988170843574,0.32039435112383213
cub_00611,gradcam,11,11,0.12313672712189146,0.8772894298599567
cub_00611,gradcam++,11,11,0.11069459067366554,0.8813415085838641
cub_00611,integrated_gradients,11,11,0.03055510143167339,0.7906923598784488
cub_00611,gradient_shap,11,11,0.02762352307327092,0.8260781322664117
cub_00611,occlusion,11,11,0.18243773573340152,0.8034183267212938
cub_00611,guided_backprop,11,11,0.04276390871382318,0.7590306511090603
cub_00613,gradcam,11,11,0.21217038188478907,0.18310477798222563
cub_00613,gradcam++,11,11,0.012756355873352731,0.39494844953878777
cub_00613,integrated_gradients,11,11,0.012743005796073703,0.2397848405817058
cub_00613,gradient_shap,11,11,0.01253052748870687,0.26679100654437204
cub_00613,occlusion,11,11,0.011711208171618638,0.3018882409611251
cub_00613,guided_backprop,11,11,0.012232555770606269,0.21169825861579736
cub_00615,gradcam,11,11,0.7079770103358898,0.3420014885865384
cub_00615,gradcam++,11,11,0.09616960769344589,0.8617089446692261
cub_00615,integrated_gradients,11,11,0.026262507989304133,0.800223829591414
cub_00615,gradient_shap,11,11,0.026801270642317833,0.8191430368402507
cub_00615,occlusion,11,11,0.03221908287378029,0.8949445372389165
cub_00615,guided_backprop,11,11,0.02710216926061548,0.6815961709187832
cub_00620,gradcam,11,11,0.08133388667265536,0.8111273709277158
cub_00620,gradcam++,11,11,0.032849430820715494,0.8513905575440731
cub_00620,integrated_gradients,11,11,0.024873270220996346,0.8148996302799787
cub_00620,gradient_shap,11,11,0.024039147532312198,0.8200512817071285
cub_00620,occlusion,11,11,0.023359712364617737,0.9019605612324085
cub_00620,guided_backprop,11,11,0.02354702060074487,0.7018895259068814
cub_00623,gradcam,11,11,0.12213032566942277,0.9214743127988184
cub_00623,gradcam++,11,11,0.12343739653879313,0.9164673766063061
cub_00623,integrated_gradients,11,11,0.026809794158907607,0.9061363419459666
cub_00623,gradient_shap,11,11,0.026589216827414927,0.9242416491673795
cub_00623,occlusion,11,11,0.04173454865522217,0.9412630012200679
cub_00623,guided_backprop,11,11,0.027199670573463664,0.8936665227578489
cub_00626,gradcam,11,11,0.08594515849890741,0.9285311600135172
cub_00626,gradcam++,11,11,0.09857205638618326,0.9443872114585247
cub_00626,integrated_gradients,11,11,0.02800351299811155,0.8648895613790957
cub_00626,gradient_shap,11,11,0.029081687872530897,0.8799825816357043
cub_00626,occlusion,11,11,0.0513953042369394,0.8954938715265597
cub_00626,guided_backprop,11,11,0.029521254557766954,0.8028075920359696
cub_00627,gradcam,11,11,0.13992917822324677,0.6756782676966395
cub_00627,gradcam++,11,11,0.05291532943374478,0.7436221903131809
cub_00627,integrated_gradients,11,11,0.02411816885869484,0.7044596468971576
cub_00627,gradient_shap,11,11,0.02346122285234742,0.7115492550597992
cub_00627,occlusion,11,11,0.030934213520959025,0.6748076261894311
cub_00627,guided_backprop,11,11,0.02855479721911252,0.609003924386343
cub_00631,gradcam,11,11,0.1703998449549545,0.8584263075550552
cub_00631,gradcam++,11,11,0.2135018846318417,0.8390631190137356
cub_00631,integrated_gradients,11,11,0.027007158577907826,0.835098288761219
cub_00631,gradient_shap,11,11,0.02739450705121272,0.8426129145489539
cub_00631,occlusion,11,11,0.10902072943281382,0.8287473160715308
cub_00631,guided_backprop,11,11,0.027134029258741074,0.7971436364518012
cub_00632,gradcam,11,11,0.11118508479339653,0.07519471085106488
cub_00632,gradcam++,11,11,0.014843892358476295,0.1752108679327648
cub_00632,integrated_gradients,11,11,0.009947646723594515,0.14448762907995838
cub_00632,gradient_shap,11,11,0.00987204292905517,0.12499926238670013
cub_00632,occlusion,11,11,0.008622253012435977,0.17419618488638658
cub_00632,guided_backprop,11,11,0.009545988266472705,0.11818751857499592
cub_00636,gradcam,11,11,0.09204964806622229,0.7811888707743493
cub_00636,gradcam++,11,11,0.09202486611829955,0.7926144352124538
cub_00636,integrated_gradients,11,11,0.028873716492671522,0.7048719056358096
cub_00636,gradient_shap,11,11,0.02955288341036067,0.7357802448736039
cub_00636,occlusion,11,11,0.03143381889531156,0.8100412779429462
cub_00636,guided_backprop,11,11,0.02990833527874202,0.5804490311013069
cub_00652,gradcam,11,11,0.07423580479517114,0.9183889066742268
cub_00652,gradcam++,11,11,0.14586144297500142,0.868912876577815
cub_00652,integrated_gradients,11,11,0.03513506671733922,0.8433748669398481
cub_00652,gradient_shap,11,11,0.03474701514060143,0.8371859198377934
cub_00652,occlusion,11,11,0.029099624598165976,0.9189702218340245
cub_00652,guided_backprop,11,11,0.02767866052745376,0.8277248477505053
cub_00661,gradcam,12,12,0.07230990355601534,0.9445801134803332
cub_00661,gradcam++,12,12,0.059165597206447276,0.9359323378303087
cub_00661,integrated_gradients,12,12,0.06149396874243394,0.853551030124072
cub_00661,gradient_shap,12,12,0.048047388449776914,0.8677111200639047
cub_00661,occlusion,12,12,0.19415383810410275,0.8900801565148868
cub_00661,guided_backprop,12,12,0.05440728260437026,0.852923616359476
cub_00665,gradcam,12,12,0.16539199847029518,0.8246371354558506
cub_00665,gradcam++,12,12,0.1506201478536241,0.8227869983413256
cub_00665,integrated_gradients,12,12,0.053163986990693954,0.7700373378698714
cub_00665,gradient_shap,12,12,0.05808569682994859,0.7844017227762379
cub_00665,occlusion,12,12,0.09329096805013253,0.8724802877404727
cub_00665,guided_backprop,12,12,0.06605097338324413,0.8343697826960125
cub_00669,gradcam,12,12,0.08381664037005976,0.834689956123475
cub_00669,gradcam++,12,12,0.08700552985537797,0.8410279165604152
cub_00669,integrated_gradients,12,12,0.046950990718323746,0.8703027927898802
cub_00669,gradient_shap,12,12,0.04224221567856149,0.8824993554153479
cub_00669,occlusion,12,12,0.06334983208216727,0.861845328065101
cub_00669,guided_backprop,12,12,0.06303153248736636,0.9025702770450154
cub_00679,gradcam,12,127,0.013524996861815455,0.11254075525212101
cub_00679,gradcam++,12,127,0.014989186089951544,0.09506028217147104
cub_00679,integrated_gradients,12,127,0.015705168078420685,0.13194507053704002
cub_00679,gradient_shap,12,127,0.0131695126357954,0.199284053890733
cub_00679,occlusion,12,127,0.01619173965300433,0.33606057175784376
cub_00679,guided_backprop,12,127,0.01294856373569928,0.14551003276719712
cub_00685,gradcam,12,12,0.07817873371532189,0.6926267171860672
cub_00685,gradcam++,12,12,0.04168408490950242,0.7143018379458226
cub_00685,integrated_gradients,12,12,0.030551577801816165,0.8506034787395037
cub_00685,gradient_shap,12,12,0.031090718030463902,0.8574319805600681
cub_00685,occlusion,12,12,0.02803233860176988,0.8438760514953173
cub_00685,guided_backprop,12,12,0.029515974747482687,0.8190899494686164
cub_00686,gradcam,12,12,0.09957592458231375,0.8535140405991114
cub_00686,gradcam++,12,12,0.1037132339202799,0.8488437544205226
cub_00686,integrated_gradients,12,12,0.0384623498772271,0.8242873053648508
cub_00686,gradient_shap,12,12,0.03680551812285558,0.8218980710604228
cub_00686,occlusion,12,12,0.042183910042513165,0.8810286234715022
cub_00686,guided_backprop,12,12,0.04589971631066875,0.8493814985849895
cub_00688,gradcam,12,12,0.15273107907269154,0.8928071103640831
cub_00688,gradcam++,12,12,0.17390779062407088,0.8870501011260785
cub_00688,integrated_gradients,12,12,0.04000261869514362,0.6551470409729518
cub_00688,gradient_shap,12,12,0.06833234211662785,0.7545739400782621
cub_00688,occlusion,12,12,0.09375367738539352,0.8502457443275488
cub_00688,guided_backprop,12,12,0.06556785801658406,0.7161211704486049
cub_00694,gradcam,12,12,0.06736190984374844,0.8380378927686252
cub_00694,gradcam++,12,12,0.09317718931706623,0.845740939269308
cub_00694,integrated_gradients,12,12,0.07432456851238385,0.7197317553334869
cub_00694,gradient_shap,12,12,0.06313899751985445,0.722664733568672
cub_00694,occlusion,12,12,0.03415265660732984,0.8282369609572926
cub_00694,guided_backprop,12,12,0.11202643715078012,0.8233389738597907
cub_00700,gradcam,12,12,0.03570920899510384,0.7827725033857861
cub_00700,gradcam++,12,12,0.036080571037018665,0.7794338989653625
cub_00700,integrated_gradients,12,12,0.031838096317369495,0.5864180539385415
cub_00700,gradient_shap,12,12,0.03539913721615449,0.6094327060389333
cub_00700,occlusion,12,12,0.024830069075687793,0.7815139751532113
cub_00700,guided_backprop,12,12,0.03762360325781629,0.645059947448317
cub_00703,gradcam,12,12,0.09593461398035287,0.8481846514740027
cub_00703,gradcam++,12,12,0.1003836257266812,0.8495634618797339
cub_00703,integrated_gradients,12,12,0.03380580488592386,0.7492816032958217
cub_00703,gradient_shap,12,12,0.03407856669509783,0.7420075665810145
cub_00703,occlusion,12,12,0.07720314353937283,0.8797109793522394
cub_00703,guided_backprop,12,12,0.03286049478920178,0.7724401825689711
cub_00709,gradcam,12,12,0.15754687460721473,0.8789853598573245
cub_00709,gradcam++,12,12,0.13176853863988075,0.8911020900704897
cub_00709,integrated_gradients,12,12,0.05051913365023212,0.7130465607740917
cub_00709,gradient_shap,12,12,0.05158296158770099,0.7009168620803393
cub_00709,occlusion,12,12,0.07879446271108465,0.8856518145301377
cub_00709,guided_backprop,12,12,0.04686736970907078,0.7783772300579583
cub_00713,gradcam,12,178,0.009732761154009496,0.1646452439948916
cub_00713,gradcam++,12,178,0.012217374543251936,0.1533471053291578
cub_00713,integrated_gradients,12,178,0.013856502989074216,0.23965090559795502
cub_00713,gradient_shap,12,178,0.012165332335280258,0.22094985207077114
cub_00713,occlusion,12,178,0.010188775435381105,0.21438972479663787
cub_00713,guided_backprop,12,178,0.016352020995691424,0.1921537554822862
cub_00721,gradcam,13,13,0.10953545269294408,0.8866394360084088
cub_00721,gradcam++,13,13,0.10953917203587482,0.9028048921842128
cub_00721,integrated_gradients,13,13,0.08304514507763087,0.7903182507026941
cub_00721,gradient_shap,13,13,0.06222477164119483,0.8292073844466359
cub_00721,occlusion,13,13,0.08627212715800853,0.8905026071239263
cub_00721,guided_backprop,13,13,0.07205197734292597,0.8124062683898955
cub_00727,gradcam,13,13,0.12669576752232392,0.9047310863155872
cub_00727,gradcam++,13,13,0.10320861454820258,0.9026303891558201
cub_00727,integrated_gradients,13,13,0.03599281100323424,0.8445565049070866
cub_00727,gradient_shap,13,13,0.03522453899495304,0.8256341297645121
cub_00727,occlusion,13,13,0.04549096988048404,0.9080876742023974
cub_00727,guided_backprop,13,13,0.035104519221931696,0.8702206973452121
cub_00730,gradcam,13,13,0.07239222211064772,0.8394509111065418
cub_00730,gradcam++,13,13,0.07281203318852932,0.8265520427841695
cub_00730,integrated_gradients,13,13,0.033037132053868844,0.686104708025232
cub_00730,gradient_shap,13,13,0.02906370682176203,0.6960301112849265
cub_00730,occlusion,13,13,0.062147522566374395,0.8121775452513248
cub_00730,guided_backprop,13,13,0.027104517327097715,0.788938431860879
cub_00733,gradcam,13,13,0.41383694245014346,0.8024340738076717
cub_00733,gradcam++,13,13,0.3731613774900325,0.7720720101613552
cub_00733,integrated_gradients,13,13,0.11880458756932057,0.6323843710590153
cub_00733,gradient_shap,13,13,0.13511742034461352,0.7014029074925929
cub_00733,occlusion,13,13,0.5556753212120383,0.7449345846194775
cub_00733,guided_backprop,13,13,0.06484774821146858,0.76444469881244
cub_00739,gradcam,13,13,0.08992355457594388,0.8903284822124988
cub_00739,gradcam++,13,13,0.08599219985917445,0.8891316745895894
cub_00739,integrated_gradients,13,13,0.029439666040707378,0.5613463528919965
cub_00739,gradient_shap,13,13,0.030384883953956884,0.5904225133359432
cub_00739,occlusion,13,13,0.02842576285474934,0.9080097441095858
cub_00739,guided_backprop,13,13,0.02697374278795905,0.5452658699126914
cub_00745,gradcam,13,13,0.08735475312860216,0.870350116910413
cub_00745,gradcam++,13,13,0.08975465779658406,0.8686546747107058
cub_00745,integrated_gradients,13,13,0.037032797181746,0.8878899071831257
cub_00745,gradient_shap,13,13,0.03760793319670483,0.9030959073919803
cub_00745,occlusion,13,13,0.030433887010440235,0.8935622040648012
cub_00745,guided_backprop,13,13,0.029037670488469305,0.8972899292130023
cub_00753,gradcam,13,13,0.09678310049348512,0.7340854958165437
cub_00753,gradcam++,13,13,0.07505006395658712,0.7416651033330708
cub_00753,integrated_gradients,13,13,0.05029185928869993,0.7657485437113791
cub_00753,gradient_shap,13,13,0.05173933091573417,0.7777549092192203
cub_00753,occlusion,13,13,0.049790456611663106,0.8496863175649195
cub_00753,guided_backprop,13,13,0.02849931431701407,0.763309196801856
cub_00754,gradcam,13,13,0.044211249233921994,0.896779764117673
cub_00754,gradcam++,13,13,0.04545610293280333,0.8960402850527318
cub_00754,integrated_gradients,13,13,0.07760611709672957,0.7752565691247583
cub_00754,gradient_shap,13,13,0.05125967491185292,0.7122209447668866
cub_00754,occlusion,13,13,0.08757045939564705,0.903859293879941
cub_00754,guided_backprop,13,13,0.028292525111464788,0.8845453236717731
cub_00756,gradcam,13,13,0.10995237004244703,0.83556675654836
cub_00756,gradcam++,13,13,0.1517945600207895,0.7784372553694991
cub_00756,integrated_gradients,13,13,0.045659937255550176,0.8224991929251702
cub_00756,gradient_shap,13,13,0.03536585021065548,0.7949844588059931
cub_00756,occlusion,13,13,0.07986498908139765,0.8385037128347902
cub_00756,guided_backprop,13,13,0.03416122335474939,0.846123817982152
cub_00758,gradcam,13,13,0.06311833921354264,0.8195847411174326
cub_00758,gradcam++,13,13,0.0711898645880865,0.8064369563478976
cub_00758,integrated_gradients,13,13,0.039391822484321895,0.8045571465510876
cub_00758,gradient_shap,13,13,0.0348052647896111,0.824426006199792
cub_00758,occlusion,13,13,0.07418372409883886,0.8307562489528209
cub_00758,guided_backprop,13,13,0.028750264359405264,0.7808408767450601
cub_00766,gradcam,13,13,0.043576752778608355,0.9236809377092868
cub_00766,gradcam++,13,13,0.04634889555163682,0.917675629677251
cub_00766,integrated_gradients,13,13,0.06704117679037154,0.7227538643870502
cub_00766,gradient_shap,13,13,0.044868179596960545,0.7771879878360778
cub_00766,occlusion,13,13,0.04015936174546369,0.9150838945526629
cub_00766,guided_backprop,13,13,0.03103527245111764,0.8243585382122546
cub_00775,gradcam,13,13,0.3595727358300792,0.8494994152802975
cub_00775,gradcam++,13,13,0.28113145893730696,0.8537438456434756
cub_00775,integrated_gradients,13,13,0.06312575307965745,0.7640107871498912
cub_00775,gradient_shap,13,13,0.04959125184250297,0.7540676394943149
cub_00775,occlusion,13,13,0.17065962602500806,0.890162279130891
cub_00775,guided_backprop,13,13,0.052294091152725736,0.7515771182719618
cub_00795,gradcam,14,14,0.028813261789036915,0.9405874571588357
cub_00795,gradcam++,14,14,0.029375760135008026,0.942666178086074
cub_00795,integrated_gradients,14,14,0.0290645393950399,0.9443338534620124
cub_00795,gradient_shap,14,14,0.029288065602304413,0.9278206935909111
cub_00795,occlusion,14,14,0.026238775046658704,0.9627408317115623
cub_00795,guided_backprop,14,14,0.02854446967248805,0.8985804728057701
cub_00796,gradcam,14,14,0.049929876495298224,0.8542313075449782
cub_00796,gradcam++,14,14,0.052127439764444713,0.8764139569189866
cub_00796,integrated_gradients,14,14,0.027464730513747777,0.8850591665890534
cub_00796,gradient_shap,14,14,0.026043951057363304,0.8876904225733597
cub_00796,occlusion,14,14,0.0935631815926172,0.9207105374720413
cub_00796,guided_backprop,14,14,0.027664606587495658,0.8690955078986007
cub_00797,gradcam,14,14,0.032643875322537506,0.9075155875470955
cub_00797,gradcam++,14,14,0.027526475634658706,0.9089224508788902
cub_00797,integrated_gradients,14,14,0.02944856325048022,0.8801664232101757
cub_00797,gradient_shap,14,14,0.028739730193046854,0.9019922747102102
cub_00797,occlusion,14,14,0.027343084616586567,0.9021892375138123
cub_00797,guided_backprop,14,14,0.02798742799204774,0.8647035295900423
cub_00798,gradcam,14,14,0.035900622454937546,0.8680723762896377
cub_00798,gradcam++,14,14,0.03126429484254914,0.8702425396826585
cub_00798,integrated_gradients,14,14,0.0286673192109447,0.9105198866513092
cub_00798,gradient_shap,14,14,0.029372927191434434,0.911310133972438
cub_00798,occlusion,14,14,0.02439991869032383,0.8685473657038529
cub_00798,guided_backprop,14,14,0.03142934169736691,0.8620469278481324
cub_00809,gradcam,14,14,0.10201555780950003,0.9341200417664368
cub_00809,gradcam++,14,14,0.10803064856590937,0.9353742337611037
cub_00809,integrated_gradients,14,14,0.07285045557073318,0.9302270776417572
cub_00809,gradient_shap,14,14,0.0671593432489317,0.9253529435780364
cub_00809,occlusion,14,14,0.08028655766975133,0.9478404260065872
cub_00809,guided_backprop,14,14,0.06794710962567481,0.9064718103792982
cub_00813,gradcam,14,14,0.04252658393816092,0.9245214029040654
cub_00813,gradcam++,14,14,0.035708019963931296,0.9132499642495531
cub_00813,integrated_gradients,14,14,0.031076801492599768,0.7674075492483097
cub_00813,gradient_shap,14,14,0.030327049578772854,0.8160138889041263
cub_00813,occlusion,14,14,0.026342335127264964,0.9623032382514793
cub_00813,guided_backprop,14,14,0.03205203535617329,0.8496858215716202
cub_00814,gradcam,14,14,0.046975407237187024,0.7809495038178285
cub_00814,gradcam++,14,14,0.03360562414745801,0.7670349336054643
cub_00814,integrated_gradients,14,14,0.026766021532239392,0.7526792502787429
cub_00814,gradient_shap,14,14,0.024962471035541965,0.8126068032172042
cub_00814,occlusion,14,14,0.033886816797894424,0.7806112474587279
cub_00814,guided_backprop,14,14,0.02417174666770734,0.7565443253901322
cub_00817,gradcam,14,14,0.09462741869574529,0.9264496720221359
cub_00817,gradcam++,14,14,0.09611846626285114,0.9235668129113037
cub_00817,integrated_gradients,14,14,0.028421787201659752,0.8910170725372153
cub_00817,gradient_shap,14,14,0.028415700822370125,0.9000528639939148
cub_00817,occlusion,14,14,0.1103315000917064,0.8998790248122532
cub_00817,guided_backprop,14,14,0.03200119378161617,0.892068869509967
cub_00824,gradcam,14,14,0.021484085300471637,0.5489572400983888
cub_00824,gradcam++,14,14,0.021502400175086225,0.5275803561147768
cub_00824,integrated_gradients,14,14,0.022038864494243172,0.42868249622988513
cub_00824,gradient_shap,14,14,0.02202485681700637,0.41174622811959116
cub_00824,occlusion,14,14,0.021448054497886913,0.7093930146482308
cub_00824,guided_backprop,14,14,0.02179872642736882,0.4914992960926611
cub_00827,gradcam,14,14,0.15517497476539574,0.8541511184361298
cub_00827,gradcam++,14,14,0.15020050296443513,0.8493269509461242
cub_00827,integrated_gradients,14,14,0.0459047909011133,0.7783424275054132
cub_00827,gradient_shap,14,14,0.04099849202320912,0.7664277645468246
cub_00827,occlusion,14,14,0.26838105448405264,0.8241636822756846
cub_00827,guided_backprop,14,14,0.040454787440830836,0.7573857229028362
cub_00829,gradcam,14,14,0.08515147461075687,0.9299409917381125
cub_00829,gradcam++,14,14,0.08695844944595593,0.9318883052852469
cub_00829,integrated_gradients,14,14,0.031407897087046874,0.9390373996284325
cub_00829,gradient_shap,14,14,0.03709260504110717,0.9079550347116312
cub_00829,occlusion,14,14,0.09040396418422462,0.9424824259069282
cub_00829,guided_backprop,14,14,0.06470677679171785,0.9457949778821784
cub_00835,gradcam,14,14,0.08010003704112023,0.9391612953331788
cub_00835,gradcam++,14,14,0.08090214764815755,0.9408848202612716
cub_00835,integrated_gradients,14,14,0.030022217775695022,0.89783565865946
cub_00835,gradient_shap,14,14,0.0279975877259858,0.9161605796602088
cub_00835,occlusion,14,14,0.05926958084455692,0.9430213874962645
cub_00835,guided_backprop,14,14,0.030516884097596633,0.92670117978123
cub_00843,gradcam,15,15,0.1469854000606574,0.8774284596554937
cub_00843,gradcam++,15,15,0.16714409389533103,0.8817067484371363
cub_00843,integrated_gradients,15,15,0.05923242483695504,0.7713941045105457
cub_00843,gradient_shap,15,15,0.07096062389027794,0.7854363020043819
cub_00843,occlusion,15,15,0.18316924164537343,0.7506309176213107
cub_00843,guided_backprop,15,15,0.06020165972877294,0.7768564644269647
cub_00851,gradcam,15,15,0.05189700401388109,0.8817794675938784
cub_00851,gradcam++,15,15,0.04876795222517103,0.879969736468047
cub_00851,integrated_gradients,15,15,0.02589381546713412,0.8522075063548983
cub_00851,gradient_shap,15,15,0.02647428173804656,0.848345794994384
cub_00851,occlusion,15,15,0.03193106598919257,0.8996610934846102
cub_00851,guided_backprop,15,15,0.027209138576290568,0.8642548854462803
cub_00853,gradcam,15,15,0.1766501605394297,0.924740634392947
cub_00853,gradcam++,15,15,0.16572953328141013,0.92551383478567
cub_00853,integrated_gradients,15,15,0.07898828753677664,0.8779650981537998
cub_00853,gradient_shap,15,15,0.0758999682511785,0.8734773038886486
cub_00853,occlusion,15,15,0.2059822151612025,0.9396278898231685
cub_00853,guided_backprop,15,15,0.07503175844904038,0.8905214766971765
cub_00863,gradcam,15,172,0.08296955502300989,0.204221870379115
cub_00863,gradcam++,15,172,0.03558595971553587,0.16952172096644064
cub_00863,integrated_gradients,15,172,0.03206805912195705,0.4095352005388122
cub_00863,gradient_shap,15,172,0.02559224042925053,0.5175970609940123
cub_00863,occlusion,15,172,0.0224376758444123,0.49407701757154426
cub_00863,guided_backprop,15,172,0.023673673107987268,0.629527161893202
cub_00869,gradcam,15,15,0.17939114152686675,0.8978680576197802
cub_00869,gradcam++,15,15,0.16791359016206114,0.8940235550515353
cub_00869,integrated_gradients,15,15,0.08266061086178524,0.6366013786755502
cub_00869,gradient_shap,15,15,0.06889994082011981,0.6681961248628794
cub_00869,occlusion,15,15,0.21547821260755884,0.8433340187184514
cub_00869,guided_backprop,15,15,0.0845109863956168,0.76252435548231
cub_00875,gradcam,15,15,0.16656913626939063,0.8434421355836094
cub_00875,gradcam++,15,15,0.1765768785495311,0.8407476450316608
cub_00875,integrated_gradients,15,15,0.11389225700986572,0.7474192189984022
cub_00875,gradient_shap,15,15,0.10700852660957028,0.7286974840797485
cub_00875,occlusion,15,15,0.16287257166113708,0.6934987246291712
cub_00875,guided_backprop,15,15,0.09864228621154324,0.767507969867438
cub_00877,gradcam,15,15,0.08105244755279274,0.889083222579211
cub_00877,gradcam++,15,15,0.0868698651669547,0.8828058402054012
cub_00877,integrated_gradients,15,15,0.03695842950837687,0.9011752556078136
cub_00877,gradient_shap,15,15,0.03147350083454513,0.8857170860283077
cub_00877,occlusion,15,15,0.04924646486761049,0.888801176380366
cub_00877,guided_backprop,15,15,0.0288121753023006,0.8825554664246739
cub_00878,gradcam,15,15,0.0765176241460722,0.8766989941708743
cub_00878,gradcam++,15,15,0.07700350043596701,0.8748785520903766
cub_00878,integrated_gradients,15,15,0.06132595771923662,0.8452499116770923
cub_00878,gradient_shap,15,15,0.06658979912754148,0.8152739728800953
cub_00878,occlusion,15,15,0.06321711606578902,0.7822364236228166
cub_00878,guided_backprop,15,15,0.07577630906598642,0.8622159029357136
cub_00886,gradcam,15,15,0.12897181708831343,0.9455531875602902
cub_00886,gradcam++,15,15,0.13014246488455683,0.944636161159724
cub_00886,integrated_gradients,15,15,0.032434257754357536,0.8480410913936792
cub_00886,gradient_shap,15,15,0.02948418770101853,0.8466092283837496
cub_00886,occlusion,15,15,0.12810688797617334,0.7813382492400706
cub_00886,guided_backprop,15,15,0.03695672790054232,0.8200506431050599
cub_00887,gradcam,15,15,0.06227206357289105,0.8586364726535977
cub_00887,gradcam++,15,15,0.04498190954327583,0.8511745284311475
cub_00887,integrated_gradients,15,15,0.024939687974983825,0.6686513806693256
cub_00887,gradient_shap,15,15,0.025842833241040357,0.6527891057543456
cub_00887,occlusion,15,15,0.02608515917672776,0.9304469327442347
cub_00887,guided_backprop,15,15,0.0252895451936638,0.6804115812294186
cub_00889,gradcam,15,15,0.02595356622477994,0.6296109612099825
cub_00889,gradcam++,15,15,0.025717102270573375,0.6365146304480732
cub_00889,integrated_gradients,15,15,0.017069422503118402,0.6341437305323779
cub_00889,gradient_shap,15,15,0.02017444202647312,0.5656621123664082
cub_00889,occlusion,15,15,0.020137439650716255,0.721824267040938
cub_00889,guided_backprop,15,15,0.01851049063770916,0.5101214508526027
cub_00900,gradcam,16,16,0.04791448420728557,0.7707409046008251
cub_00900,gradcam++,16,16,0.04651435254490934,0.8159151322557591
cub_00900,integrated_gradients,16,16,0.05293693860294299,0.6735070077120326
cub_00900,gradient_shap,16,16,0.046317738248035305,0.7154721035971305
cub_00900,occlusion,16,16,0.06794155769748614,0.8579790532006882
cub_00900,guided_backprop,16,16,0.03539287421153859,0.6153893902315758
cub_00907,gradcam,16,16,0.4108421552809887,0.9261409639730118
cub_00907,gradcam++,16,16,0.4108421552809887,0.9261409639730118
cub_00907,integrated_gradients,16,16,0.06876987857976927,0.9178442671312951
cub_00907,gradient_shap,16,16,0.07352235011057928,0.9135754390968942
cub_00907,occlusion,16,16,0.16741130858426917,0.944599035324063
cub_00907,guided_backprop,16,16,0.08602057466050611,0.9495205878629349
cub_00911,gradcam,16,16,0.07804964634342469,0.7838120415224694
cub_00911,gradcam++,16,16,0.07723570840462343,0.782224759401288
cub_00911,integrated_gradients,16,16,0.03394003013381735,0.8549099852680229
cub_00911,gradient_shap,16,16,0.03521424848586321,0.8667263052775525
cub_00911,occlusion,16,16,0.14537471504881982,0.8942636623396538
cub_00911,guided_backprop,16,16,0.042291668255347754,0.8048857833608053
cub_00914,gradcam,16,16,0.21724582999013367,0.9235806434764526
cub_00914,gradcam++,16,16,0.24758005238836633,0.9215637385263108
cub_00914,integrated_gradients,16,16,0.07053400271106511,0.7903160381480119
cub_00914,gradient_shap,16,16,0.038757396498112946,0.798369128385093
cub_00914,occlusion,16,16,0.2651769673801027,0.7564822017564439
cub_00914,guided_backprop,16,16,0.06697414355585352,0.8896134018315933
cub_00918,gradcam,16,16,0.29398552809143436,0.8808695077314042
cub_00918,gradcam++,16,16,0.29142398236435835,0.8118526115431451
cub_00918,integrated_gradients,16,16,0.10165504255564886,0.8604735917760992
cub_00918,gradient_shap,16,16,0.08497342400951312,0.8762545070960187
cub_00918,occlusion,16,16,0.2769092577625997,0.9308009698404931
cub_00918,guided_backprop,16,16,0.11295071927597745,0.9337116017355584
cub_00924,gradcam,16,16,0.08701772068743595,0.7612861289991997
cub_00924,gradcam++,16,16,0.06980646149022506,0.7903164479299449
cub_00924,integrated_gradients,16,16,0.030264552310109143,0.6889481551363132
cub_00924,gradient_shap,16,16,0.0312759330496192,0.6748354657902382
cub_00924,occlusion,16,16,0.14241105519467967,0.7461486160173081
cub_00924,guided_backprop,16,16,0.034808903816156096,0.7508315549581311
cub_00926,gradcam,16,16,0.7694144836976193,0.6361942245974205
cub_00926,gradcam++,16,16,0.6553373676142655,0.591855009587016
cub_00926,integrated_gradients,16,16,0.05836312168976293,0.4268406478106045
cub_00926,gradient_shap,16,16,0.05422103184973822,0.45899445110699155
cub_00926,occlusion,16,16,0.4779437612160109,0.6321464783861303
cub_00926,guided_backprop,16,16,0.0715246633742936,0.43351681431522593
cub_00933,gradcam,16,16,0.10710393906338143,0.6233806904056108
cub_00933,gradcam++,16,16,0.09591796846361833,0.6159753593965434
cub_00933,integrated_gradients,16,16,0.034043546149041495,0.578479973913636
cub_00933,gradient_shap,16,16,0.03489343664841727,0.6044509286410176
cub_00933,occlusion,16,16,0.032359349454054616,0.7808040052070282
cub_00933,guided_backprop,16,16,0.02922921589342877,0.7857566758408212
cub_00934,gradcam,16,16,0.04019377413205803,0.7654648004448973
cub_00934,gradcam++,16,16,0.04458374247769825,0.7744472691207194
cub_00934,integrated_gradients,16,16,0.03737335019977764,0.8493201020522974
cub_00934,gradient_shap,16,16,0.03685098992427812,0.8555688157095573
cub_00934,occlusion,16,16,0.08608147370396182,0.8754092618240975
cub_00934,guided_backprop,16,16,0.04275413363939152,0.8964792742743156
cub_00937,gradcam,16,16,0.3002714733011089,0.6981089714332482
cub_00937,gradcam++,16,16,0.30122202360944356,0.7125604729517363
cub_00937,integrated_gradients,16,16,0.1443652417859994,0.5131949260248803
cub_00937,gradient_shap,16,16,0.11626695360755548,0.597724589833524
cub_00937,occlusion,16,16,0.3987264112918638,0.8204152788384818
cub_00937,guided_backprop,16,16,0.10493369939504191,0.5960269934847019
cub_00949,gradcam,16,16,0.37975418468704447,0.5352580122067593
cub_00949,gradcam++,16,16,0.2504049767157994,0.5111904013319871
cub_00949,integrated_gradients,16,16,0.09169730244902896,0.5852109684026799
cub_00949,gradient_shap,16,16,0.10495110891060903,0.5635943606845103
cub_00949,occlusion,16,16,0.39119157114764674,0.669605700613465
cub_00949,guided_backprop,16,16,0.08047190095530823,0.5228450951050034
cub_00950,gradcam,16,16,0.03298908350989222,0.41750753516098477
cub_00950,gradcam++,16,16,0.03497624465962871,0.41289964301977305
cub_00950,integrated_gradients,16,16,0.0343184511992149,0.6894763203687034
cub_00950,gradient_shap,16,16,0.031688534503337,0.7410044593154452
cub_00950,occlusion,16,16,0.08034376526484267,0.547669351415243
cub_00950,guided_backprop,16,16,0.022433292213827373,0.78287041032454
cub_00960,gradcam,17,17,0.6487779378134292,0.8877939757832791
cub_00960,gradcam++,17,17,0.6445219847897534,0.6354681293654721
cub_00960,integrated_gradients,17,17,0.14018025221012068,0.4590343201591167
cub_00960,gradient_shap,17,17,0.1065879562025657,0.47996519743464877
cub_00960,occlusion,17,17,0.21670402485760865,0.7349207849416415
cub_00960,guided_backprop,17,17,0.11003429870470428,0.6470329743286128
cub_00966,gradcam,17,17,0.5988020413962658,0.2052655048551969
cub_00966,gradcam++,17,17,0.1124458315840457,0.6373238589556421
cub_00966,integrated_gradients,17,17,0.022983896010555328,0.23439846822293472
cub_00966,gradient_shap,17,17,0.022756349756673445,0.37004042046028185
cub_00966,occlusion,17,17,0.03802075933781453,0.842742257117061
cub_00966,guided_backprop,17,17,0.022748611131100917,0.506516240275232
cub_00973,gradcam,17,17,0.40505292859161274,0.539153446914861
cub_00973,gradcam++,17,17,0.35629404594074,0.7554055624816101
cub_00973,integrated_gradients,17,17,0.029210093664005402,0.6105928560660687
cub_00973,gradient_shap,17,17,0.028397538902936507,0.7293891399225687
cub_00973,occlusion,17,17,0.10833187833777627,0.809784530213801
cub_00973,guided_backprop,17,17,0.030266240844503044,0.5995969709183555
cub_00976,gradcam,17,17,0.20085426989826374,0.3779496198694687
cub_00976,gradcam++,17,17,0.031064165424322717,0.8380129669967573
cub_00976,integrated_gradients,17,17,0.021836201351834464,0.06445988116902296
cub_00976,gradient_shap,17,17,0.020349545383942316,0.1728235828311881
cub_00976,occlusion,17,17,0.13746177141438243,0.5384540924977045
cub_00976,guided_backprop,17,17,0.018456144735682755,0.24660034222179095
cub_00977,gradcam,17,17,0.48897459639119917,0.7935832675721031
cub_00977,gradcam++,17,17,0.6831909755419475,0.6284609858354087
cub_00977,integrated_gradients,17,17,0.05328219750372227,0.8123465649608987
cub_00977,gradient_shap,17,17,0.054392640426522115,0.8365199479449074
cub_00977,occlusion,17,17,0.15416272887378002,0.835355869604973
cub_00977,guided_backprop,17,17,0.06842969233694023,0.8520897550217341
cub_00979,gradcam,17,17,0.4490448409866077,0.8368037200940307
cub_00979,gradcam++,17,17,0.7968521119735668,0.4415532091807108
cub_00979,integrated_gradients,17,17,0.028948211311944763,0.1435962650342844
cub_00979,gradient_shap,17,17,0.03626470899325796,0.17029823011398543
cub_00979,occlusion,17,17,0.19808811579714533,0.8268874672416132
cub_00979,guided_backprop,17,17,0.06279395030651361,0.2670282716804649
cub_00981,gradcam,17,17,0.6110555584949907,0.8803365755069537
cub_00981,gradcam++,17,17,0.5695914354117122,0.7409242216555868
cub_00981,integrated_gradients,17,17,0.22561874484526928,0.5811603794863912
cub_00981,gradient_shap,17,17,0.1609277414885583,0.5505948707577771
cub_00981,occlusion,17,17,0.23984250530484133,0.7629682102880906
cub_00981,guided_backprop,17,17,0.17021013644553024,0.844318179419497
cub_00988,gradcam,17,17,0.5593687034735922,0.8086485213774721
cub_00988,gradcam++,17,17,0.4435632419714238,0.8042593777354341
cub_00988,integrated_gradients,17,17,0.17295983525982594,0.35888466080650683
cub_00988,gradient_shap,17,17,0.1063835166169156,0.4224815491586923
cub_00988,occlusion,17,17,0.2939846520253923,0.7935683584946673
cub_00988,guided_backprop,17,17,0.1348439509216405,0.810581533232471
cub_00995,gradcam,17,17,0.5633087370952127,0.8599202285695355
cub_00995,gradcam++,17,17,0.6537573055771645,0.7055279939144384
cub_00995,integrated_gradients,17,17,0.13713251133449378,0.7438235025038012
cub_00995,gradient_shap,17,17,0.14743672488548332,0.765633117838297
cub_00995,occlusion,17,17,0.48949894138495437,0.8771462018776218
cub_00995,guided_backprop,17,17,0.1891132858581841,0.8304001826967577
cub_01001,gradcam,18,18,0.3836235367118207,0.5374390060478618
cub_01001,gradcam++,18,18,0.4684547728043981,0.4422742066075443
cub_01001,integrated_gradients,18,18,0.02720195711008273,0.3326934988283028
cub_01001,gradient_shap,18,18,0.02733467002399266,0.3005877346848137
cub_01001,occlusion,18,18,0.0768712829638389,0.8160530365945305
cub_01001,guided_backprop,18,18,0.027215606166282668,0.37522138315835035
cub_01024,gradcam,18,18,0.021806890233710876,0.3914454520156141
cub_01024,gradcam++,18,18,0.038849158323137095,0.4537222531798761
cub_01024,integrated_gradients,18,18,0.020555242242699025,0.427337352320319
cub_01024,gradient_shap,18,18,0.019481651221576607,0.30276788186165504
cub_01024,occlusion,18,18,0.018840208258188794,0.5616609715099912
cub_01024,guided_backprop,18,18,0.019532644972787238,0.2899140366062056
cub_01029,gradcam,18,18,0.06396142165322088,0.2258445273095276
cub_01029,gradcam++,18,18,0.04270946760079824,0.22963675555656662
cub_01029,integrated_gradients,18,18,0.009577694526524284,0.05700659528583855
cub_01029,gradient_shap,18,18,0.010168856769450943,0.08968004667076457
cub_01029,occlusion,18,18,0.010688944606226868,0.20223481621942482
cub_01029,guided_backprop,18,18,0.008218305519403654,0.06735776584100675
cub_01031,gradcam,18,18,0.07284875633922638,0.7684684241598005
cub_01031,gradcam++,18,18,0.06852296959114026,0.7575415728555527
cub_01031,integrated_gradients,18,18,0.02662912482046522,0.6303454094741027
cub_01031,gradient_shap,18,18,0.027545387436111925,0.6366508460225304
cub_01031,occlusion,18,18,0.06902556932182051,0.7211571031191852
cub_01031,guided_backprop,18,18,0.024261046991887268,0.45093204195145514
cub_01034,gradcam,18,18,0.13449325764449896,0.7722523273259867
cub_01034,gradcam++,18,18,0.13722414123622004,0.7797404464159625
cub_01034,integrated_gradients,18,18,0.032608706952305506,0.7289547206892166
cub_01034,gradient_shap,18,18,0.026957703108200805,0.7155900526500772
cub_01034,occlusion,18,18,0.3039966355951038,0.6556457819358912
cub_01034,guided_backprop,18,18,0.02731282813474536,0.73470335607999
cub_01035,gradcam,18,18,0.15172440618334807,0.7617964624601882
cub_01035,gradcam++,18,18,0.1462595785065787,0.7559187742532231
cub_01035,integrated_gradients,18,18,0.027861461092834366,0.39326316215156104
cub_01035,gradient_shap,18,18,0.026269177912035962,0.4854861335348687
cub_01035,occlusion,18,18,0.03396504097327126,0.7942411128140521
cub_01035,guided_backprop,18,18,0.025344485162349883,0.49777026812662367
cub_01036,gradcam,18,18,0.10062811665193296,0.5817483352037016
cub_01036,gradcam++,18,18,0.08239162568024769,0.5868209030322759
cub_01036,integrated_gradients,18,18,0.025934306788258255,0.5151768687355798
cub_01036,gradient_shap,18,18,0.025652916607214138,0.542463390470948
cub_01036,occlusion,18,18,0.028113335120724513,0.6526068953913636
cub_01036,guided_backprop,18,18,0.025082230172120034,0.4718434920534492
cub_01038,gradcam,18,18,0.12630516156204974,0.6157475853135109
cub_01038,gradcam++,18,18,0.10982800889469219,0.625221537912148
cub_01038,integrated_gradients,18,18,0.025911208760226147,0.5514758424367755
cub_01038,gradient_shap,18,18,0.0261058548145229,0.5802066573349293
cub_01038,occlusion,18,18,0.02979063384409529,0.7138125949481037
cub_01038,guided_backprop,18,18,0.025664940249407665,0.6494450401049107
cub_01041,gradcam,18,18,0.044382349027728196,0.4080524417950073
cub_01041,gradcam++,18,18,0.050430845729715665,0.4464697953779251
cub_01041,integrated_gradients,18,18,0.019658575727953577,0.3068920787598472
cub_01041,gradient_shap,18,18,0.0187628790983581,0.24401233884564136
cub_01041,occlusion,18,18,0.02684497416521481,0.48340352024533784
cub_01041,guided_backprop,18,18,0.018567522534431193,0.263627075398108
cub_01046,gradcam,18,18,0.025481839908752597,0.3698930323065724
cub_01046,gradcam++,18,18,0.028169225191959416,0.36775380788021717
cub_01046,integrated_gradients,18,18,0.016835941933095455,0.47732938838598776
cub_01046,gradient_shap,18,18,0.01705367164395284,0.4587779627137934
cub_01046,occlusion,18,18,0.041287798772100356,0.28796580405323763
cub_01046,guided_backprop,18,18,0.017986489133909343,0.14877441225980872
cub_01048,gradcam,18,18,0.1296308808057802,0.7669471299217547
cub_01048,gradcam++,18,18,0.13295523202687035,0.7715190984716174
cub_01048,integrated_gradients,18,18,0.031141065945848822,0.7083976841473486
cub_01048,gradient_shap,18,18,0.028916159848449752,0.7113971604674592
cub_01048,occlusion,18,18,0.04846554192190524,0.7688348857162054
cub_01048,guided_backprop,18,18,0.026851466560037812,0.7200302761921192
cub_01054,gradcam,18,18,0.18377393292757915,0.8022422503621783
cub_01054,gradcam++,18,18,0.18255061907111672,0.8005206128524149
cub_01054,integrated_gradients,18,18,0.03295318944728934,0.5525824414187809
cub_01054,gradient_shap,18,18,0.029591469210572537,0.603192372713238
cub_01054,occlusion,18,18,0.14552834518835883,0.6842343079799321
cub_01054,guided_backprop,18,18,0.02836209490778856,0.6699009259173181
cub_01059,gradcam,19,19,0.01426085287966998,0.2701932828465943
cub_01059,gradcam++,19,19,0.009943174909858498,0.24879392940201794
cub_01059,integrated_gradients,19,19,0.006528280762722716,0.32371081519522704
cub_01059,gradient_shap,19,19,0.006448540760902687,0.28824283960857433
cub_01059,occlusion,19,19,0.006208789924858138,0.4876682880858425
cub_01059,guided_backprop,19,19,0.006973161236965096,0.2373103454301599
cub_01065,gradcam,19,19,0.02827986201009481,0.8611558630655054
cub_01065,gradcam++,19,19,0.0282921421516221,0.861125728074694
cub_01065,integrated_gradients,19,19,0.02544038147752872,0.8206320275145116
cub_01065,gradient_shap,19,19,0.024895951645157767,0.7443193452258128
cub_01065,occlusion,19,19,0.026392799275345172,0.8888385030964855
cub_01065,guided_backprop,19,19,0.026258633600082248,0.7352324174309615
cub_01070,gradcam,19,19,0.09771758052811494,0.9192367050389294
cub_01070,gradcam++,19,19,0.0834296881163027,0.9351507667044642
cub_01070,integrated_gradients,19,19,0.049064316408475854,0.7954554754833224
cub_01070,gradient_shap,19,19,0.07785027296049521,0.7782079904864077
cub_01070,occlusion,19,19,0.043562238040613016,0.9145840230921748
cub_01070,guided_backprop,19,19,0.07735283582587726,0.8270670573750976
cub_01074,gradcam,19,19,0.06203197284485213,0.9347285482625012
cub_01074,gradcam++,19,19,0.06629928624897732,0.9309216189722065
cub_01074,integrated_gradients,19,19,0.028052835981361567,0.9240234512428288
cub_01074,gradient_shap,19,19,0.02725370436091907,0.9253650713304523
cub_01074,occlusion,19,19,0.05354996310197749,0.9565194610098843
cub_01074,guided_backprop,19,19,0.03149141129979399,0.8598755020240788
cub_01076,gradcam,19,19,0.027750231127720328,0.9415010485390668
cub_01076,gradcam++,19,19,0.02770806272674236,0.9411238763073926
cub_01076,integrated_gradients,19,19,0.027574309508781883,0.9149591568449978
cub_01076,gradient_shap,19,19,0.02676212677033618,0.8846878844837193
cub_01076,occlusion,19,19,0.026223499713523783,0.9203715119103435
cub_01076,guided_backprop,19,19,0.030585807823808864,0.8879924442211631
cub_01078,gradcam,19,19,0.07698114519298543,0.9560185540060048
cub_01078,gradcam++,19,19,0.07044553057057783,0.9581266689638142
cub_01078,integrated_gradients,19,19,0.06827514595352115,0.9113837111333852
cub_01078,gradient_shap,19,19,0.11458137174486183,0.8601112899894361
cub_01078,occlusion,19,19,0.22875351314141887,0.9448812741378788
cub_01078,guided_backprop,19,19,0.042315207415958865,0.9428670126537326
cub_01084,gradcam,19,171,0.02707546618330526,0.638651514420053
cub_01084,gradcam++,19,171,0.028263883457339035,0.6391092637495602
cub_01084,integrated_gradients,19,171,0.020369195808598306,0.5934171039552892
cub_01084,gradient_shap,19,171,0.02018124188325601,0.6306972313614096
cub_01084,occlusion,19,171,0.019658574850473086,0.6223173622449394
cub_01084,guided_backprop,19,171,0.020833724644035104,0.7260968137474266
cub_01087,gradcam,19,19,0.02543376084868214,0.9285495955089573
cub_01087,gradcam++,19,19,0.02591346058325144,0.9031976665894035
cub_01087,integrated_gradients,19,19,0.026516656913736367,0.8820441629330161
cub_01087,gradient_shap,19,19,0.026025267777731644,0.8838570225576404
cub_01087,occlusion,19,19,0.027855551571701654,0.9323904145101551
cub_01087,guided_backprop,19,19,0.027329186769202353,0.9016889031569008
cub_01098,gradcam,19,19,0.05563798476287046,0.9181431550125125
cub_01098,gradcam++,19,19,0.08226562534400726,0.9189794677833562
cub_01098,integrated_gradients,19,19,0.02756696313736029,0.671328231744701
cub_01098,gradient_shap,19,19,0.026267230528173972,0.7021524305979256
cub_01098,occlusion,19,19,0.04315453672606963,0.8075471425487195
cub_01098,guided_backprop,19,19,0.03047622836311348,0.656492308859015
cub_01105,gradcam,19,19,0.053171424186439255,0.9199142623285298
cub_01105,gradcam++,19,19,0.050186977799694436,0.9190302509407048
cub_01105,integrated_gradients,19,19,0.027030013789772055,0.8647634956578258
cub_01105,gradient_shap,19,19,0.026991665660170843,0.8821396071056371
cub_01105,occlusion,19,19,0.0400838046654826,0.9152793932298665
cub_01105,guided_backprop,19,19,0.028209270100342108,0.8805235314706806
cub_01109,gradcam,19,19,0.06632916847593151,0.8326784031873103
cub_01109,gradcam++,19,19,0.08305533095117426,0.809181180462474
cub_01109,integrated_gradients,19,19,0.026032044349267376,0.6130164715403225
cub_01109,gradient_shap,19,19,0.02483446229998663,0.5630623506440314
cub_01109,occlusion,19,19,0.029946763638872657,0.9319422635773661
cub_01109,guided_backprop,19,19,0.025005162459274293,0.6376564040372613
cub_01116,gradcam,20,20,0.06964726081932895,0.8871270673407707
cub_01116,gradcam++,20,20,0.06689151878817938,0.8898753080575262
cub_01116,integrated_gradients,20,20,0.030670630763052036,0.8270781785540748
cub_01116,gradient_shap,20,20,0.0316232297278475,0.8406608678691555
cub_01116,occlusion,20,20,0.051668965345015756,0.8570848777948414
cub_01116,guided_backprop,20,20,0.03623957256786526,0.8497071843186859
cub_01118,gradcam,20,20,0.03946162131032907,0.9241499248950278
cub_01118,gradcam++,20,20,0.04001094271079637,0.922699952503899
cub_01118,integrated_gradients,20,20,0.02735779795330018,0.8444599665759597
cub_01118,gradient_shap,20,20,0.027407176000997426,0.8755844544677529
cub_01118,occlusion,20,20,0.029228745988802988,0.9510787282197272
cub_01118,guided_backprop,20,20,0.02981752142659389,0.8130006387887989
cub_01122,gradcam,20,20,0.13431725144037046,0.828394331788877
cub_01122,gradcam++,20,20,0.1402998936304357,0.8242173008678946
cub_01122,integrated_gradients,20,20,0.030267114198068153,0.778295433759922
cub_01122,gradient_shap,20,20,0.02991748898639344,0.7533188901201356
cub_01122,occlusion,20,20,0.1438034692313522,0.6727333664486651
cub_01122,guided_backprop,20,20,0.031208931549917905,0.716948349942686
cub_01132,gradcam,20,20,0.07316923906910236,0.9146379474608693
cub_01132,gradcam++,20,20,0.07348845601663925,0.9228585306613241
cub_01132,integrated_gradients,20,20,0.05734671915997752,0.87340666060918
cub_01132,gradient_shap,20,20,0.04749549211119302,0.8790905079862569
cub_01132,occlusion,20,20,0.05221947323007045,0.8696691889374051
cub_01132,guided_backprop,20,20,0.06571604316704908,0.8744802460132632
cub_01142,gradcam,20,20,0.17696248251595534,0.9205962959735189
cub_01142,gradcam++,20,20,0.16987583733280193,0.9176597271172795
cub_01142,integrated_gradients,20,20,0.0295596893876791,0.7049623830709607
cub_01142,gradient_shap,20,20,0.03982453539501876,0.7019542214111424
cub_01142,occlusion,20,20,0.12379396785399877,0.8528391747793649
cub_01142,guided_backprop,20,20,0.03742708306526765,0.7752035342215096
cub_01145,gradcam,20,96,0.0880905522732064,0.2213942640693858
cub_01145,gradcam++,20,96,0.030345369060523802,0.4398182079661638
cub_01145,integrated_gradients,20,96,0.01584915154089685,0.2629763778997585
cub_01145,gradient_shap,20,96,0.015730670085758902,0.25271841645007953
cub_01145,occlusion,20,96,0.021937971189618113,0.501119848433882
cub_01145,guided_backprop,20,96,0.015859670784266203,0.24777351543307305
cub_01153,gradcam,20,20,0.15165210927370934,0.8628336284367834
cub_01153,gradcam++,20,20,0.12549618154735073,0.8653727088181767
cub_01153,integrated_gradients,20,20,0.02536254072329029,0.6440126017027067
cub_01153,gradient_shap,20,20,0.024781596200773495,0.7282335939060429
cub_01153,occlusion,20,20,0.3375820170680527,0.7345043770095799
cub_01153,guided_backprop,20,20,0.025545169989345598,0.7810216799669433
cub_01157,gradcam,20,20,0.026912682219699495,0.8214081955200527
cub_01157,gradcam++,20,20,0.04008165521518094,0.8262897750420961
cub_01157,integrated_gradients,20,20,0.0240026479732478,0.7948725117603318
cub_01157,gradient_shap,20,20,0.024765202439448335,0.8027342952264006
cub_01157,occlusion,20,20,0.02459719235775992,0.8473495388461743
cub_01157,guided_backprop,20,20,0.024240499858569825,0.6198726197239012
cub_01169,gradcam,20,20,0.0287034937820863,0.6076864138303791
cub_01169,gradcam++,20,20,0.029912925494136294,0.6259641535638365
cub_01169,integrated_gradients,20,20,0.022266887017758565,0.5072550881712232
cub_01169,gradient_shap,20,20,0.02204744521295652,0.6024126533477102
cub_01169,occlusion,20,20,0.021887157748278697,0.7077206347195897
cub_01169,guided_backprop,20,20,0.020540392951807006,0.48244610792607995
cub_01170,gradcam,20,20,0.02984747132286429,0.6480695017206015
cub_01170,gradcam++,20,20,0.028265193226980047,0.6057836555934046
cub_01170,integrated_gradients,20,20,0.017678076203446837,0.2838230440800544
cub_01170,gradient_shap,20,20,0.017686034164216834,0.233335628711211
cub_01170,occlusion,20,20,0.031568353151669726,0.723004762880737
cub_01170,guided_backprop,20,20,0.01736269967150293,0.19132818642829078
cub_01171,gradcam,20,20,0.030753154892590832,0.6371198481589091
cub_01171,gradcam++,20,20,0.02933277365227696,0.5953700481972192
cub_01171,integrated_gradients,20,20,0.023149155086139215,0.318357886665035
cub_01171,gradient_shap,20,20,0.022986928999307564,0.3289938701622305
cub_01171,occlusion,20,20,0.030302100416156462,0.5871863823093008
cub_01171,guided_backprop,20,20,0.02195788522367366,0.19423978733248076
cub_01173,gradcam,20,20,0.09451217111636653,0.9093456048576627
cub_01173,gradcam++,20,20,0.09957604898081628,0.9131011087505613
cub_01173,integrated_gradients,20,20,0.04028844645363279,0.6836457423225509
cub_01173,gradient_shap,20,20,0.029415181028889497,0.7524872993526515
cub_01173,occlusion,20,20,0.07654704347951338,0.8649172782956157
cub_01173,guided_backprop,20,20,0.03381162117002531,0.7385740015946793
cub_01177,gradcam,21,21,0.2571409857191611,0.6451122020836919
cub_01177,gradcam++,21,21,0.2183336435817182,0.6537486894289032
cub_01177,integrated_gradients,21,21,0.17802262727636847,0.5186475445749238
cub_01177,gradient_shap,21,21,0.15744054371025415,0.5891519045340828
cub_01177,occlusion,21,21,0.4457899420987815,0.4801575178396888
cub_01177,guided_backprop,21,21,0.13393937195651234,0.5935823949752375
cub_01180,gradcam,21,21,0.08949021331645783,0.6814447762095369
cub_01180,gradcam++,21,21,0.0848875090101501,0.6835809904383496
cub_01180,integrated_gradients,21,21,0.13839405204635116,0.3391977177700028
cub_01180,gradient_shap,21,21,0.10705014031846077,0.3292374193435535
cub_01180,occlusion,21,21,0.10474100138526411,0.306486128247343
cub_01180,guided_backprop,21,21,0.09528842376312242,0.5796062465524301
cub_01181,gradcam,21,21,0.09552258618350606,0.7064849206712097
cub_01181,gradcam++,21,21,0.03496023876068648,0.774218597332947
cub_01181,integrated_gradients,21,21,0.12386370541062207,0.6372027198551223
cub_01181,gradient_shap,21,21,0.11215963840950281,0.6760657949140295
cub_01181,occlusion,21,21,0.045633924345020206,0.5615856482181698
cub_01181,guided_backprop,21,21,0.11377769198734314,0.7870214623166248
cub_01185,gradcam,21,21,0.0676007034489885,0.057029431930277485
cub_01185,gradcam++,21,21,0.050355052016675485,0.06562376397196204
cub_01185,integrated_gradients,21,21,0.31951856140512974,0.06138814562000334
cub_01185,gradient_shap,21,21,0.24066816288977866,0.08362103945109993
cub_01185,occlusion,21,21,0.044253302167635414,0.05620541125535964
cub_01185,guided_backprop,21,21,0.3000161751406267,0.134755899454467
cub_01198,gradcam,21,21,0.43975543927517724,0.4462857195932884
cub_01198,gradcam++,21,21,0.611904792068526,0.7126298072515055
cub_01198,integrated_gradients,21,21,0.22340308916755022,0.5795481086941435
cub_01198,gradient_shap,21,21,0.17403782617766414,0.6288663008483126
cub_01198,occlusion,21,21,0.12493659243918957,0.5564541755942628
cub_01198,guided_backprop,21,21,0.26004554966930304,0.42688192266505204
cub_01203,gradcam,21,177,0.02450558816781268,0.1764736996847205
cub_01203,gradcam++,21,177,0.02598456213017926,0.14365525968605652
cub_01203,integrated_gradients,21,177,0.037407906970474865,0.2398044913134072
cub_01203,gradient_shap,21,177,0.05758011284051463,0.25135556462337266
cub_01203,occlusion,21,177,0.027711891091894363,0.06273204762255773
cub_01203,guided_backprop,21,177,0.04074908433249221,0.2747719611943467
cub_01204,gradcam,21,104,0.19291952936910098,0.201514456939185
cub_01204,gradcam++,21,104,0.12242457584943622,0.29645198762882496
cub_01204,integrated_gradients,21,104,0.32444892472121867,0.5700177407125011
cub_01204,gradient_shap,21,104,0.3141580615425483,0.5324007415445522
cub_01204,occlusion,21,104,0.15782428598031403,0.3495774099836126
cub_01204,guided_backprop,21,104,0.11934633704368025,0.493124949070625
cub_01205,gradcam,21,21,0.21196596671361476,0.46208580027523566
cub_01205,gradcam++,21,21,0.0377970014960738,0.4066920575452968
cub_01205,integrated_gradients,21,21,0.15636953471694146,0.41289545868057753
cub_01205,gradient_shap,21,21,0.13690781653858722,0.41623549237847324
cub_01205,occlusion,21,21,0.08540276945568623,0.3579554144991562
cub_01205,guided_backprop,21,21,0.13556858219671994,0.4857807923806831
cub_01210,gradcam,21,21,0.42243612763413696,0.28450521000195295
cub_01210,gradcam++,21,21,0.052694880871513305,0.4530428742233198
cub_01210,integrated_gradients,21,21,0.053185362089425335,0.29426227738149463
cub_01210,gradient_shap,21,21,0.05096605925355106,0.2765453887055628
cub_01210,occlusion,21,21,0.043054606788791715,0.3498711674357764
cub_01210,guided_backprop,21,21,0.0556318349437788,0.2422633462352678
cub_01221,gradcam,21,21,0.1740302246937063,0.6821292490989435
cub_01221,gradcam++,21,21,0.16947060891834556,0.679691110609565
cub_01221,integrated_gradients,21,21,0.1260064506903291,0.5731076535070314
cub_01221,gradient_shap,21,21,0.10354594774544239,0.6196917560650036
cub_01221,occlusion,21,21,0.24940236150287093,0.7139746274566279
cub_01221,guided_backprop,21,21,0.08973797764629127,0.6734244600636884
cub_01223,gradcam,21,21,0.6680696701980197,0.7750386708183215
cub_01223,gradcam++,21,21,0.6218683790357318,0.8410520935198291
cub_01223,integrated_gradients,21,21,0.5325884083984421,0.6435663284035399
cub_01223,gradient_shap,21,21,0.5119075999362396,0.6367663602810353
cub_01223,occlusion,21,21,0.5307748584775255,0.7985530406935141
cub_01223,guided_backprop,21,21,0.5187351026339457,0.6240123099414631
cub_01231,gradcam,21,21,0.12065877614368219,0.6086256771115587
cub_01231,gradcam++,21,21,0.107367612941016,0.5909524256363511
cub_01231,integrated_gradients,21,21,0.06224262418691069,0.475136487535201
cub_01231,gradient_shap,21,21,0.05562848995905369,0.5023468685569242
cub_01231,occlusion,21,21,0.16904752183472738,0.4614894763333723
cub_01231,guided_backprop,21,21,0.07563870304729789,0.502576349931769
cub_01240,gradcam,22,24,0.2281062397174537,0.8528521931031718
cub_01240,gradcam++,22,24,0.22585726216202606,0.8507965842494742
cub_01240,integrated_gradients,22,24,0.1425185354193673,0.8707827098900451
cub_01240,gradient_shap,22,24,0.1252736676251516,0.8612030439311639
cub_01240,occlusion,22,24,0.13210080732824284,0.8378989544231445
cub_01240,guided_backprop,22,24,0.19735521011753007,0.7661451058695093
cub_01241,gradcam,22,22,0.07295686946017668,0.07210997176589443
cub_01241,gradcam++,22,22,0.05313646251452156,0.11760902543319388
cub_01241,integrated_gradients,22,22,0.029207413655240096,0.1414111724356189
cub_01241,gradient_shap,22,22,0.02659089210792445,0.13758679359452797
cub_01241,occlusion,22,22,0.015356012136908249,0.12748823853908103
cub_01241,guided_backprop,22,22,0.022381584747927265,0.17081095631001517
cub_01242,gradcam,22,0,0.017718159517971798,0.3285177072568331
cub_01242,gradcam++,22,0,0.06276489536103327,0.16438907838601155
cub_01242,integrated_gradients,22,0,0.008719043216842692,0.07867818394006462
cub_01242,gradient_shap,22,0,0.00930526096490212,0.06928273495977919
cub_01242,occlusion,22,0,0.027225233439821743,0.19959089101757851
cub_01242,guided_backprop,22,0,0.011999955330975354,0.06909019620543402
cub_01245,gradcam,22,24,0.26150749877560886,0.23849643405410456
cub_01245,gradcam++,22,24,0.122430565697141,0.3351894864230417
cub_01245,integrated_gradients,22,24,0.052938803029246626,0.3818595515796915
cub_01245,gradient_shap,22,24,0.040069145022425805,0.33368791893590244
cub_01245,occlusion,22,24,0.02969301542034373,0.40032252578530464
cub_01245,guided_backprop,22,24,0.028339090221561485,0.3677027605706825
cub_01258,gradcam,22,22,0.014708477223757658,0.412144241470378
cub_01258,gradcam++,22,22,0.01655173011822626,0.32752355704433284
cub_01258,integrated_gradients,22,22,0.011521634715609253,0.17929138446925208
cub_01258,gradient_shap,22,22,0.01178159833070822,0.17795750981895253
cub_01258,occlusion,22,22,0.01647788740228862,0.39600772341946144
cub_01258,guided_backprop,22,22,0.012271750712534415,0.08270045061362906
cub_01259,gradcam,22,22,0.0248365538980579,0.5343912407755852
cub_01259,gradcam++,22,22,0.02448539671022445,0.5278882391401567
cub_01259,integrated_gradients,22,22,0.07895409836200998,0.6707890186866281
cub_01259,gradient_shap,22,22,0.03701308370800689,0.6890655407565645
cub_01259,occlusion,22,22,0.03417579025845043,0.5711120183928869
cub_01259,guided_backprop,22,22,0.06734022115124391,0.5271389197441749
cub_01263,gradcam,22,23,0.29468369237147274,0.21577988921198987
cub_01263,gradcam++,22,23,0.14418469908414408,0.3763725978089497
cub_01263,integrated_gradients,22,23,0.0497777754906565,0.27208007202134465
cub_01263,gradient_shap,22,23,0.030424704216420656,0.31516444706358016
cub_01263,occlusion,22,23,0.057933505391702056,0.41609166965354233
cub_01263,guided_backprop,22,23,0.031016478966921564,0.1794141763355583
cub_01265,gradcam,22,22,0.0973853451316245,0.7079206002061257
cub_01265,gradcam++,22,22,0.06326098897261545,0.7232967664371244
cub_01265,integrated_gradients,22,22,0.04579256498836914,0.3330625747097656
cub_01265,gradient_shap,22,22,0.035483587643830104,0.4979728276724927
cub_01265,occlusion,22,22,0.02217123302398249,0.6083566551911643
cub_01265,guided_backprop,22,22,0.029229956085328013,0.38646279087988655
cub_01268,gradcam,22,22,0.25044192424975337,0.11768625839613375
cub_01268,gradcam++,22,22,0.0182363779633306,0.3476329553755932
cub_01268,integrated_gradients,22,22,0.05740288317902014,0.24538271251367405
cub_01268,gradient_shap,22,22,0.04594853298040106,0.2701091150403954
cub_01268,occlusion,22,22,0.01638837276550476,0.2918457957799546
cub_01268,guided_backprop,22,22,0.02183482374530286,0.2839876659098081
cub_01286,gradcam,22,22,0.10747101979795844,0.20135859976289788
cub_01286,gradcam++,22,22,0.14287393598351628,0.33315957502927623
cub_01286,integrated_gradients,22,22,0.025939539723913187,0.09258212168933821
cub_01286,gradient_shap,22,22,0.027482501740450974,0.08652631627628576
cub_01286,occlusion,22,22,0.021185024495935068,0.23884368747676488
cub_01286,guided_backprop,22,22,0.06555347031680867,0.15669826697558165
cub_01287,gradcam,22,22,0.02860502507537603,0.38738502384221646
cub_01287,gradcam++,22,22,0.025530861236620694,0.4060210600699065
cub_01287,integrated_gradients,22,22,0.01407854501449037,0.23392470880644395
cub_01287,gradient_shap,22,22,0.013272917602444067,0.21258443935075774
cub_01287,occlusion,22,22,0.012914108781842515,0.3242393546970561
cub_01287,guided_backprop,22,22,0.012581720441812648,0.14923485385952515
cub_01295,gradcam,23,23,0.14865620124619452,0.5747161429608241
cub_01295,gradcam++,23,23,0.19843126351479443,0.609645712398924
cub_01295,integrated_gradients,23,23,0.04096864918246865,0.5017038794467226
cub_01295,gradient_shap,23,23,0.03475597086362541,0.4635420233244076
cub_01295,occlusion,23,23,0.05593063950072975,0.7074308082694187
cub_01295,guided_backprop,23,23,0.037943625927437094,0.5496159558417275
cub_01302,gradcam,23,23,0.4491125011816621,0.6083398076007143
cub_01302,gradcam++,23,23,0.2692482538986951,0.770935042737983
cub_01302,integrated_gradients,23,23,0.0641982189612463,0.6211521344026549
cub_01302,gradient_shap,23,23,0.07003201609477401,0.6551055287476628
cub_01302,occlusion,23,23,0.1751586230879184,0.6042458372423425
cub_01302,guided_backprop,23,23,0.04628000259399414,0.5968454187037424
cub_01303,gradcam,23,23,0.39609013400622645,0.6508091209921986
cub_01303,gradcam++,23,23,0.39609013400622645,0.6508091209921986
cub_01303,integrated_gradients,23,23,0.12139346466865393,0.7038480526534839
cub_01303,gradient_shap,23,23,0.09608258758671584,0.768924954230897
cub_01303,occlusion,23,23,0.1630761744861957,0.8362533379578962
cub_01303,guided_backprop,23,23,0.0552696890430525,0.7356107119703665
cub_01308,gradcam,23,24,0.17268466117093342,0.22667781277705212
cub_01308,gradcam++,23,24,0.08356041733641179,0.34630034529545806
cub_01308,integrated_gradients,23,24,0.13096953781787304,0.33491296689026057
cub_01308,gradient_shap,23,24,0.08458705766825006,0.35708280516555535
cub_01308,occlusion,23,24,0.09126345936674625,0.598411466460675
cub_01308,guided_backprop,23,24,0.22375574687030167,0.2744266031542793
cub_01311,gradcam,23,23,0.1940165921347216,0.8965486455941574
cub_01311,gradcam++,23,23,0.1940165921347216,0.8965486455941574
cub_01311,integrated_gradients,23,23,0.03340391429373995,0.5841407309519127
cub_01311,gradient_shap,23,23,0.03240472646430135,0.6570453424239531
cub_01311,occlusion,23,23,0.07153684790828266,0.9260122929001227
cub_01311,guided_backprop,23,23,0.03175274797249585,0.6123344242805616
cub_01313,gradcam,23,23,0.34832537213806064,0.7419487672159448
cub_01313,gradcam++,23,23,0.34836676160339264,0.7419412510702386
cub_01313,integrated_gradients,23,23,0.1474675318109803,0.37304981332272286
cub_01313,gradient_shap,23,23,0.09681935074622743,0.4083533484721556
cub_01313,occlusion,23,23,0.06780210557626559,0.6422225393820555
cub_01313,guided_backprop,23,23,0.08587292425800117,0.4225057065952569
cub_01315,gradcam,23,22,0.06223455119179563,0.38080991875613107
cub_01315,gradcam++,23,22,0.029613412229809916,0.502263470168691
cub_01315,integrated_gradients,23,22,0.04451493836822921,0.16669882030691952
cub_01315,gradient_shap,23,22,0.03585217877407559,0.19350192924030124
cub_01315,occlusion,23,22,0.019334274579887276,0.5525251343729906
cub_01315,guided_backprop,23,22,0.024579056428774497,0.26411015855846925
cub_01316,gradcam,23,23,0.04191093194531277,0.715374561981298
cub_01316,gradcam++,23,23,0.05522411367855967,0.709350990341045
cub_01316,integrated_gradients,23,23,0.029860206157900394,0.4133251555613242
cub_01316,gradient_shap,23,23,0.0273943605250679,0.4372494285926223
cub_01316,occlusion,23,23,0.033482657512649894,0.554901695647277
cub_01316,guided_backprop,23,23,0.02514808834530413,0.34058788369875403
cub_01328,gradcam,23,49,0.015090303461329314,0.13382631484419105
cub_01328,gradcam++,23,49,0.013744762172427727,0.1938748849061085
cub_01328,integrated_gradients,23,49,0.014969117392320186,0.047355441981926545
cub_01328,gradient_shap,23,49,0.014987777679925785,0.0464179622242227
cub_01328,occlusion,23,49,0.01359282367338892,0.206386080221273
cub_01328,guided_backprop,23,49,0.013354865615838207,0.08667170878034083
cub_01329,gradcam,23,23,0.24029291215701962,0.45230789596680543
cub_01329,gradcam++,23,23,0.34732495311181993,0.4839677836513147
cub_01329,integrated_gradients,23,23,0.03976104787434452,0.15587018881924447
cub_01329,gradient_shap,23,23,0.05772747421870009,0.24973195965867487
cub_01329,occlusion,23,23,0.08867417853325607,0.4372637167805806
cub_01329,guided_backprop,23,23,0.036952055734582254,0.21305308060836978
cub_01335,gradcam,23,23,0.32819018376758324,0.5417335819685831
cub_01335,gradcam++,23,23,0.34548913690960037,0.6183710616314785
cub_01335,integrated_gradients,23,23,0.052117611118592325,0.4265691726002841
cub_01335,gradient_shap,23,23,0.041306260903365914,0.517628824734129
cub_01335,occlusion,23,23,0.04881720985285939,0.5796011232072489
cub_01335,guided_backprop,23,23,0.03153791362419724,0.23773104387801142
cub_01343,gradcam,24,22,0.09975394423818215,0.7333343388396316
cub_01343,gradcam++,24,22,0.09673130981391297,0.7127098455443047
cub_01343,integrated_gradients,24,22,0.03302642438793555,0.5180378853227011
cub_01343,gradient_shap,24,22,0.026984057667141317,0.4861422686255537
cub_01343,occlusion,24,22,0.052073358825873585,0.7374784491839819
cub_01343,guided_backprop,24,22,0.029582166589170813,0.30561413577524943
cub_01353,gradcam,24,23,0.5128358814516105,0.14977869025897234
cub_01353,gradcam++,24,23,0.18810472222976385,0.2597143991384655
cub_01353,integrated_gradients,24,23,0.08261800624313763,0.3134535244782456
cub_01353,gradient_shap,24,23,0.09591119460528716,0.31077188008930534
cub_01353,occlusion,24,23,0.0974541489733383,0.35211462622974066
cub_01353,guided_backprop,24,23,0.04646032841410489,0.26755427208263427
cub_01355,gradcam,24,24,0.04486695021623745,0.3109684175113216
cub_01355,gradcam++,24,24,0.10714317393722013,0.15367758778156712
cub_01355,integrated_gradients,24,24,0.02960123920347542,0.37131464133271946
cub_01355,gradient_shap,24,24,0.02322680703364313,0.420870734914206
cub_01355,occlusion,24,24,0.05812902429606766,0.5707390776136889
cub_01355,guided_backprop,24,24,0.02879196042194962,0.30052321872208265
cub_01361,gradcam,24,22,0.09561871235491708,0.45589519800851114
cub_01361,gradcam++,24,22,0.07947725848061965,0.4955442831735126
cub_01361,integrated_gradients,24,22,0.11868555371183903,0.6217599650728515
cub_01361,gradient_shap,24,22,0.05536251483717933,0.6335340356337837
cub_01361,occlusion,24,22,0.02597953629956464,0.2522580121527426
cub_01361,guided_backprop,24,22,0.033966354883159515,0.6243965411442333
cub_01365,gradcam,24,0,0.04025992536335253,0.15035594772125477
cub_01365,gradcam++,24,0,0.027586699824314564,0.2219439672266162
cub_01365,integrated_gradients,24,0,0.013845741358818487,0.0638383539218921
cub_01365,gradient_shap,24,0,0.014326683303806933,0.04200071006780488
cub_01365,occlusion,24,0,0.018195205298252404,0.13863995424471792
cub_01365,guided_backprop,24,0,0.01504958166042343,0.1113392695202492
cub_01368,gradcam,24,22,0.02872695170808584,0.25699681207333924
cub_01368,gradcam++,24,22,0.020183593584806658,0.28325519720965525
cub_01368,integrated_gradients,24,22,0.01543477316736244,0.21969820380909366
cub_01368,gradient_shap,24,22,0.015548095660051331,0.19181946780299766
cub_01368,occlusion,24,22,0.01677074522594921,0.25608691716333853
cub_01368,guided_backprop,24,22,0.015049836461548694,0.16696502574486657
cub_01374,gradcam,24,24,0.41456394674023617,0.27220557330729206
cub_01374,gradcam++,24,24,0.12032654039867341,0.5156754388706759
cub_01374,integrated_gradients,24,24,0.11717888147104531,0.6152962846914306
cub_01374,gradient_shap,24,24,0.12252093453425915,0.5961015267530456
cub_01374,occlusion,24,24,0.07473268768808339,0.6344285970786587
cub_01374,guided_backprop,24,24,0.1182020109379664,0.5009970522718503
cub_01377,gradcam,24,24,0.1194198017474264,0.09423923163558355
cub_01377,gradcam++,24,24,0.07409787327051162,0.10881610028736759
cub_01377,integrated_gradients,24,24,0.0820751491235569,0.3796965007903054
cub_01377,gradient_shap,24,24,0.067650024429895,0.3873896032571793
cub_01377,occlusion,24,24,0.05326967802830041,0.20358403918799012
cub_01377,guided_backprop,24,24,0.11704761025030166,0.359145611175336
cub_01378,gradcam,24,85,0.1193669175147079,0.09468955654883755
cub_01378,gradcam++,24,85,0.3222051876131446,0.08370282828691414
cub_01378,integrated_gradients,24,85,0.1684623573557474,0.3441202508634888
cub_01378,gradient_shap,24,85,0.17993434196105226,0.29726618774002417
cub_01378,occlusion,24,85,0.023868851392762732,0.021868087371694843
cub_01378,guided_backprop,24,85,0.28606141706695787,0.6805063924170099
cub_01384,gradcam,24,89,0.09629677154589444,0.36827384578064076
cub_01384,gradcam++,24,89,0.1402229960076511,0.3307307409122586
cub_01384,integrated_gradients,24,89,0.06321066380478442,0.44225657755741854
cub_01384,gradient_shap,24,89,0.04837489763740451,0.4844338152324781
cub_01384,occlusion,24,89,0.08918868501204998,0.35032588706817475
cub_01384,guided_backprop,24,89,0.045755585026927295,0.31557502679061145
cub_01390,gradcam,24,24,0.15716605997877195,0.9002087885746732
cub_01390,gradcam++,24,24,0.15732131731347188,0.8977698052534835
cub_01390,integrated_gradients,24,24,0.05051492867060005,0.8520656472886913
cub_01390,gradient_shap,24,24,0.030383447289932516,0.8582298396388068
cub_01390,occlusion,24,24,0.3555808697827161,0.7161383615108207
cub_01390,guided_backprop,24,24,0.032534302002750336,0.8842108113924042
cub_01392,gradcam,24,24,0.31667628328432335,0.8273578206310048
cub_01392,gradcam++,24,24,0.42817670589720364,0.7057760354597121
cub_01392,integrated_gradients,24,24,0.14317974651348778,0.8670204190770162
cub_01392,gradient_shap,24,24,0.12109507476561703,0.8685066176811232
cub_01392,occlusion,24,24,0.3415720858320129,0.8315853318432346
cub_01392,guided_backprop,24,24,0.08861626668804093,0.7991824986645952
cub_01404,gradcam,25,25,0.05172558752819895,0.6080279778456315
cub_01404,gradcam++,25,25,0.09704640163690785,0.6308065113797056
cub_01404,integrated_gradients,25,25,0.022876593042747122,0.7739531474071555
cub_01404,gradient_shap,25,25,0.02410397414205363,0.8075991095858627
cub_01404,occlusion,25,25,0.021860149911663025,0.6348167585092597
cub_01404,guided_backprop,25,25,0.02089392503694398,0.6470137318479828
cub_01415,gradcam,25,25,0.09365085366589485,0.6832647445000475
cub_01415,gradcam++,25,25,0.09372495763818733,0.693125112564303
cub_01415,integrated_gradients,25,25,0.02638329098699615,0.7104754617321305
cub_01415,gradient_shap,25,25,0.02549279044324067,0.7034580258186905
cub_01415,occlusion,25,25,0.025505816926306577,0.7116436621057802
cub_01415,guided_backprop,25,25,0.0225222211345681,0.4785529772227164
cub_01418,gradcam,25,25,0.0761810119911388,0.8042718129116112
cub_01418,gradcam++,25,25,0.09339135154586983,0.8123907448374665
cub_01418,integrated_gradients,25,25,0.026242707832716403,0.8660818653064779
cub_01418,gradient_shap,25,25,0.02722060812520795,0.8697667019325308
cub_01418,occlusion,25,25,0.041767459259426695,0.836669661279302
cub_01418,guided_backprop,25,25,0.024915613379562274,0.7969953270512633
cub_01422,gradcam,25,25,0.07432566497591324,0.7550702500768238
cub_01422,gradcam++,25,25,0.20792336259619332,0.7363498302947846
cub_01422,integrated_gradients,25,25,0.029208765202201902,0.6703236302244476
cub_01422,gradient_shap,25,25,0.027576723450329153,0.6922705072793179
cub_01422,occlusion,25,25,0.07039530183828901,0.7705461939680389
cub_01422,guided_backprop,25,25,0.026542491425061602,0.742316322575789
cub_01423,gradcam,25,25,0.034300280170282346,0.8377515451866201
cub_01423,gradcam++,25,25,0.04142862681474071,0.8466557847219519
cub_01423,integrated_gradients,25,25,0.02726954192039557,0.762927742570173
cub_01423,gradient_shap,25,25,0.027505548004410237,0.7648889630101621
cub_01423,occlusion,25,25,0.025299716953304595,0.7051196051645093
cub_01423,guided_backprop,25,25,0.025206110815634026,0.48913901870837423
cub_01424,gradcam,25,25,0.12771388500696051,0.8932780491071753
cub_01424,gradcam++,25,25,0.1031273808795959,0.8916838443896268
cub_01424,integrated_gradients,25,25,0.027579616982256992,0.8535501705366189
cub_01424,gradient_shap,25,25,0.02882142211310565,0.8866612868267113
cub_01424,occlusion,25,25,0.05305624634493143,0.8755877675372176
cub_01424,guided_backprop,25,25,0.026571733079617847,0.8770565496641209
cub_01430,gradcam,25,25,0.08198482726147632,0.7961051376361865
cub_01430,gradcam++,25,25,0.11748522387351842,0.7603792512556538
cub_01430,integrated_gradients,25,25,0.027493846882134677,0.7602453910571056
cub_01430,gradient_shap,25,25,0.027752637403318653,0.7484807215747425
cub_01430,occlusion,25,25,0.039229726561461585,0.7403795597958378
cub_01430,guided_backprop,25,25,0.02629085827502422,0.7767650844412857
cub_01434,gradcam,25,25,0.07543642043310683,0.7466884866706096
cub_01434,gradcam++,25,25,0.17446365879150114,0.8099912397447042
cub_01434,integrated_gradients,25,25,0.02971819160738961,0.8321873845416121
cub_01434,gradient_shap,25,25,0.030710732663283127,0.8729979174095206
cub_01434,occlusion,25,25,0.03524955504108221,0.7686680789920501
cub_01434,guided_backprop,25,25,0.023335668217623607,0.7710551760043016
cub_01436,gradcam,25,25,0.06005890782689677,0.23853735910379326
cub_01436,gradcam++,25,25,0.02721236097204383,0.4019608785980381
cub_01436,integrated_gradients,25,25,0.020976012523169635,0.16998468951933315
cub_01436,gradient_shap,25,25,0.020854567037895327,0.16512886238051575
cub_01436,occlusion,25,25,0.03348017213284038,0.5484622959163972
cub_01436,guided_backprop,25,25,0.019586707830603702,0.058689833472453726
cub_01444,gradcam,25,25,0.05851543238895829,0.8662797941360624
cub_01444,gradcam++,25,25,0.06765344920931966,0.8650326636503451
cub_01444,integrated_gradients,25,25,0.027720437155221593,0.7165594352525659
cub_01444,gradient_shap,25,25,0.027335216006031258,0.7955896603292786
cub_01444,occlusion,25,25,0.029538769388454972,0.8560733105172403
cub_01444,guided_backprop,25,25,0.026452872061054223,0.6832600928726605
cub_01454,gradcam,25,25,0.01966693655958806,0.8234823660808616
cub_01454,gradcam++,25,25,0.019618561549395966,0.7672328776912763
cub_01454,integrated_gradients,25,25,0.021574395560310218,0.756036749834311
cub_01454,gradient_shap,25,25,0.02193110942462226,0.7580131228896789
cub_01454,occlusion,25,25,0.019851127902802548,0.8214579181629232
cub_01454,guided_backprop,25,25,0.0206713630228478,0.6960317247197964
cub_01462,gradcam,25,25,0.031824144587153574,0.6808375447755681
cub_01462,gradcam++,25,25,0.0892535373190185,0.7703319593216292
cub_01462,integrated_gradients,25,25,0.02552780680416617,0.6360625042580068
cub_01462,gradient_shap,25,25,0.02548001383547671,0.6977145735058002
cub_01462,occlusion,25,25,0.024882324665668424,0.8074984999257139
cub_01462,guided_backprop,25,25,0.02403589473469765,0.5357593035208993
cub_01465,gradcam,26,26,0.09916036998620259,0.830447334703058
cub_01465,gradcam++,26,26,0.11573286257917062,0.8484244762687012
cub_01465,integrated_gradients,26,26,0.02539155707054306,0.706853134186531
cub_01465,gradient_shap,26,26,0.025649966479977592,0.7569080575311091
cub_01465,occlusion,26,26,0.030014434939948844,0.8318117814953438
cub_01465,guided_backprop,26,26,0.025570666157727826,0.3741769276733975
cub_01469,gradcam,26,10,0.020616087719099598,0.3201642801170238
cub_01469,gradcam++,26,10,0.021898357674945145,0.3386243410350289
cub_01469,integrated_gradients,26,10,0.01918488164374139,0.18551672706089445
cub_01469,gradient_shap,26,10,0.018844404636183757,0.15299450141537813
cub_01469,occlusion,26,10,0.019256051208503776,0.4216261577937985
cub_01469,guided_backprop,26,10,0.01911002357373946,0.12866604081646071
cub_01474,gradcam,26,26,0.030300746799912306,0.5488680728827604
cub_01474,gradcam++,26,26,0.04594317178707571,0.5914137077168562
cub_01474,integrated_gradients,26,26,0.013289893569890411,0.11779621064488308
cub_01474,gradient_shap,26,26,0.013154486363055187,0.12221878711570752
cub_01474,occlusion,26,26,0.013533236384682824,0.15310000075260177
cub_01474,guided_backprop,26,26,0.01322278661536984,0.0867810599884251
cub_01477,gradcam,26,106,0.009589642643550179,0.43426717359106987
cub_01477,gradcam++,26,106,0.011196801042024163,0.24282386931590735
cub_01477,integrated_gradients,26,106,0.01147559555247426,0.0884465098264627
cub_01477,gradient_shap,26,106,0.010311319833272136,0.12002043455140667
cub_01477,occlusion,26,106,0.010448304150486368,0.361085852002725
cub_01477,guided_backprop,26,106,0.012320881927735172,0.06965822656638919
cub_01478,gradcam,26,26,0.022580036593717524,0.3072565237642266
cub_01478,gradcam++,26,26,0.016100720685790288,0.35776311239460484
cub_01478,integrated_gradients,26,26,0.007206773578218417,0.028292388535191993
cub_01478,gradient_shap,26,26,0.007192678666979191,0.028118743917002566
cub_01478,occlusion,26,26,0.009030514120240694,0.06875821755966172
cub_01478,guided_backprop,26,26,0.007419845251934021,0.027391581384290466
cub_01479,gradcam,26,26,0.0660543980622606,0.8052878250018694
cub_01479,gradcam++,26,26,0.06641422589309513,0.8067673676298
cub_01479,integrated_gradients,26,26,0.02037491945557122,0.49303641122533015
cub_01479,gradient_shap,26,26,0.020264067010793956,0.5096835915639532
cub_01479,occlusion,26,26,0.028525026436182092,0.6704070438281634
cub_01479,guided_backprop,26,26,0.020412866997503443,0.27620526057435196
cub_01486,gradcam,26,28,0.023028402483396354,0.3880779373357654
cub_01486,gradcam++,26,28,0.024543250132046522,0.34632130478275935
cub_01486,integrated_gradients,26,28,0.02043172306657652,0.3248379404249135
cub_01486,gradient_shap,26,28,0.02043909269250435,0.23525659580773203
cub_01486,occlusion,26,28,0.05576975415642665,0.5048692324518924
cub_01486,guided_backprop,26,28,0.020375105243510917,0.14542403662489956
