sample_id,method,label,target,deletion_auc,insertion_auc
cub_00001,gradcam,0,0,0.12277720729471184,0.3794453683658502
cub_00001,gradcam++,0,0,0.21439797091879886,0.3374515925650484
cub_00001,integrated_gradients,0,0,0.12930521232774483,0.26587929024535695
cub_00001,gradient_shap,0,0,0.131641307764221,0.30721413034480066
cub_00001,occlusion,0,0,0.4810497743426823,0.4302230554749258
cub_00001,guided_backprop,0,0,0.31170315033523366,0.2731333042611368
cub_00002,gradcam,0,0,0.0976095324731432,0.7806854170165025
cub_00002,gradcam++,0,0,0.09194256698247047,0.7779607847216539
cub_00002,integrated_gradients,0,0,0.15336713945725933,0.7361680515925398
cub_00002,gradient_shap,0,0,0.10227864227490502,0.8280868794186972
cub_00002,occlusion,0,0,0.5067390965647064,0.8927252772613429
cub_00002,guided_backprop,0,0,0.28801081603160134,0.5382898794603533
cub_00014,gradcam,0,0,0.11332787639694292,0.7532224118825979
cub_00014,gradcam++,0,0,0.10708592139417307,0.7892557730316184
cub_00014,integrated_gradients,0,0,0.09733877958497036,0.6509763600188307
cub_00014,gradient_shap,0,0,0.08542916695587338,0.673707658064086
cub_00014,occlusion,0,0,0.48979284419910984,0.8169156582443975
cub_00014,guided_backprop,0,0,0.10982179605634883,0.6345544075476938
cub_00017,gradcam,0,0,0.09842778180027383,0.8101980324252508
cub_00017,gradcam++,0,0,0.10074943196959794,0.7832869968726301
cub_00017,integrated_gradients,0,0,0.2395376193569973,0.6356734814238735
cub_00017,gradient_shap,0,0,0.2230261685443111,0.6140035235788672
cub_00017,occlusion,0,0,0.5870219671516679,0.8585615012212657
cub_00017,guided_backprop,0,0,0.3768989962642081,0.5287785731721669
cub_00018,gradcam,0,0,0.12352994749089706,0.5914273610687815
cub_00018,gradcam++,0,0,0.19874571099644528,0.46279606440803034
cub_00018,integrated_gradients,0,0,0.08468169403495268,0.5629742872784846
cub_00018,gradient_shap,0,0,0.06980881177587436,0.5829219348612241
cub_00018,occlusion,0,0,0.2844280970399269,0.6704909977852367
cub_00018,guided_backprop,0,0,0.0919665064429864,0.5331233849399724
cub_00020,gradcam,0,0,0.06944804795784877,0.551529051864054
cub_00020,gradcam++,0,0,0.1276738782296889,0.2642600878723897
cub_00020,integrated_gradients,0,0,0.04362195171997883,0.34834844538709153
cub_00020,gradient_shap,0,0,0.034730628691613676,0.34044602141657376
cub_00020,occlusion,0,0,0.06112945571076125,0.5959880802198313
cub_00020,guided_backprop,0,0,0.042844684177543974,0.20903751494479364
cub_00029,gradcam,0,0,0.0843711130437441,0.6888124678633176
cub_00029,gradcam++,0,0,0.1108460078481585,0.6627651663380675
cub_00029,integrated_gradients,0,0,0.10355249514104799,0.5579072669032029
cub_00029,gradient_shap,0,0,0.1065436550998129,0.5502448105136863
cub_00029,occlusion,0,0,0.2173742326325737,0.8177203382714651
cub_00029,guided_backprop,0,0,0.10708719613030553,0.6163265610230154
cub_00035,gradcam,0,0,0.1524146914249286,0.6609467108151875
cub_00035,gradcam++,0,0,0.1959664351306856,0.6120589958853088
cub_00035,integrated_gradients,0,0,0.09514047232223677,0.655273208685685
cub_00035,gradient_shap,0,0,0.08412218510638925,0.6648518215748481
cub_00035,occlusion,0,0,0.3409043527790345,0.7245011290418916
cub_00035,guided_backprop,0,0,0.10439315809635447,0.5849579875706696
cub_00042,gradcam,0,0,0.18328227653400975,0.5196083377464674
cub_00042,gradcam++,0,0,0.12126885721227156,0.444647918723058
cub_00042,integrated_gradients,0,0,0.05749568698229268,0.2314172951853834
cub_00042,gradient_shap,0,0,0.02875959809171036,0.3007471086224541
cub_00042,occlusion,0,0,0.15991176774259655,0.47343945236643775
cub_00042,guided_backprop,0,0,0.1392671884270385,0.210639897899091
cub_00044,gradcam,0,0,0.1136582839448238,0.8177366202115081
cub_00044,gradcam++,0,0,0.12486243802704848,0.8236233801930211
cub_00044,integrated_gradients,0,0,0.09485106967622414,0.8596941145020537
cub_00044,gradient_shap,0,0,0.08986018471186981,0.83777402973501
cub_00044,occlusion,0,0,0.306992533931043,0.7909409040003084
cub_00044,guided_backprop,0,0,0.18304088312434036,0.7448276265873575
cub_00050,gradcam,0,0,0.14157943770987913,0.43515295715769753
cub_00050,gradcam++,0,0,0.12011343026533725,0.38092768861679366
cub_00050,integrated_gradients,0,0,0.05640087571227924,0.39218630612595
cub_00050,gradient_shap,0,0,0.03533909256802873,0.5221809254609979
cub_00050,occlusion,0,0,0.14423052225029098,0.6548956859274767
cub_00050,guided_backprop,0,0,0.04723108677426355,0.30788560829823836
cub_00055,gradcam,0,0,0.12834939326858147,0.5250893469317817
cub_00055,gradcam++,0,0,0.13207596061984075,0.46400010721990836
cub_00055,integrated_gradients,0,0,0.07093941183993592,0.29378882328746836
cub_00055,gradient_shap,0,0,0.0782446639146656,0.2579075214569457
cub_00055,occlusion,0,0,0.11511337257688865,0.5860100233345292
cub_00055,guided_backprop,0,0,0.09684213182190433,0.2328686592751182
cub_00065,gradcam,1,1,0.2882272127782926,0.7126161251217127
cub_00065,gradcam++,1,1,0.30057907626032826,0.6980291839223356
cub_00065,integrated_gradients,1,1,0.08030942458426579,0.6617480429355055
cub_00065,gradient_shap,1,1,0.07294177166186273,0.6376377266133204
cub_00065,occlusion,1,1,0.13110034688143055,0.8544066296890378
cub_00065,guided_backprop,1,1,0.08874795276205988,0.308590046322206
cub_00072,gradcam,1,1,0.19395355867454778,0.8028478912543505
cub_00072,gradcam++,1,1,0.285091337497579,0.7808964974712581
cub_00072,integrated_gradients,1,1,0.04322311854921282,0.5584244124009274
cub_00072,gradient_shap,1,1,0.06272259028628469,0.5257128001423552
cub_00072,occlusion,1,1,0.540274134092033,0.7807328482158483
cub_00072,guided_backprop,1,1,0.0820167786208913,0.5523680640966632
cub_00073,gradcam,1,1,0.0957231560139917,0.7110616781632416
cub_00073,gradcam++,1,1,0.1855394363286905,0.6273255882784723
cub_00073,integrated_gradients,1,1,0.02614044282818213,0.6915046461042949
cub_00073,gradient_shap,1,1,0.033009927463717746,0.7100502997520378
cub_00073,occlusion,1,1,0.1208335662202444,0.6747726569883525
cub_00073,guided_backprop,1,1,0.035396843537455425,0.5306331886327825
cub_00076,gradcam,1,1,0.1751553200068884,0.9070752653293311
cub_00076,gradcam++,1,1,0.21275303650181746,0.8932244235184044
cub_00076,integrated_gradients,1,1,0.05042588140349836,0.7806284999474883
cub_00076,gradient_shap,1,1,0.03916272731730713,0.834603014914319
cub_00076,occlusion,1,1,0.06933551857946442,0.9141101124696434
cub_00076,guided_backprop,1,1,0.04988375302636996,0.6051295266486705
cub_00080,gradcam,1,1,0.038623508808814225,0.8201286601834
cub_00080,gradcam++,1,1,0.05488634266366718,0.7762739545665681
cub_00080,integrated_gradients,1,1,0.040346044558100404,0.5702559725497848
cub_00080,gradient_shap,1,1,0.046287718752864755,0.6390668940555769
cub_00080,occlusion,1,1,0.030484378140681657,0.8069232131354511
cub_00080,guided_backprop,1,1,0.06500217954162509,0.2953895908722187
cub_00083,gradcam,1,1,0.09572188020101749,0.9336619782261549
cub_00083,gradcam++,1,1,0.13204510399373248,0.8630250560585409
cub_00083,integrated_gradients,1,1,0.11421907373005526,0.8398567240219562
cub_00083,gradient_shap,1,1,0.06923911949270406,0.8360575608094224
cub_00083,occlusion,1,1,0.08044646827620454,0.9301433014683426
cub_00083,guided_backprop,1,1,0.26569293113425374,0.6063703819643707
cub_00101,gradcam,1,1,0.03531328996177763,0.3950850735418498
cub_00101,gradcam++,1,1,0.034890236653154716,0.4199173380620777
cub_00101,integrated_gradients,1,1,0.03696865951642394,0.4331367152743042
cub_00101,gradient_shap,1,1,0.031668777344748385,0.452756075002253
cub_00101,occlusion,1,1,0.04500900036655366,0.5784900912898592
cub_00101,guided_backprop,1,1,0.048995361966080966,0.4707960503175855
cub_00108,gradcam,1,1,0.05280642756260932,0.8144332549534739
cub_00108,gradcam++,1,1,0.03584259793860838,0.7838634976185859
cub_00108,integrated_gradients,1,1,0.03536581150256098,0.7771392058813945
cub_00108,gradient_shap,1,1,0.03204858072567731,0.7891642876900733
cub_00108,occlusion,1,1,0.13617961602285505,0.804078430403024
cub_00108,guided_backprop,1,1,0.07672759394627064,0.7630049143801443
cub_00109,gradcam,1,1,0.06134017965523527,0.32435630820691586
cub_00109,gradcam++,1,1,0.09793520992388947,0.2941113843393396
cub_00109,integrated_gradients,1,1,0.04390395946102217,0.07323417889128903
cub_00109,gradient_shap,1,1,0.043178722751326865,0.06152992271818218
cub_00109,occlusion,1,1,0.11299200556240974,0.3726773506845347
cub_00109,guided_backprop,1,1,0.07124217322561892,0.09859642155934123
cub_00110,gradcam,1,1,0.012052754024625755,0.33075573099777095
cub_00110,gradcam++,1,1,0.01032903767481912,0.3764692055992782
cub_00110,integrated_gradients,1,1,0.013899378990754488,0.3091967058484443
cub_00110,gradient_shap,1,1,0.014106934610754253,0.28005811404436826
cub_00110,occlusion,1,1,0.03146427464089356,0.5742543513886631
cub_00110,guided_backprop,1,1,0.01589384283870459,0.3062504923902452
cub_00118,gradcam,1,1,0.14575282568112016,0.855812007735949
cub_00118,gradcam++,1,1,0.18677703931462017,0.8315866707474924
cub_00118,integrated_gradients,1,1,0.0349469356238842,0.6759587520034984
cub_00118,gradient_shap,1,1,0.04059488649945706,0.6737021480221301
cub_00118,occlusion,1,1,0.04884362518787384,0.9079246266745029
cub_00118,guided_backprop,1,1,0.03711367040523327,0.5348515420453622
cub_00120,gradcam,1,1,0.10073112157406286,0.7344760219566524
cub_00120,gradcam++,1,1,0.08296925296308472,0.7620961376698688
cub_00120,integrated_gradients,1,1,0.02737042506923899,0.654888798110187
cub_00120,gradient_shap,1,1,0.02773019422311336,0.690798009140417
cub_00120,occlusion,1,1,0.031625892559532076,0.8016381862573325
cub_00120,guided_backprop,1,1,0.030196989467367538,0.7108819657936692
cub_00127,gradcam,2,2,0.036562934145331384,0.44574036125559363
cub_00127,gradcam++,2,2,0.03220543859060854,0.4703773222165183
cub_00127,integrated_gradients,2,2,0.01955457883886993,0.5465191983850674
cub_00127,gradient_shap,2,2,0.019903920427896078,0.5710718644084409
cub_00127,occlusion,2,2,0.04937203815206886,0.43213272218126797
cub_00127,guided_backprop,2,2,0.021952198597136884,0.49043869869783513
cub_00129,gradcam,2,2,0.033778364537283785,0.5911430278094485
cub_00129,gradcam++,2,2,0.031172330782283094,0.5779452849179506
cub_00129,integrated_gradients,2,2,0.031894772057421514,0.6381417727330699
cub_00129,gradient_shap,2,2,0.031179220404010267,0.7236170294927433
cub_00129,occlusion,2,2,0.0326922235544771,0.773339875531383
cub_00129,guided_backprop,2,2,0.03001238836441189,0.6373027588939295
cub_00134,gradcam,2,2,0.06906062735943123,0.912734549981542
cub_00134,gradcam++,2,2,0.0931350092869252,0.8331504983128981
cub_00134,integrated_gradients,2,2,0.13239917994942516,0.8151838173856958
cub_00134,gradient_shap,2,2,0.11143853912362829,0.8051041186088697
cub_00134,occlusion,2,2,0.05899326702347026,0.9503359285416082
cub_00134,guided_backprop,2,2,0.19926917713601147,0.5299403626937419
cub_00139,gradcam,2,2,0.07312765880487859,0.8144395040581003
cub_00139,gradcam++,2,2,0.08228476663352922,0.7280546150403097
cub_00139,integrated_gradients,2,2,0.033950825739884755,0.6448434023070149
cub_00139,gradient_shap,2,2,0.0351916718238499,0.6749042669311165
cub_00139,occlusion,2,2,0.06706497506238521,0.877171963197179
cub_00139,guided_backprop,2,2,0.03769856268772855,0.6686224753968417
cub_00144,gradcam,2,2,0.08966607526817823,0.8934371282579378
cub_00144,gradcam++,2,2,0.07273807852470782,0.9107179981889203
cub_00144,integrated_gradients,2,2,0.06687630015658216,0.7519804288400337
cub_00144,gradient_shap,2,2,0.06340140032698399,0.7244442584691568
cub_00144,occlusion,2,2,0.07918416088214145,0.8939256859244777
cub_00144,guided_backprop,2,2,0.1108882748783799,0.7289472751086578
cub_00154,gradcam,2,2,0.0433037888549734,0.7443412211956455
cub_00154,gradcam++,2,2,0.043002869078191,0.7216847804607823
cub_00154,integrated_gradients,2,2,0.027277446328662334,0.7279225615086035
cub_00154,gradient_shap,2,2,0.02750475842040032,0.7274619636358692
cub_00154,occlusion,2,2,0.03925136068137362,0.6844761190237477
cub_00154,guided_backprop,2,2,0.032677752978634095,0.4485114016919397
cub_00156,gradcam,2,2,0.03958908023778349,0.7580495460191741
cub_00156,gradcam++,2,2,0.07269411069573833,0.7348060136893764
cub_00156,integrated_gradients,2,2,0.03463088474236428,0.7378726930124685
cub_00156,gradient_shap,2,2,0.03465269271982835,0.7522968821460381
cub_00156,occlusion,2,2,0.03316119069932029,0.7908698586048558
cub_00156,guided_backprop,2,2,0.03773020476801322,0.5206447119824588
cub_00160,gradcam,2,2,0.3039583014731761,0.9126769152702764
cub_00160,gradcam++,2,2,0.31249305211240425,0.8595407475950195
cub_00160,integrated_gradients,2,2,0.19245526663726195,0.7805521934991703
cub_00160,gradient_shap,2,2,0.2288989492924884,0.7409107563551516
cub_00160,occlusion,2,2,0.5053784506337252,0.8309264485957102
cub_00160,guided_backprop,2,2,0.4736483167391271,0.6642607441870495
cub_00173,gradcam,2,2,0.061277741589583455,0.8516109233023599
cub_00173,gradcam++,2,2,0.06405816497281196,0.829889061790891
cub_00173,integrated_gradients,2,2,0.0512748581590131,0.6758849919075146
cub_00173,gradient_shap,2,2,0.035887981532141566,0.7403613414382562
cub_00173,occlusion,2,2,0.042295997973997135,0.7653543725376947
cub_00173,guided_backprop,2,2,0.04455098048783838,0.445881279592868
cub_00174,gradcam,2,2,0.022066255065146836,0.5759110394632444
cub_00174,gradcam++,2,2,0.026151229511015117,0.5935861011268571
cub_00174,integrated_gradients,2,2,0.01924375887028873,0.4995638337801211
cub_00174,gradient_shap,2,2,0.02007050681859255,0.47282071493100375
cub_00174,occlusion,2,2,0.03588914766442031,0.46449345436412837
cub_00174,guided_backprop,2,2,0.020077530469279733,0.6147852433496155
cub_00175,gradcam,2,2,0.13387225139886144,0.9292062682332473
cub_00175,gradcam++,2,2,0.1487846673699096,0.9251047720434145
cub_00175,integrated_gradients,2,2,0.04543593113776297,0.8801903622457756
cub_00175,gradient_shap,2,2,0.04183751097880303,0.884006526810117
cub_00175,occlusion,2,2,0.08086110909935089,0.9623560440959409
cub_00175,guided_backprop,2,2,0.06476878350367771,0.8044079927029089
cub_00176,gradcam,2,2,0.29232433133292945,0.923040431481786
cub_00176,gradcam++,2,2,0.35454067502287223,0.8983005372108892
cub_00176,integrated_gradients,2,2,0.1873510169330984,0.8850186719791963
cub_00176,gradient_shap,2,2,0.16120260200696065,0.876266007614322
cub_00176,occlusion,2,2,0.6811983972438611,0.9361360696377232
cub_00176,guided_backprop,2,2,0.3015707507263869,0.7933018135605381
cub_00182,gradcam,3,3,0.11582353877602146,0.8336705605033785
cub_00182,gradcam++,3,3,0.06928855337318965,0.7752182845491915
cub_00182,integrated_gradients,3,3,0.05206039923941717,0.7015257775085046
cub_00182,gradient_shap,3,3,0.05121071204775945,0.7155940765282139
cub_00182,occlusion,3,3,0.2272390668746084,0.8764933580998332
cub_00182,guided_backprop,3,3,0.08817235487513245,0.6433679666835814
cub_00187,gradcam,3,3,0.20986900524003435,0.7308355933520942
cub_00187,gradcam++,3,3,0.22796406165580266,0.7291757764760405
cub_00187,integrated_gradients,3,3,0.10586084500537253,0.48307286200579247
cub_00187,gradient_shap,3,3,0.09433616626629372,0.563364469865337
cub_00187,occlusion,3,3,0.2219074816675857,0.7819531677756458
cub_00187,guided_backprop,3,3,0.05661919460981153,0.45564903789199895
cub_00198,gradcam,3,3,0.18910699265543374,0.7508050281554459
cub_00198,gradcam++,3,3,0.258518656110391,0.6422389349434524
cub_00198,integrated_gradients,3,3,0.047848027094732966,0.4982261872035451
cub_00198,gradient_shap,3,3,0.06644181745359676,0.4797115189954638
cub_00198,occlusion,3,3,0.3963614655658603,0.771389719331637
cub_00198,guided_backprop,3,3,0.0727919897530228,0.42450454502832147
cub_00201,gradcam,3,3,0.057936709663772505,0.8003342657815664
cub_00201,gradcam++,3,3,0.03845758976822254,0.8096129267010838
cub_00201,integrated_gradients,3,3,0.029348669864702973,0.7619718374684453
cub_00201,gradient_shap,3,3,0.02802478308440186,0.7944979379884899
cub_00201,occlusion,3,3,0.06045741339912639,0.893946441495791
cub_00201,guided_backprop,3,3,0.02962832111516036,0.6690026950440369
cub_00202,gradcam,3,3,0.019707505896803923,0.3722914297599345
cub_00202,gradcam++,3,3,0.018523995279974774,0.3435453142039478
cub_00202,integrated_gradients,3,3,0.053172930651635406,0.12894323412328956
cub_00202,gradient_shap,3,3,0.05188661932479591,0.12444811700843274
cub_00202,occlusion,3,3,0.04189099823124707,0.47445737817324707
cub_00202,guided_backprop,3,3,0.059918224427383406,0.1451467826962471
cub_00203,gradcam,3,3,0.11821048138663172,0.7701768470462412
cub_00203,gradcam++,3,3,0.10042020604014396,0.737829408282414
cub_00203,integrated_gradients,3,3,0.09754383896943183,0.400412208167836
cub_00203,gradient_shap,3,3,0.08866306907730179,0.5847858529537916
cub_00203,occlusion,3,3,0.5357739315135405,0.8442064429167658
cub_00203,guided_backprop,3,3,0.1850754329236224,0.3896129770728293
cub_00217,gradcam,3,3,0.10611085237469522,0.8168153057340533
cub_00217,gradcam++,3,3,0.1468305983114988,0.8040127436164766
cub_00217,integrated_gradients,3,3,0.036910285125486546,0.7409728792961686
cub_00217,gradient_shap,3,3,0.04716408487875015,0.7824940531048924
cub_00217,occlusion,3,3,0.4901795691344888,0.8832575226668269
cub_00217,guided_backprop,3,3,0.07682757521979512,0.6517616053111851
cub_00219,gradcam,3,3,0.1585449709207751,0.5345003433525563
cub_00219,gradcam++,3,3,0.08914417380001396,0.6663117850665005
cub_00219,integrated_gradients,3,3,0.044755889766383915,0.508371844748035
cub_00219,gradient_shap,3,3,0.0399659498827532,0.5289142102003098
cub_00219,occlusion,3,3,0.31685788915492596,0.7480507554952054
cub_00219,guided_backprop,3,3,0.057790374697651706,0.45922316336072977
cub_00222,gradcam,3,3,0.19357206714339556,0.46155935325659814
cub_00222,gradcam++,3,3,0.09750702101737262,0.47855798751115797
cub_00222,integrated_gradients,3,3,0.14741605109302325,0.31438629240728916
cub_00222,gradient_shap,3,3,0.0802312004612759,0.42770532751455903
cub_00222,occlusion,3,3,0.4160471511306241,0.6124155918601901
cub_00222,guided_backprop,3,3,0.3191471432335675,0.2780669364263303
cub_00226,gradcam,3,3,0.15264145467081103,0.6756843938026579
cub_00226,gradcam++,3,3,0.11817131982825232,0.7946335355285556
cub_00226,integrated_gradients,3,3,0.05896759817260318,0.25542323782574383
cub_00226,gradient_shap,3,3,0.05341109671862797,0.37642009379342195
cub_00226,occlusion,3,3,0.3341887043090538,0.7744013214949519
cub_00226,guided_backprop,3,3,0.15036917050601917,0.18387947180308395
cub_00231,gradcam,3,3,0.04769831148732919,0.681054641539231
cub_00231,gradcam++,3,3,0.04135356727056206,0.8018264437559992
cub_00231,integrated_gradients,3,3,0.051846471347380435,0.5378865820821375
cub_00231,gradient_shap,3,3,0.054955892637372016,0.586936693987809
cub_00231,occlusion,3,3,0.14074854878708723,0.5899290210101753
cub_00231,guided_backprop,3,3,0.05169473934220151,0.534508112736512
cub_00238,gradcam,3,3,0.10892590957228093,0.612014507735148
cub_00238,gradcam++,3,3,0.06460050285095349,0.5871952464804053
cub_00238,integrated_gradients,3,3,0.046877955907257275,0.3653633551672101
cub_00238,gradient_shap,3,3,0.03798696338199079,0.3349868924822658
cub_00238,occlusion,3,3,0.2441548072034493,0.7979918094817547
cub_00238,guided_backprop,3,3,0.04449345422908664,0.37039702672045677
cub_00251,gradcam,4,4,0.10103468932793476,0.8945141298288944
cub_00251,gradcam++,4,4,0.0848347509338055,0.9127995011920575
cub_00251,integrated_gradients,4,4,0.11433642088086346,0.8533257490547839
cub_00251,gradient_shap,4,4,0.09046155652613377,0.8612885675916915
cub_00251,occlusion,4,4,0.2605056490341668,0.9108033625001553
cub_00251,guided_backprop,4,4,0.3464916585304309,0.45413579003070476
cub_00253,gradcam,4,4,0.23779953043558633,0.5076181789452675
cub_00253,gradcam++,4,4,0.218266989273252,0.26181617803522383
cub_00253,integrated_gradients,4,4,0.11565815851208752,0.5242830449307804
cub_00253,gradient_shap,4,4,0.11582887403783389,0.5031753299350384
cub_00253,occlusion,4,4,0.33059413531445897,0.6315661163593177
cub_00253,guided_backprop,4,4,0.1214353265298996,0.45711956699960865
cub_00256,gradcam,4,4,0.17055421388358807,0.8155970988387709
cub_00256,gradcam++,4,4,0.27357753583346495,0.745907535176957
cub_00256,integrated_gradients,4,4,0.30853960472741165,0.7121154903958086
cub_00256,gradient_shap,4,4,0.30965527436346757,0.6787329926679377
cub_00256,occlusion,4,4,0.3120225126913283,0.8671770987624768
cub_00256,guided_backprop,4,4,0.3699526574055199,0.5995897951594088
cub_00262,gradcam,4,4,0.1682367083791178,0.5315564594988245
cub_00262,gradcam++,4,4,0.19556064619100655,0.5788588790514042
cub_00262,integrated_gradients,4,4,0.08133362327353097,0.4225152238795999
cub_00262,gradient_shap,4,4,0.04912511038710364,0.5548754293064121
cub_00262,occlusion,4,4,0.09517974926275202,0.6969492045755032
cub_00262,guided_backprop,4,4,0.12114662409876474,0.2619292342860717
cub_00266,gradcam,4,4,0.15722348630079067,0.6017080760153476
cub_00266,gradcam++,4,4,0.19340408793068492,0.65410984880873
cub_00266,integrated_gradients,4,4,0.05764983473927715,0.40638524010428223
cub_00266,gradient_shap,4,4,0.03904803130426443,0.4685663356969598
cub_00266,occlusion,4,4,0.20986455020611178,0.6424965535814409
cub_00266,guided_backprop,4,4,0.06208564635016956,0.27957590120495296
cub_00267,gradcam,4,25,0.0104496194049716,0.16061846645316114
cub_00267,gradcam++,4,25,0.006973733729682863,0.17269806602271276
cub_00267,integrated_gradients,4,25,0.00919993807328865,0.07034769196761771
cub_00267,gradient_shap,4,25,0.009269843623042106,0.06373831891687587
cub_00267,occlusion,4,25,0.007228835500427523,0.19303191044600682
cub_00267,guided_backprop,4,25,0.007948481092171278,0.0420179414039012
cub_00275,gradcam,4,45,0.07038786057964899,0.29966378931421783
cub_00275,gradcam++,4,45,0.05268924094270916,0.20611438464839013
cub_00275,integrated_gradients,4,45,0.02673143101856113,0.17807074517477303
cub_00275,gradient_shap,4,45,0.025229073152877392,0.17890460235648786
cub_00275,occlusion,4,45,0.04419143775012345,0.3040309310657903
cub_00275,guided_backprop,4,45,0.03518193394411355,0.12784828536678103
cub_00280,gradcam,4,4,0.20997790920664555,0.828240252804244
cub_00280,gradcam++,4,4,0.29659829068114046,0.7880437699670438
cub_00280,integrated_gradients,4,4,0.16681736966711472,0.7153453957347666
cub_00280,gradient_shap,4,4,0.0848837066732813,0.7213963130081538
cub_00280,occlusion,4,4,0.3334096127015073,0.7479120535368565
cub_00280,guided_backprop,4,4,0.2716141313139816,0.43529724535183045
cub_00282,gradcam,4,4,0.08358269689488226,0.5547201780194881
cub_00282,gradcam++,4,4,0.08486390404286794,0.5323770756425801
cub_00282,integrated_gradients,4,4,0.028123117523500697,0.5531958035717253
cub_00282,gradient_shap,4,4,0.02831066109356471,0.6373900672013405
cub_00282,occlusion,4,4,0.05101735557545908,0.6767594812030439
cub_00282,guided_backprop,4,4,0.07956740009249189,0.42511877064243886
cub_00283,gradcam,5,5,0.2919533686712385,0.8630343197844922
cub_00283,gradcam++,5,5,0.32276561781764035,0.8723885946907103
cub_00283,integrated_gradients,5,5,0.16041556966956705,0.74028484178707
cub_00283,gradient_shap,5,5,0.1567891790997237,0.7673818923532962
cub_00283,occlusion,5,5,0.5744179797358812,0.9148862472735346
cub_00283,guided_backprop,5,5,0.4205985892214812,0.4294603419257328
cub_00300,gradcam,5,5,0.04610308492556215,0.5388571633957326
cub_00300,gradcam++,5,5,0.03776226926129311,0.542884101625532
cub_00300,integrated_gradients,5,5,0.020715468190610407,0.3860884896712378
cub_00300,gradient_shap,5,5,0.01604381238576025,0.3830017809057608
cub_00300,occlusion,5,5,0.12949834894388915,0.5596930026076734
cub_00300,guided_backprop,5,5,0.020943519577849654,0.38362655276432633
cub_00301,gradcam,5,5,0.2663627836620435,0.7417105638422071
cub_00301,gradcam++,5,5,0.39631605979520834,0.7379199470393359
cub_00301,integrated_gradients,5,5,0.1578745043836534,0.7862587443552912
cub_00301,gradient_shap,5,5,0.13244767732685434,0.7809920884203164
cub_00301,occlusion,5,5,0.40550798152107753,0.8808018377050758
cub_00301,guided_backprop,5,5,0.4071675391402096,0.43706887420266866
cub_00302,gradcam,5,5,0.22432391426991674,0.7190499654971063
cub_00302,gradcam++,5,5,0.26933236338663846,0.5580818011425436
cub_00302,integrated_gradients,5,5,0.1708374025998637,0.5547775513026864
cub_00302,gradient_shap,5,5,0.11272444463684225,0.6115247544599697
cub_00302,occlusion,5,5,0.4095131187699734,0.7808371893130244
cub_00302,guided_backprop,5,5,0.14690840959228807,0.4651627595070749
cub_00312,gradcam,5,5,0.1054968256969005,0.7730913556180894
cub_00312,gradcam++,5,5,0.1266585150035098,0.7279237023554743
cub_00312,integrated_gradients,5,5,0.08420443248469384,0.6033424098743125
cub_00312,gradient_shap,5,5,0.08233262815047056,0.6748677031137049
cub_00312,occlusion,5,5,0.25291856471449137,0.8406289703212678
cub_00312,guided_backprop,5,5,0.2302618428017013,0.3693193281767889
cub_00318,gradcam,5,5,0.025146299169864505,0.04376435568556189
cub_00318,gradcam++,5,5,0.020887156028766184,0.06404605517163872
cub_00318,integrated_gradients,5,5,0.017855441640131177,0.0755385692929849
cub_00318,gradient_shap,5,5,0.024143938766792414,0.04766609263606369
cub_00318,occlusion,5,5,0.06080364824738354,0.05355749758891762
cub_00318,guided_backprop,5,5,0.0252813589759171,0.08987128449371085
cub_00320,gradcam,5,5,0.17228313984815033,0.8034811354242266
cub_00320,gradcam++,5,5,0.12977085339371117,0.8702946565113961
cub_00320,integrated_gradients,5,5,0.07174264636123551,0.7765747748315334
cub_00320,gradient_shap,5,5,0.059026655158959336,0.7711907598190011
cub_00320,occlusion,5,5,0.5038172156317161,0.7623196042142809
cub_00320,guided_backprop,5,5,0.1449140551732853,0.642382591124624
cub_00321,gradcam,5,5,0.11606474018190058,0.6947229046374559
cub_00321,gradcam++,5,5,0.1408588567515835,0.6352773333899677
cub_00321,integrated_gradients,5,5,0.08352305478183555,0.7221130156889558
cub_00321,gradient_shap,5,5,0.06528940068092197,0.6983840512577445
cub_00321,occlusion,5,5,0.305935427825898,0.8088380507193507
cub_00321,guided_backprop,5,5,0.26215728095266966,0.4896759999915957
cub_00324,gradcam,6,6,0.17799375187605623,0.5822574230609461
cub_00324,gradcam++,6,6,0.14379168034065518,0.6811731409979984
cub_00324,integrated_gradients,6,6,0.051147777563892306,0.5024506615241989
cub_00324,gradient_shap,6,6,0.036536347796209165,0.5183566228952259
cub_00324,occlusion,6,6,0.27237646721769126,0.7127028382150458
cub_00324,guided_backprop,6,6,0.11270225441548974,0.20845346760470415
cub_00326,gradcam,6,6,0.266687640035525,0.8978580421535299
cub_00326,gradcam++,6,6,0.34870090375188745,0.7818674439273309
cub_00326,integrated_gradients,6,6,0.12246356362011286,0.7880474672419949
cub_00326,gradient_shap,6,6,0.11542637979146095,0.7830534958979115
cub_00326,occlusion,6,6,0.38519896815996624,0.9586500233737753
cub_00326,guided_backprop,6,6,0.4851987146306784,0.4703019231325016
cub_00329,gradcam,6,6,0.1552761002443731,0.8102443448035047
cub_00329,gradcam++,6,6,0.25954481035005306,0.6344750751857646
cub_00329,integrated_gradients,6,6,0.037349831173196436,0.7355923835420981
cub_00329,gradient_shap,6,6,0.03756342227570713,0.7457890718011185
cub_00329,occlusion,6,6,0.047513794037513435,0.8952714211074635
cub_00329,guided_backprop,6,6,0.17483398099429906,0.3240559053374454
cub_00338,gradcam,6,4,0.11170644689700568,0.4792336205078754
cub_00338,gradcam++,6,4,0.29236594513640735,0.3167738154123071
cub_00338,integrated_gradients,6,4,0.09736417588428595,0.43408690919750376
cub_00338,gradient_shap,6,4,0.08129062208463438,0.4987038979830685
cub_00338,occlusion,6,4,0.15272568655782376,0.504588594060624
cub_00338,guided_backprop,6,4,0.32014736834098584,0.24858797048800624
cub_00341,gradcam,6,6,0.06483206247212364,0.6464756315806881
cub_00341,gradcam++,6,6,0.13218513883184643,0.673570709559135
cub_00341,integrated_gradients,6,6,0.06220744844758884,0.6549118882743642
cub_00341,gradient_shap,6,6,0.05623388971434906,0.6896185437915847
cub_00341,occlusion,6,6,0.12570082771126181,0.7952202818123624
cub_00341,guided_backprop,6,6,0.09461497671436521,0.5850264194188639
cub_00347,gradcam,6,6,0.21390768041601405,0.8482579539297148
cub_00347,gradcam++,6,6,0.2888146797893568,0.8210672081215307
cub_00347,integrated_gradients,6,6,0.0654338114662096,0.8018070083810017
cub_00347,gradient_shap,6,6,0.06774356940295548,0.7962917147902772
cub_00347,occlusion,6,6,0.3395071552833542,0.8882357178954406
cub_00347,guided_backprop,6,6,0.2771738570882008,0.5056688133161514
cub_00350,gradcam,6,6,0.25619181301444766,0.5915413579670712
cub_00350,gradcam++,6,6,0.20419328081188723,0.5927133152959868
cub_00350,integrated_gradients,6,6,0.039526568306609985,0.5568209050921724
cub_00350,gradient_shap,6,6,0.029312062659300864,0.4911277373088523
cub_00350,occlusion,6,6,0.0945211906800978,0.7696793011156842
cub_00350,guided_backprop,6,6,0.08731532221427188,0.34846862542908635
cub_00354,gradcam,6,7,0.07294171010144054,0.22914051390253007
cub_00354,gradcam++,6,7,0.06156760537996889,0.2049013508018106
cub_00354,integrated_gradients,6,7,0.05285982941277326,0.21204232266172768
cub_00354,gradient_shap,6,7,0.02652037229854614,0.19536851420998572
cub_00354,occlusion,6,7,0.12803703448735176,0.27953614322468634
cub_00354,guided_backprop,6,7,0.0565087341470644,0.2876143504283391
cub_00369,gradcam,6,6,0.23973799371160567,0.8706497474340721
cub_00369,gradcam++,6,6,0.27549121999181814,0.8071505743777379
cub_00369,integrated_gradients,6,6,0.10453607821837069,0.7706878605997189
cub_00369,gradient_shap,6,6,0.07541802283376454,0.7324074509320782
cub_00369,occlusion,6,6,0.31551253574434673,0.9001514798728748
cub_00369,guided_backprop,6,6,0.1964403900783509,0.5232030506827868
cub_00370,gradcam,6,6,0.20212261842680168,0.7667809969512746
cub_00370,gradcam++,6,6,0.1572242574649863,0.7075020420132206
cub_00370,integrated_gradients,6,6,0.06265144789358602,0.6759676606394351
cub_00370,gradient_shap,6,6,0.048247856169473385,0.682191176339984
cub_00370,occlusion,6,6,0.36378632551059126,0.8513150966493414
cub_00370,guided_backprop,6,6,0.1693311574170366,0.45225632064975796
cub_00371,gradcam,6,6,0.19263653608504686,0.7291552521986886
cub_00371,gradcam++,6,6,0.15478712113108486,0.6848857211647554
cub_00371,integrated_gradients,6,6,0.06818723602918908,0.627710311487317
cub_00371,gradient_shap,6,6,0.0609478097758256,0.6316009499831124
cub_00371,occlusion,6,6,0.20051274436991665,0.758844860154204
cub_00371,guided_backprop,6,6,0.24107263965997847,0.565985793247819
cub_00377,gradcam,7,7,0.022570254921447486,0.5749677448999136
cub_00377,gradcam++,7,7,0.13333419903647153,0.4968865086848382
cub_00377,integrated_gradients,7,7,0.02157012178795412,0.3345806884113699
cub_00377,gradient_shap,7,7,0.018158119817962868,0.3907099847216159
cub_00377,occlusion,7,7,0.05793530949158594,0.42802401748485863
cub_00377,guided_backprop,7,7,0.06522955977707169,0.3299342998536303
cub_00382,gradcam,7,7,0.035836639150511475,0.5647444144589825
cub_00382,gradcam++,7,7,0.0691206342773512,0.6168979596695863
cub_00382,integrated_gradients,7,7,0.06966304227244109,0.44291072853375224
cub_00382,gradient_shap,7,7,0.0348182327579707,0.4741622095694765
cub_00382,occlusion,7,7,0.07150921409484,0.41141857267357407
cub_00382,guided_backprop,7,7,0.13156929383985697,0.504612420630292
cub_00395,gradcam,7,7,0.009546579513698816,0.37614153348840773
cub_00395,gradcam++,7,7,0.13081254891003488,0.19353620549663902
cub_00395,integrated_gradients,7,7,0.074016783881234,0.41486774603836246
cub_00395,gradient_shap,7,7,0.037322542164474726,0.37585050486959515
cub_00395,occlusion,7,7,0.011219761346001177,0.2941539032850415
cub_00395,guided_backprop,7,7,0.08495632245903836,0.4010989076923579
cub_00402,gradcam,7,7,0.21560644679702817,0.8343289625365288
cub_00402,gradcam++,7,7,0.5447653079405428,0.6594850234745536
cub_00402,integrated_gradients,7,7,0.24931739431340252,0.7837609063659329
cub_00402,gradient_shap,7,7,0.18131869432982056,0.8473415703047067
cub_00402,occlusion,7,7,0.5824459534604102,0.8945595387835056
cub_00402,guided_backprop,7,7,0.3064439758425579,0.7569008161779494
cub_00406,gradcam,7,7,0.0896857045358047,0.7838216681499035
cub_00406,gradcam++,7,7,0.08413831964135171,0.8085517902392894
cub_00406,integrated_gradients,7,7,0.029161080636549742,0.7334175051888452
cub_00406,gradient_shap,7,7,0.027777975657954816,0.7242172655183823
cub_00406,occlusion,7,7,0.12437591790221632,0.7634286638814956
cub_00406,guided_backprop,7,7,0.08845971240079961,0.5158818229741883
cub_00407,gradcam,7,7,0.1934676477161702,0.7861238895449786
cub_00407,gradcam++,7,7,0.1728269547573291,0.7931798268575222
cub_00407,integrated_gradients,7,7,0.20814742094953545,0.693145941523835
cub_00407,gradient_shap,7,7,0.18465963217313403,0.7283613205421715
cub_00407,occlusion,7,7,0.35821833428926775,0.781848797434941
cub_00407,guided_backprop,7,7,0.3830609876546078,0.4293232235126197
cub_00408,gradcam,7,7,0.030696720501873647,0.6826725096441806
cub_00408,gradcam++,7,7,0.02297455049410928,0.5589267654344439
cub_00408,integrated_gradients,7,7,0.026057752477936447,0.41244550297851673
cub_00408,gradient_shap,7,7,0.023235739034134895,0.4770338425121735
cub_00408,occlusion,7,7,0.028955823951400814,0.6066485930699855
cub_00408,guided_backprop,7,7,0.024653746857075023,0.36920181675523056
cub_00413,gradcam,7,7,0.08270809535752051,0.6964306674897672
cub_00413,gradcam++,7,7,0.10837852098047733,0.7338380720932035
cub_00413,integrated_gradients,7,7,0.03353228373453021,0.6714344597421585
cub_00413,gradient_shap,7,7,0.04299150229198859,0.6944189246278255
cub_00413,occlusion,7,7,0.08524436485022309,0.8137653444427998
cub_00413,guided_backprop,7,7,0.05368498271564023,0.5423880067071877
cub_00424,gradcam,7,7,0.025751426821807397,0.7666173643898219
cub_00424,gradcam++,7,7,0.0270051586558111,0.7887415390927344
cub_00424,integrated_gradients,7,7,0.03186422279104591,0.8252493156585842
cub_00424,gradient_shap,7,7,0.02770227327710018,0.7832450624089687
cub_00424,occlusion,7,7,0.03268706380622461,0.7807087842840702
cub_00424,guided_backprop,7,7,0.026891129545401786,0.7984538946999237
cub_00430,gradcam,8,28,0.05621372874884402,0.5785121206310578
cub_00430,gradcam++,8,28,0.0470899248844944,0.5391935503343119
cub_00430,integrated_gradients,8,28,0.03873719938565047,0.48399715299019597
cub_00430,gradient_shap,8,28,0.030767995835049074,0.3469799405080266
cub_00430,occlusion,8,28,0.0632744419039227,0.7207867700257338
cub_00430,guided_backprop,8,28,0.03428348442539573,0.49611069319071244
cub_00431,gradcam,8,10,0.17377901773725174,0.3414690967445495
cub_00431,gradcam++,8,10,0.1234668681776384,0.3987490037252428
cub_00431,integrated_gradients,8,10,0.22116728544060607,0.4406240951997461
cub_00431,gradient_shap,8,10,0.13326036437938457,0.5116624556278111
cub_00431,occlusion,8,10,0.09889285530953203,0.5079000851867022
cub_00431,guided_backprop,8,10,0.3056772955955238,0.21848345188482193
cub_00432,gradcam,8,8,0.09835880538448694,0.8424377209506929
cub_00432,gradcam++,8,8,0.12464385090861468,0.8413813003338872
cub_00432,integrated_gradients,8,8,0.08126907935366035,0.708090730663389
cub_00432,gradient_shap,8,8,0.06479288262780757,0.5767165712080895
cub_00432,occlusion,8,8,0.1280709291808307,0.8088677278719844
cub_00432,guided_backprop,8,8,0.05840832341928036,0.6152883087284864
cub_00435,gradcam,8,26,0.05141273626941257,0.2131393743213266
cub_00435,gradcam++,8,26,0.06421572364633903,0.21290853129466994
cub_00435,integrated_gradients,8,26,0.015159042645245794,0.09969265124236698
cub_00435,gradient_shap,8,26,0.01467243195511401,0.09389262119366319
cub_00435,occlusion,8,26,0.10202150136465207,0.21733421573298983
cub_00435,guided_backprop,8,26,0.01477474034763873,0.1592354398817406
cub_00442,gradcam,8,48,0.03553813385951799,0.25698057237314065
cub_00442,gradcam++,8,48,0.009282576630357654,0.38344026326667524
cub_00442,integrated_gradients,8,48,0.012080626528040738,0.2946586183388717
cub_00442,gradient_shap,8,48,0.012336203335144092,0.3075889263418503
cub_00442,occlusion,8,48,0.010631360021943693,0.30849862422328445
cub_00442,guided_backprop,8,48,0.010253952398488765,0.3415959944948554
cub_00445,gradcam,8,48,0.04198331343359314,0.10486124061280859
cub_00445,gradcam++,8,48,0.016869831684743986,0.29463320419308736
cub_00445,integrated_gradients,8,48,0.012700032663997265,0.4125459838105599
cub_00445,gradient_shap,8,48,0.012749083002563569,0.28994485434959644
cub_00445,occlusion,8,48,0.014982687612064184,0.25210892835748383
cub_00445,guided_backprop,8,48,0.011107730981893838,0.17402391254436222
cub_00447,gradcam,8,26,0.021851400530431418,0.12973631182685494
cub_00447,gradcam++,8,26,0.021690823684912174,0.09840319619979708
cub_00447,integrated_gradients,8,26,0.018065957759972665,0.04173782584839499
cub_00447,gradient_shap,8,26,0.012597088044276464,0.03614503431599586
cub_00447,occlusion,8,26,0.025057234242558478,0.21434017371502703
cub_00447,guided_backprop,8,26,0.012510769674554468,0.03712387866398784
cub_00448,gradcam,8,48,0.030765363515820356,0.03666165052272845
cub_00448,gradcam++,8,48,0.00816493276215624,0.10417051878757774
cub_00448,integrated_gradients,8,48,0.012463397847022864,0.11872497372387443
cub_00448,gradient_shap,8,48,0.009442430664785206,0.11060452820529462
cub_00448,occlusion,8,48,0.005678978923242539,0.12264937838772312
cub_00448,guided_backprop,8,48,0.013228545879246666,0.06304527931206394
cub_00467,gradcam,8,26,0.07047643564874306,0.6808712527155876
cub_00467,gradcam++,8,26,0.032918751618126414,0.7340178374201061
cub_00467,integrated_gradients,8,26,0.024281772074755285,0.42176179946254705
cub_00467,gradient_shap,8,26,0.02398047798196785,0.600552462367341
cub_00467,occlusion,8,26,0.03213636714208406,0.7772318968549371
cub_00467,guided_backprop,8,26,0.024276713270228355,0.09509634895366613
cub_00469,gradcam,8,8,0.09364294728147797,0.7545352758839726
cub_00469,gradcam++,8,8,0.0876208322821185,0.7441016935277731
cub_00469,integrated_gradients,8,8,0.06015528231801,0.7129977459087967
cub_00469,gradient_shap,8,8,0.08007313518464798,0.696843981090933
cub_00469,occlusion,8,8,0.2011477447114885,0.7672024167142808
cub_00469,guided_backprop,8,8,0.047189089888706806,0.6208939915522933
cub_00472,gradcam,8,10,0.10752187315665654,0.23483968177170025
cub_00472,gradcam++,8,10,0.15411571061995352,0.20506757416587792
cub_00472,integrated_gradients,8,10,0.10367901716672351,0.18037149345909712
cub_00472,gradient_shap,8,10,0.11221166504838039,0.22384759760752784
cub_00472,occlusion,8,10,0.22906638819549702,0.25500304345623587
cub_00472,guided_backprop,8,10,0.17007673674088436,0.11275782392185646
cub_00477,gradcam,8,8,0.1194849514286034,0.723524886649102
cub_00477,gradcam++,8,8,0.08816671488457362,0.7558434900827705
cub_00477,integrated_gradients,8,8,0.051765707059530555,0.7212173498235642
cub_00477,gradient_shap,8,8,0.030490742495749148,0.7270779534243047
cub_00477,occlusion,8,8,0.06693738256581126,0.7535079530440271
cub_00477,guided_backprop,8,8,0.22472234626766294,0.28805496182758356
cub_00484,gradcam,9,9,0.03487218600930646,0.9152428420027717
cub_00484,gradcam++,9,9,0.03062204695306718,0.9074583770474418
cub_00484,integrated_gradients,9,9,0.04210451093968005,0.9029849739512429
cub_00484,gradient_shap,9,9,0.04111037086695434,0.8971899183234199
cub_00484,occlusion,9,9,0.03887101889122278,0.9048680634936319
cub_00484,guided_backprop,9,9,0.06112305067945272,0.8387069312622769
cub_00486,gradcam,9,9,0.03600173322483898,0.8682615952333435
cub_00486,gradcam++,9,9,0.04257297744043172,0.8661286758026108
cub_00486,integrated_gradients,9,9,0.05061242461670191,0.8611181156476961
cub_00486,gradient_shap,9,9,0.03906818584073335,0.8605052159866318
cub_00486,occlusion,9,9,0.3681804243708029,0.7693492339691148
cub_00486,guided_backprop,9,9,0.3362093435367569,0.8360077375313267
cub_00488,gradcam,9,9,0.0397129108197987,0.6177366813411935
cub_00488,gradcam++,9,9,0.0478910978883505,0.5985622437437996
cub_00488,integrated_gradients,9,9,0.042216154374182226,0.5749646076699718
cub_00488,gradient_shap,9,9,0.038529701484367254,0.5278808520874008
cub_00488,occlusion,9,9,0.028231737040914598,0.7114525349577888
cub_00488,guided_backprop,9,9,0.05748036133591086,0.8152400525053963
cub_00490,gradcam,9,9,0.03913378969300538,0.49408615631982683
cub_00490,gradcam++,9,9,0.05096862339414656,0.4789481976768002
cub_00490,integrated_gradients,9,9,0.027590596687514336,0.3355328717967495
cub_00490,gradient_shap,9,9,0.027347176626790325,0.43038490989711137
cub_00490,occlusion,9,9,0.029182727402076124,0.7073045314988122
cub_00490,guided_backprop,9,9,0.0286690637934953,0.33030436520930373
cub_00494,gradcam,9,9,0.06682597359176726,0.8972772331675514
cub_00494,gradcam++,9,9,0.032517360034398736,0.8931583257159218
cub_00494,integrated_gradients,9,9,0.047295030159875746,0.8823213966330512
cub_00494,gradient_shap,9,9,0.033783482405124236,0.8932631583651528
cub_00494,occlusion,9,9,0.032057130010798573,0.8756596842547879
cub_00494,guided_backprop,9,9,0.15156297907233238,0.8416731673059985
cub_00500,gradcam,9,9,0.02526264727348462,0.7821480525424703
cub_00500,gradcam++,9,9,0.025469292211346327,0.7586260305484758
cub_00500,integrated_gradients,9,9,0.037848982587456705,0.82662067131605
cub_00500,gradient_shap,9,9,0.03009455597493798,0.6800854982575402
cub_00500,occlusion,9,9,0.08198986870702356,0.7212112102424726
cub_00500,guided_backprop,9,9,0.07907140669412911,0.601361190690659
cub_00505,gradcam,9,9,0.046309494972229005,0.9106558086117731
cub_00505,gradcam++,9,9,0.04330844192299992,0.921634772582911
cub_00505,integrated_gradients,9,9,0.05193264500703662,0.9235179038485511
cub_00505,gradient_shap,9,9,0.04826399679295719,0.9266534389695154
cub_00505,occlusion,9,9,0.05131310285069048,0.9199541689595209
cub_00505,guided_backprop,9,9,0.21685807257890705,0.7064084057463332
cub_00508,gradcam,9,9,0.06889962775167079,0.8856494681676851
cub_00508,gradcam++,9,9,0.06232221799436957,0.8856081025442107
cub_00508,integrated_gradients,9,9,0.03711128549766726,0.8788525597890838
cub_00508,gradient_shap,9,9,0.047857293649576596,0.8725568787893281
cub_00508,occlusion,9,9,0.11509947965387256,0.8953553633531556
cub_00508,guided_backprop,9,9,0.05498684772755952,0.8851117985090242
cub_00512,gradcam,9,9,0.03139204371836968,0.8635365368565543
cub_00512,gradcam++,9,9,0.030911307642236357,0.8395229967078194
cub_00512,integrated_gradients,9,9,0.08019923352403566,0.7077515700599178
cub_00512,gradient_shap,9,9,0.0788583275047131,0.6938510568579658
cub_00512,occlusion,9,9,0.07380897351540626,0.7878596897004173
cub_00512,guided_backprop,9,9,0.16399403795367107,0.7417794482549651
cub_00521,gradcam,9,9,0.05574567893054337,0.7253420369466768
cub_00521,gradcam++,9,9,0.04915745744947343,0.730970269232057
cub_00521,integrated_gradients,9,9,0.12403545144479723,0.6426812745397911
cub_00521,gradient_shap,9,9,0.08702315934933723,0.720669850683771
cub_00521,occlusion,9,9,0.09623165975790471,0.7873991030966863
cub_00521,guided_backprop,9,9,0.12317044278606774,0.6721279339632019
cub_00532,gradcam,9,9,0.04614147170213982,0.9060994924744591
cub_00532,gradcam++,9,9,0.04805073636816815,0.9144556136569009
cub_00532,integrated_gradients,9,9,0.04082096016500145,0.8775798083981498
cub_00532,gradient_shap,9,9,0.03800429503899068,0.8781216921051964
cub_00532,occlusion,9,9,0.13090877716895194,0.8841827960452064
cub_00532,guided_backprop,9,9,0.16536493215244266,0.796196285239421
cub_00538,gradcam,9,9,0.06351476365234704,0.6317451966693626
cub_00538,gradcam++,9,9,0.054632298159413034,0.6795794209232554
cub_00538,integrated_gradients,9,9,0.12978433247189972,0.6908235179027543
cub_00538,gradient_shap,9,9,0.07060927727725357,0.7232936950167642
cub_00538,occlusion,9,9,0.33179766144603495,0.6840285459300502
cub_00538,guided_backprop,9,9,0.21446868234779687,0.7457202938152476
cub_00554,gradcam,10,10,0.02758091677387711,0.2552733602729859
cub_00554,gradcam++,10,10,0.0848246266861679,0.316939182652277
cub_00554,integrated_gradients,10,10,0.022049747908022256,0.14987855544604825
cub_00554,gradient_shap,10,10,0.021196050246362577,0.23161074782547075
cub_00554,occlusion,10,10,0.030262705966015345,0.29568099424068345
cub_00554,guided_backprop,10,10,0.06583047349122352,0.4377131997403922
cub_00558,gradcam,10,10,0.1554971519537503,0.7543945346755208
cub_00558,gradcam++,10,10,0.15300467834167647,0.7273796566558304
cub_00558,integrated_gradients,10,10,0.208960441526142,0.7685680419235723
cub_00558,gradient_shap,10,10,0.13818220156535976,0.7826927405578314
cub_00558,occlusion,10,10,0.12421083673689284,0.7997700859588804
cub_00558,guided_backprop,10,10,0.4597707020846428,0.5496054934599669
cub_00565,gradcam,10,10,0.2212774929153966,0.347615459820372
cub_00565,gradcam++,10,10,0.17067126664624085,0.34593242302362337
cub_00565,integrated_gradients,10,10,0.12218356079247314,0.3377134465408744
cub_00565,gradient_shap,10,10,0.08123423017386813,0.3524002085701795
cub_00565,occlusion,10,10,0.3133783834433416,0.35316559851926277
cub_00565,guided_backprop,10,10,0.22045142894203315,0.156589635767159
cub_00574,gradcam,10,91,0.0801681316108443,0.5107244813581928
cub_00574,gradcam++,10,91,0.06157581256702542,0.28385681873187424
cub_00574,integrated_gradients,10,91,0.022481074652750982,0.21947967971500476
cub_00574,gradient_shap,10,91,0.043062553741037846,0.2916573473718017
cub_00574,occlusion,10,91,0.39626026740297676,0.3332855350337922
cub_00574,guided_backprop,10,91,0.042466755857458335,0.18982895205263045
cub_00577,gradcam,10,10,0.2971716664527776,0.6653957682457986
cub_00577,gradcam++,10,10,0.31771447386418006,0.6906868278776528
cub_00577,integrated_gradients,10,10,0.13314470411569346,0.6647647265141131
cub_00577,gradient_shap,10,10,0.11206179171858822,0.6611329327133717
cub_00577,occlusion,10,10,0.3512468065629946,0.7600818401930155
cub_00577,guided_backprop,10,10,0.20948842345096638,0.49490364513185336
cub_00584,gradcam,10,10,0.07734604539873544,0.7982011575979414
cub_00584,gradcam++,10,10,0.0664166220027255,0.8237914700788679
cub_00584,integrated_gradients,10,10,0.0402512897941051,0.7498340561665827
cub_00584,gradient_shap,10,10,0.028684002321097062,0.8075073981221067
cub_00584,occlusion,10,10,0.07898258767381777,0.8675466847402277
cub_00584,guided_backprop,10,10,0.051436759522766815,0.6680661547725323
cub_00585,gradcam,10,10,0.049967637579538864,0.30004881534550804
cub_00585,gradcam++,10,10,0.023092197012738326,0.3218299590545939
cub_00585,integrated_gradients,10,10,0.019968758118920963,0.2359565485996427
cub_00585,gradient_shap,10,10,0.023533987023984085,0.24330171295732725
cub_00585,occlusion,10,10,0.10047045101237019,0.21391152774740477
cub_00585,guided_backprop,10,10,0.01995943534711842,0.10065422882616984
cub_00586,gradcam,10,10,0.21698033915890846,0.6275760412943783
cub_00586,gradcam++,10,10,0.2195189119112911,0.5994047914427939
cub_00586,integrated_gradients,10,10,0.1711634509643773,0.510689449685742
cub_00586,gradient_shap,10,10,0.12274490288982633,0.545218209180166
cub_00586,occlusion,10,10,0.18218876926985103,0.8080064086971105
cub_00586,guided_backprop,10,10,0.3023668267094763,0.32713318040187
cub_00590,gradcam,10,48,0.04388158911606297,0.3213674188707955
cub_00590,gradcam++,10,48,0.03254773101652972,0.47310570745030417
cub_00590,integrated_gradients,10,48,0.017467187950387597,0.46826362292631524
cub_00590,gradient_shap,10,48,0.019366007612552492,0.49761398391565315
cub_00590,occlusion,10,48,0.04507366394391284,0.4719201626372524
cub_00590,guided_backprop,10,48,0.02096922284690663,0.4706604826496914
cub_00593,gradcam,10,10,0.04425659622356762,0.08905580435239245
cub_00593,gradcam++,10,10,0.07460367633320858,0.07834418764396105
cub_00593,integrated_gradients,10,10,0.03177705129201058,0.049522903890465375
cub_00593,gradient_shap,10,10,0.03458588966459502,0.06794482508266811
cub_00593,occlusion,10,10,0.022731701846350913,0.13341420151118655
cub_00593,guided_backprop,10,10,0.02426131587999407,0.06673406060144771
cub_00600,gradcam,10,10,0.1893821648816811,0.3504477527720155
cub_00600,gradcam++,10,10,0.1020302167889895,0.3707005138305248
cub_00600,integrated_gradients,10,10,0.08883138173550835,0.34096067476493774
cub_00600,gradient_shap,10,10,0.09948137135070281,0.4164671733771684
cub_00600,occlusion,10,10,0.2669873593637021,0.30401092419924675
cub_00600,guided_backprop,10,10,0.24752764790609946,0.37127322134620044
cub_00603,gradcam,10,10,0.09428359866651591,0.4196050963160815
cub_00603,gradcam++,10,10,0.1108604109642329,0.392468718838063
cub_00603,integrated_gradients,10,10,0.1428129209583858,0.2849853795982199
cub_00603,gradient_shap,10,10,0.10181581968499817,0.2847273925814079
cub_00603,occlusion,10,10,0.07684774573717731,0.4972072918695631
cub_00603,guided_backprop,10,10,0.11035039247653915,0.23494798648462165
cub_00611,gradcam,11,11,0.13496737397508698,0.8195349507383072
cub_00611,gradcam++,11,11,0.15462668888503683,0.8422653377405369
cub_00611,integrated_gradients,11,11,0.0515029531554319,0.780483271961566
cub_00611,gradient_shap,11,11,0.04521715025184676,0.8185462504974567
cub_00611,occlusion,11,11,0.5923175654723307,0.8582603894523345
cub_00611,guided_backprop,11,11,0.053926675382535906,0.725867474428378
cub_00613,gradcam,11,11,0.06315562391537242,0.5976384118548594
cub_00613,gradcam++,11,11,0.026228846173034982,0.5987937637022697
cub_00613,integrated_gradients,11,11,0.02528639337979257,0.56262334123021
cub_00613,gradient_shap,11,11,0.026669323688838634,0.5427686466253362
cub_00613,occlusion,11,11,0.04766984625020995,0.5975619752309285
cub_00613,guided_backprop,11,11,0.024771707761101425,0.4313148802495561
cub_00615,gradcam,11,11,0.10136115272762256,0.6929739192477427
cub_00615,gradcam++,11,11,0.07818491098005324,0.714196945761796
cub_00615,integrated_gradients,11,11,0.02597932676435448,0.701039136981126
cub_00615,gradient_shap,11,11,0.027252165158279242,0.6944664165726863
cub_00615,occlusion,11,11,0.2766608461970463,0.7954028785577976
cub_00615,guided_backprop,11,11,0.04465583766577765,0.5725192174664698
cub_00620,gradcam,11,11,0.07556049702398013,0.8147095859399996
cub_00620,gradcam++,11,11,0.03842620608047583,0.8729845971218311
cub_00620,integrated_gradients,11,11,0.02731290040537715,0.7928500214940867
cub_00620,gradient_shap,11,11,0.027071830950444565,0.7988505184534006
cub_00620,occlusion,11,11,0.054138447763398295,0.8706084281555377
cub_00620,guided_backprop,11,11,0.03383669402101078,0.6565221542143262
cub_00623,gradcam,11,11,0.08376447513001041,0.9447423652163707
cub_00623,gradcam++,11,11,0.1120804165606387,0.9396226898184976
cub_00623,integrated_gradients,11,11,0.028728801471879707,0.8967233099392615
cub_00623,gradient_shap,11,11,0.028625440911855544,0.917994892632123
cub_00623,occlusion,11,11,0.03751912204606924,0.9418982223025524
cub_00623,guided_backprop,11,11,0.22396594420715704,0.6386237294063903
cub_00626,gradcam,11,11,0.1519233214086853,0.8927523702732286
cub_00626,gradcam++,11,11,0.11450277055264452,0.8953796699992381
cub_00626,integrated_gradients,11,11,0.028247168890084138,0.8485504746786319
cub_00626,gradient_shap,11,11,0.02785746886220295,0.8678078490658664
cub_00626,occlusion,11,11,0.12337073787348349,0.896427939867135
cub_00626,guided_backprop,11,11,0.026328996659140104,0.828334351500962
cub_00627,gradcam,11,11,0.0762200911762193,0.7548574701300822
cub_00627,gradcam++,11,11,0.07265223900903948,0.7898763671866618
cub_00627,integrated_gradients,11,11,0.027317836237489245,0.8556682184687817
cub_00627,gradient_shap,11,11,0.02784865079447627,0.8421231165877542
cub_00627,occlusion,11,11,0.027184205228695645,0.8650612220517359
cub_00627,guided_backprop,11,11,0.025954636328970087,0.699182135052979
cub_00631,gradcam,11,11,0.10553531540790573,0.8987505957833491
cub_00631,gradcam++,11,11,0.09629029806237668,0.9071203455678187
cub_00631,integrated_gradients,11,11,0.030990820965962482,0.8939176112762652
cub_00631,gradient_shap,11,11,0.030468912518699653,0.8894184127799235
cub_00631,occlusion,11,11,0.07474321582121773,0.9350110575906
cub_00631,guided_backprop,11,11,0.029930885325302373,0.8601371992728672
cub_00632,gradcam,11,89,0.043931441684253524,0.09117170666577294
cub_00632,gradcam++,11,89,0.010797522624488921,0.09741411812137811
cub_00632,integrated_gradients,11,89,0.008072314818855375,0.06952015119604767
cub_00632,gradient_shap,11,89,0.008237340801861136,0.09484009221196174
cub_00632,occlusion,11,89,0.009046836080960926,0.10580060549546032
cub_00632,guided_backprop,11,89,0.008393064007395878,0.061070408113300806
cub_00636,gradcam,11,11,0.15574138923548161,0.9364624828449449
cub_00636,gradcam++,11,11,0.11181106283329428,0.9437944323173725
cub_00636,integrated_gradients,11,11,0.03911272768164054,0.8696412496617995
cub_00636,gradient_shap,11,11,0.03347001161891967,0.8749728843919
cub_00636,occlusion,11,11,0.7739123493782245,0.9462097078911028
cub_00636,guided_backprop,11,11,0.03775808510836214,0.8365722034475767
cub_00652,gradcam,11,11,0.09862738962983714,0.9345787629834377
cub_00652,gradcam++,11,11,0.10662446685601024,0.9364537164918146
cub_00652,integrated_gradients,11,11,0.02907512928941287,0.8600243419758045
cub_00652,gradient_shap,11,11,0.03302282731747254,0.8588717209524476
cub_00652,occlusion,11,11,0.12059978214383589,0.9335479900590143
cub_00652,guided_backprop,11,11,0.036994379627867606,0.7655874491087162
cub_00661,gradcam,12,12,0.11675336259650067,0.9460983851575293
cub_00661,gradcam++,12,12,0.110217143711634,0.9291068294667638
cub_00661,integrated_gradients,12,12,0.07419759704498576,0.88162880014861
cub_00661,gradient_shap,12,12,0.04266785064246506,0.9013937556766903
cub_00661,occlusion,12,12,0.4370942459558137,0.9437220880412497
cub_00661,guided_backprop,12,12,0.10698403113055975,0.82174743009964
cub_00665,gradcam,12,12,0.17661612766096366,0.8590152272605338
cub_00665,gradcam++,12,12,0.15026070802705366,0.8781997570418754
cub_00665,integrated_gradients,12,12,0.04197505932534113,0.7899648019694723
cub_00665,gradient_shap,12,12,0.03502188642742113,0.8026053333305754
cub_00665,occlusion,12,12,0.885658424498979,0.826702094974462
cub_00665,guided_backprop,12,12,0.09659122798475436,0.6876677234773524
cub_00669,gradcam,12,12,0.18212386138038708,0.8951529660844244
cub_00669,gradcam++,12,12,0.1263752048253082,0.8708426067256368
cub_00669,integrated_gradients,12,12,0.032603290001861754,0.817222812178079
cub_00669,gradient_shap,12,12,0.03264412122080102,0.8455764094018378
cub_00669,occlusion,12,12,0.4530720958136954,0.8718624094151893
cub_00669,guided_backprop,12,12,0.03438539727358147,0.6404323043883778
cub_00679,gradcam,12,12,0.05837735065724701,0.7665320003055968
cub_00679,gradcam++,12,12,0.041274710878497,0.8008694598102011
cub_00679,integrated_gradients,12,12,0.02814579260302708,0.7949661997728982
cub_00679,gradient_shap,12,12,0.026424182020127775,0.8070851364755072
cub_00679,occlusion,12,12,0.0742830598144792,0.8541651138686575
cub_00679,guided_backprop,12,12,0.029732952744234355,0.517459352966398
cub_00685,gradcam,12,12,0.025387158489320428,0.8530206391238607
cub_00685,gradcam++,12,12,0.024082827923120925,0.8189209917210973
cub_00685,integrated_gradients,12,12,0.025373903277795765,0.8830611714744009
cub_00685,gradient_shap,12,12,0.024443916906602685,0.883827669324819
cub_00685,occlusion,12,12,0.03776963020209223,0.8211050817393698
cub_00685,guided_backprop,12,12,0.06507175109582021,0.7795777697232552
cub_00686,gradcam,12,12,0.10065367029746995,0.6652960354113021
cub_00686,gradcam++,12,12,0.07268563838442788,0.6703953945660032
cub_00686,integrated_gradients,12,12,0.02138454142259433,0.6047067418345251
cub_00686,gradient_shap,12,12,0.0212890388793312,0.6547086858772673
cub_00686,occlusion,12,12,0.21723703806055708,0.6998672375106254
cub_00686,guided_backprop,12,12,0.05522952930768951,0.6383157131145708
cub_00688,gradcam,12,12,0.12020272179506719,0.8693487414740957
cub_00688,gradcam++,12,12,0.1324720399687067,0.9052444794797339
cub_00688,integrated_gradients,12,12,0.08101509719854222,0.7572108777821995
cub_00688,gradient_shap,12,12,0.06377585910959169,0.8015626096283086
cub_00688,occlusion,12,12,0.14694082725327462,0.8350617328309454
cub_00688,guided_backprop,12,12,0.2063523174962029,0.48876687013544146
cub_00694,gradcam,12,12,0.09729147002799436,0.8990242862724699
cub_00694,gradcam++,12,12,0.16823352047940718,0.79666210381547
cub_00694,integrated_gradients,12,12,0.04085924648679794,0.7988507309113628
cub_00694,gradient_shap,12,12,0.042418976221233605,0.8036370445857756
cub_00694,occlusion,12,12,0.23394028834300118,0.8320334797375835
cub_00694,guided_backprop,12,12,0.1934575684601441,0.6340180052560753
cub_00700,gradcam,12,12,0.06508053739671596,0.6964698413037698
cub_00700,gradcam++,12,12,0.04045556486235001,0.7023588964366354
cub_00700,integrated_gradients,12,12,0.0383601251989603,0.7032967464183457
cub_00700,gradient_shap,12,12,0.028244201140478254,0.6903424910851754
cub_00700,occlusion,12,12,0.06628977546351962,0.7974943676614202
cub_00700,guided_backprop,12,12,0.062180647521745416,0.7265025289379992
cub_00703,gradcam,12,12,0.16069470992079005,0.7446223668870515
cub_00703,gradcam++,12,12,0.09317130061099305,0.7884672391810456
cub_00703,integrated_gradients,12,12,0.039379088772693645,0.7504595138714649
cub_00703,gradient_shap,12,12,0.036560872901463884,0.7746462431387043
cub_00703,occlusion,12,12,0.15910638965433466,0.803826754691545
cub_00703,guided_backprop,12,12,0.1942398015991785,0.4914513944415375
cub_00709,gradcam,12,12,0.37497282024705786,0.8182393962168135
cub_00709,gradcam++,12,12,0.36225336698116745,0.7587830161326565
cub_00709,integrated_gradients,12,12,0.08440393783384935,0.6619269908056595
cub_00709,gradient_shap,12,12,0.058857918926514693,0.6435204493463971
cub_00709,occlusion,12,12,0.8114101731800475,0.6902356659644282
cub_00709,guided_backprop,12,12,0.2595034829922952,0.5607552322209812
cub_00713,gradcam,12,125,0.05322546705137938,0.3906558319140459
cub_00713,gradcam++,12,125,0.015071621496463196,0.46455370784969996
cub_00713,integrated_gradients,12,125,0.023114716209238398,0.41155014331452544
cub_00713,gradient_shap,12,125,0.022040978117729537,0.4711053106584586
cub_00713,occlusion,12,125,0.03840111402096227,0.4449796837870963
cub_00713,guided_backprop,12,125,0.024023031454999004,0.34306828755652535
cub_00721,gradcam,13,13,0.16595179962459952,0.8483014395926147
cub_00721,gradcam++,13,13,0.18799608128611003,0.8375214536208659
cub_00721,integrated_gradients,13,13,0.0919271772960201,0.7716090852161868
cub_00721,gradient_shap,13,13,0.10703179766424,0.8291126929223537
cub_00721,occlusion,13,13,0.8058299825759605,0.8791150816250592
cub_00721,guided_backprop,13,13,0.40007847913075234,0.33106361355166875
cub_00727,gradcam,13,13,0.05106667782529257,0.9598013110924513
cub_00727,gradcam++,13,13,0.07886357511160898,0.9588407017756254
cub_00727,integrated_gradients,13,13,0.030687072128057484,0.9098958486225457
cub_00727,gradient_shap,13,13,0.030025151750305668,0.9284929551649839
cub_00727,occlusion,13,13,0.24950507891189774,0.9251183189917356
cub_00727,guided_backprop,13,13,0.1105243431258714,0.7526919834781438
cub_00730,gradcam,13,13,0.04634610083885491,0.8729590423870832
cub_00730,gradcam++,13,13,0.0393781119142659,0.8735402621794491
cub_00730,integrated_gradients,13,13,0.052285703137749814,0.7273315530503169
cub_00730,gradient_shap,13,13,0.04163620647741481,0.7850245919602458
cub_00730,occlusion,13,13,0.09684373661875727,0.8090545870829373
cub_00730,guided_backprop,13,13,0.3785943409078755,0.6082598947687075
cub_00733,gradcam,13,13,0.25723708892473957,0.8231636509764939
cub_00733,gradcam++,13,13,0.29006842137314376,0.8331656409893186
cub_00733,integrated_gradients,13,13,0.11426084521226584,0.8118527066893876
cub_00733,gradient_shap,13,13,0.1390836157370359,0.7859061042545362
cub_00733,occlusion,13,13,0.6247679748106749,0.8871723600197584
cub_00733,guided_backprop,13,13,0.19454859703546393,0.7103631381411106
cub_00739,gradcam,13,13,0.11326847346499563,0.9205917157698422
cub_00739,gradcam++,13,13,0.12046124734915795,0.9243928023148329
cub_00739,integrated_gradients,13,13,0.09269630392664113,0.7832076615653933
cub_00739,gradient_shap,13,13,0.07685305569320917,0.8013122623087838
cub_00739,occlusion,13,13,0.704011855693534,0.7482548179570585
cub_00739,guided_backprop,13,13,0.11643771334784107,0.7317325873766094
cub_00745,gradcam,13,13,0.05130174615769646,0.8753771104384215
cub_00745,gradcam++,13,13,0.03800220626289957,0.8323246755171568
cub_00745,integrated_gradients,13,13,0.03660087723983451,0.781491165747866
cub_00745,gradient_shap,13,13,0.031774396146647635,0.8069216199684888
cub_00745,occlusion,13,13,0.3337835626327432,0.7856231131125241
cub_00745,guided_backprop,13,13,0.03722694696043618,0.6265968671767042
cub_00753,gradcam,13,13,0.12012204511556776,0.9107211433816701
cub_00753,gradcam++,13,13,0.15378975607454773,0.9154926591087132
cub_00753,integrated_gradients,13,13,0.08730080237146468,0.8536027424503118
cub_00753,gradient_shap,13,13,0.0763372173998505,0.8543966830242424
cub_00753,occlusion,13,13,0.4996632010210305,0.8129959322977811
cub_00753,guided_backprop,13,13,0.39664195587392903,0.6866482194978745
cub_00754,gradcam,13,13,0.09733042072039098,0.9546937920618803
cub_00754,gradcam++,13,13,0.11645464887842535,0.9528302975464613
cub_00754,integrated_gradients,13,13,0.10769674370530993,0.8284850533120334
cub_00754,gradient_shap,13,13,0.060114935645833624,0.8466892985627056
cub_00754,occlusion,13,13,0.6467288636602462,0.9290797748137265
cub_00754,guided_backprop,13,13,0.17701354187447577,0.7228461381513623
cub_00756,gradcam,13,13,0.12919926638714974,0.8877532162237912
cub_00756,gradcam++,13,13,0.13508961782790724,0.8810393713880331
cub_00756,integrated_gradients,13,13,0.12084176336647945,0.8245531899388879
cub_00756,gradient_shap,13,13,0.09118939930340277,0.8670791684184223
cub_00756,occlusion,13,13,0.5926038924837486,0.8831289716530591
cub_00756,guided_backprop,13,13,0.4924211727455259,0.4667027452029288
cub_00758,gradcam,13,13,0.1357307174941525,0.9096388437319548
cub_00758,gradcam++,13,13,0.1450922436779365,0.9087853380013258
cub_00758,integrated_gradients,13,13,0.035298245633020996,0.856112188147381
cub_00758,gradient_shap,13,13,0.03224371916148812,0.8552198232617229
cub_00758,occlusion,13,13,0.2643411628203467,0.8831943385768682
cub_00758,guided_backprop,13,13,0.3211884279211517,0.7925226392690092
cub_00766,gradcam,13,13,0.12248973120003939,0.9039959110785277
cub_00766,gradcam++,13,13,0.13363655032590036,0.8859232672024518
cub_00766,integrated_gradients,13,13,0.06880998344277034,0.8135985757224261
cub_00766,gradient_shap,13,13,0.05126597221242265,0.8571231876034291
cub_00766,occlusion,13,13,0.4804337086039595,0.9038954861927778
cub_00766,guided_backprop,13,13,0.224940588127356,0.7018259691074491
cub_00775,gradcam,13,13,0.18056355064036328,0.8936298270244152
cub_00775,gradcam++,13,13,0.1793339850541088,0.8925330285448582
cub_00775,integrated_gradients,13,13,0.11500859969673911,0.813065166817978
cub_00775,gradient_shap,13,13,0.10789757591992384,0.7967529171612114
cub_00775,occlusion,13,13,0.39770675287581986,0.9179236077237874
cub_00775,guided_backprop,13,13,0.14485823668073866,0.7174324848223478
cub_00795,gradcam,14,14,0.05362969861598685,0.7395349301281385
cub_00795,gradcam++,14,14,0.02378773141826969,0.7021505355718545
cub_00795,integrated_gradients,14,14,0.028991461556870494,0.7252038217964583
cub_00795,gradient_shap,14,14,0.026523321541026233,0.7463482387247498
cub_00795,occlusion,14,14,0.02783107955474406,0.8248506940784864
cub_00795,guided_backprop,14,14,0.029372109763789928,0.7217222299310379
cub_00796,gradcam,14,14,0.045642684349877526,0.8721019782009535
cub_00796,gradcam++,14,14,0.03684329712996259,0.8678034491720609
cub_00796,integrated_gradients,14,14,0.03206344587961212,0.8913140840712003
cub_00796,gradient_shap,14,14,0.0315669670351781,0.8989505834761077
cub_00796,occlusion,14,14,0.058074086793931196,0.8755250342073851
cub_00796,guided_backprop,14,14,0.1536765560595086,0.617086960945744
cub_00797,gradcam,14,14,0.040166218399826904,0.8319420002284459
cub_00797,gradcam++,14,14,0.026562718473724087,0.8341892938944511
cub_00797,integrated_gradients,14,14,0.028765953844413165,0.764534736413043
cub_00797,gradient_shap,14,14,0.028087310877162965,0.8590998761239462
cub_00797,occlusion,14,14,0.039518129132920875,0.83261246382026
cub_00797,guided_backprop,14,14,0.042890946741681556,0.34701215763343496
cub_00798,gradcam,14,14,0.026730217839940455,0.2910936470958404
cub_00798,gradcam++,14,14,0.024284532299498097,0.32520577943651
cub_00798,integrated_gradients,14,14,0.023218530716258103,0.19492279401747503
cub_00798,gradient_shap,14,14,0.022439894132548953,0.17398344230605287
cub_00798,occlusion,14,14,0.017797652681474572,0.4219119803863577
cub_00798,guided_backprop,14,14,0.020745295664528384,0.1542422747123055
cub_00809,gradcam,14,14,0.06985770966421113,0.8246875323238783
cub_00809,gradcam++,14,14,0.04258250504499301,0.8172835938516072
cub_00809,integrated_gradients,14,14,0.027905922965146598,0.8399270810070447
cub_00809,gradient_shap,14,14,0.03373841930879281,0.804007520515006
cub_00809,occlusion,14,14,0.0705358367296867,0.8359897091868334
cub_00809,guided_backprop,14,14,0.037828668270958585,0.7898427919368258
cub_00813,gradcam,14,14,0.04292446535109775,0.6499762438121252
cub_00813,gradcam++,14,14,0.024024051451124247,0.6663404337945394
cub_00813,integrated_gradients,14,14,0.03113326756283641,0.7580807584221474
cub_00813,gradient_shap,14,14,0.029997672606259584,0.7936916151200422
cub_00813,occlusion,14,14,0.02898704866529442,0.7200249157729559
cub_00813,guided_backprop,14,14,0.03853584449971095,0.5150073661352508
cub_00814,gradcam,14,14,0.12825314501533283,0.5229612233233639
cub_00814,gradcam++,14,14,0.02865077255992219,0.5564155109110287
cub_00814,integrated_gradients,14,14,0.03154417471960187,0.5199407612788491
cub_00814,gradient_shap,14,14,0.020668939116876575,0.47910617812303824
cub_00814,occlusion,14,14,0.057967797107994566,0.5963194854441098
cub_00814,guided_backprop,14,14,0.08177726182620976,0.3279864762094803
cub_00817,gradcam,14,14,0.07652390173170717,0.830630045372527
cub_00817,gradcam++,14,14,0.06294669407652692,0.841620888549369
cub_00817,integrated_gradients,14,14,0.04900823767529801,0.7395034544053487
cub_00817,gradient_shap,14,14,0.05557548388605938,0.726649228471797
cub_00817,occlusion,14,14,0.08234848299762235,0.8681039444985801
cub_00817,guided_backprop,14,14,0.1476156093645841,0.703299305390101
cub_00824,gradcam,14,14,0.03312641137745232,0.26379221031093036
cub_00824,gradcam++,14,14,0.010333968419581651,0.13677666545845568
cub_00824,integrated_gradients,14,14,0.008534664299804718,0.4088270187727175
cub_00824,gradient_shap,14,14,0.027997110004071145,0.36908920124406
cub_00824,occlusion,14,14,0.011761384992860259,0.23161560295848177
cub_00824,guided_backprop,14,14,0.009300940099637956,0.4846653556334787
cub_00827,gradcam,14,14,0.2085860540653812,0.7898901760461741
cub_00827,gradcam++,14,14,0.22644243065733463,0.7907815046492033
cub_00827,integrated_gradients,14,14,0.068193451652769,0.7058925222489052
cub_00827,gradient_shap,14,14,0.0515721700852737,0.7278302062419243
cub_00827,occlusion,14,14,0.6130659122136422,0.8043401099625045
cub_00827,guided_backprop,14,14,0.212336046283599,0.4229509713943116
cub_00829,gradcam,14,14,0.08248835087288171,0.9332590587320738
cub_00829,gradcam++,14,14,0.08676560743479059,0.9315291739883832
cub_00829,integrated_gradients,14,14,0.04370461226208137,0.871218474942725
cub_00829,gradient_shap,14,14,0.0338098218315281,0.8892610438051634
cub_00829,occlusion,14,14,0.18849400110775608,0.9231230296078138
cub_00829,guided_backprop,14,14,0.04869595865020529,0.8023394456948154
cub_00835,gradcam,14,14,0.034091901854844765,0.93679051323561
cub_00835,gradcam++,14,14,0.04242280803737231,0.9363368503632955
cub_00835,integrated_gradients,14,14,0.038816304516512905,0.8160608434001916
cub_00835,gradient_shap,14,14,0.03760179310338571,0.8435086510027758
cub_00835,occlusion,14,14,0.06420194270758657,0.9401078693452289
cub_00835,guided_backprop,14,14,0.08327090415987189,0.6690643089241348
cub_00843,gradcam,15,15,0.21129262198228388,0.9167279890272768
cub_00843,gradcam++,15,15,0.16657100277952852,0.9015732592437414
cub_00843,integrated_gradients,15,15,0.1896236834814772,0.6108616099227219
cub_00843,gradient_shap,15,15,0.12285025858436714,0.7913318388862536
cub_00843,occlusion,15,15,0.7321725748945027,0.8664683720562606
cub_00843,guided_backprop,15,15,0.2561307563679293,0.5894960918580181
cub_00851,gradcam,15,15,0.0730849982413929,0.928417300293222
cub_00851,gradcam++,15,15,0.07455064108362422,0.9078487238381058
cub_00851,integrated_gradients,15,15,0.032099356653634455,0.8224569142330439
cub_00851,gradient_shap,15,15,0.03433108815224841,0.8586278198752552
cub_00851,occlusion,15,15,0.04441859682556242,0.7953259720001369
cub_00851,guided_backprop,15,15,0.035683067364152526,0.7116298002190888
cub_00853,gradcam,15,15,0.1967747760238126,0.9518759033177048
cub_00853,gradcam++,15,15,0.22469175882870338,0.9526860764715821
cub_00853,integrated_gradients,15,15,0.058819758269237354,0.7875070280628278
cub_00853,gradient_shap,15,15,0.06720137734664605,0.7915025692316702
cub_00853,occlusion,15,15,0.7014725056942553,0.958943902561441
cub_00853,guided_backprop,15,15,0.1619636825053021,0.5233701518271119
cub_00863,gradcam,15,42,0.024319637118605894,0.06902805516729132
cub_00863,gradcam++,15,42,0.033204363391269,0.0642230034864042
cub_00863,integrated_gradients,15,42,0.029106648231390867,0.10079453800572083
cub_00863,gradient_shap,15,42,0.02477877426426858,0.08246132048079743
cub_00863,occlusion,15,42,0.05186147385975346,0.04430349079193547
cub_00863,guided_backprop,15,42,0.03216838204534725,0.03963939434615895
cub_00869,gradcam,15,15,0.28842194665048737,0.9174001386854796
cub_00869,gradcam++,15,15,0.307554215786513,0.9179025223944337
cub_00869,integrated_gradients,15,15,0.22649162156740207,0.7866901561152191
cub_00869,gradient_shap,15,15,0.1638123877579347,0.8414879744406789
cub_00869,occlusion,15,15,0.8400472188834103,0.8986842623446136
cub_00869,guided_backprop,15,15,0.252773672179319,0.6632549575180745
cub_00875,gradcam,15,15,0.22336211006622764,0.9250311246607452
cub_00875,gradcam++,15,15,0.2692280614748597,0.9146977475378663
cub_00875,integrated_gradients,15,15,0.16410060259513562,0.7346490357303991
cub_00875,gradient_shap,15,15,0.17035806650528687,0.7750686511863024
cub_00875,occlusion,15,15,0.8118831562343987,0.9083949661348015
cub_00875,guided_backprop,15,15,0.3408870672108605,0.6439776709303259
cub_00877,gradcam,15,15,0.12710577922989616,0.9095669066999108
cub_00877,gradcam++,15,15,0.15445730492938312,0.902035239385441
cub_00877,integrated_gradients,15,15,0.0323060714872554,0.7884620980825277
cub_00877,gradient_shap,15,15,0.04474448388209566,0.850570808071643
cub_00877,occlusion,15,15,0.40101780260447417,0.9200178778264673
cub_00877,guided_backprop,15,15,0.20765465889126064,0.24303028192371126
cub_00878,gradcam,15,139,0.021950852079316973,0.3853900695336051
cub_00878,gradcam++,15,139,0.023125956242438406,0.35532151517691085
cub_00878,integrated_gradients,15,139,0.028851634392049172,0.3735802481533028
cub_00878,gradient_shap,15,139,0.028231420705560596,0.3868625301984138
cub_00878,occlusion,15,139,0.01786705276463181,0.45375073748873546
cub_00878,guided_backprop,15,139,0.06842059477930891,0.18647271933732554
cub_00886,gradcam,15,15,0.128166463287198,0.8462038530502468
cub_00886,gradcam++,15,15,0.13187338053248823,0.8567984408233315
cub_00886,integrated_gradients,15,15,0.07445867799688133,0.805876792781055
cub_00886,gradient_shap,15,15,0.03578053552191704,0.8283792696893216
cub_00886,occlusion,15,15,0.465307809622027,0.9027193239424378
cub_00886,guided_backprop,15,15,0.10210314177675177,0.6738388557452709
cub_00887,gradcam,15,15,0.03759278863435611,0.9438653817865997
cub_00887,gradcam++,15,15,0.06057954393327236,0.9398007950279862
cub_00887,integrated_gradients,15,15,0.02823948363075033,0.7844383713789284
cub_00887,gradient_shap,15,15,0.027412736014230173,0.8115576003910975
cub_00887,occlusion,15,15,0.07842878521187233,0.9108217468950898
cub_00887,guided_backprop,15,15,0.028542949189431968,0.5926264693494886
cub_00889,gradcam,15,15,0.031127840006956835,0.9571692010853439
cub_00889,gradcam++,15,15,0.03174712600302883,0.9587629518005997
cub_00889,integrated_gradients,15,15,0.029980039433576165,0.8854846088099294
cub_00889,gradient_shap,15,15,0.0303566514980048,0.8451042716624214
cub_00889,occlusion,15,15,0.026718421540863346,0.9601768574211746
cub_00889,guided_backprop,15,15,0.03685918301343918,0.7606023146770894
cub_00900,gradcam,16,16,0.08852594274794684,0.5353204455110244
cub_00900,gradcam++,16,16,0.1320075755182188,0.529683139536064
cub_00900,integrated_gradients,16,16,0.1776024503866211,0.42486735028214756
cub_00900,gradient_shap,16,16,0.1285396724473685,0.5605874116648919
cub_00900,occlusion,16,16,0.1649264972191304,0.536182871076744
cub_00900,guided_backprop,16,16,0.12198250660148918,0.3819377028616145
cub_00907,gradcam,16,16,0.12098868193133969,0.8236101772519762
cub_00907,gradcam++,16,16,0.14737958072801124,0.830551972601097
cub_00907,integrated_gradients,16,16,0.06014906469499693,0.7223414857755416
cub_00907,gradient_shap,16,16,0.033736400201451036,0.7198767456575298
cub_00907,occlusion,16,16,0.6942494846764021,0.6547835037927143
cub_00907,guided_backprop,16,16,0.2894249213277363,0.35971067014615987
cub_00911,gradcam,16,16,0.09057957307377364,0.8520750548574141
cub_00911,gradcam++,16,16,0.10591501636372415,0.8472248209523968
cub_00911,integrated_gradients,16,16,0.032231175655033445,0.7381429180386476
cub_00911,gradient_shap,16,16,0.030882197688333692,0.669949091214221
cub_00911,occlusion,16,16,0.17439861202728937,0.8726655494305305
cub_00911,guided_backprop,16,16,0.14318984820274638,0.5360469848150388
cub_00914,gradcam,16,16,0.1532570273411693,0.8676419373485258
cub_00914,gradcam++,16,16,0.19230931290076114,0.8743134464952163
cub_00914,integrated_gradients,16,16,0.07138347100699319,0.6048687601054552
cub_00914,gradient_shap,16,16,0.050285828928463165,0.7118691630545073
cub_00914,occlusion,16,16,0.5672737630200574,0.8587475225212984
cub_00914,guided_backprop,16,16,0.16334299065056257,0.4754019467218314
cub_00918,gradcam,16,16,0.2458042638492771,0.7484330069157294
cub_00918,gradcam++,16,16,0.29377035402285406,0.7786808322998695
cub_00918,integrated_gradients,16,16,0.06947650879737922,0.6776459046523086
cub_00918,gradient_shap,16,16,0.06753065963857806,0.7134645435842685
cub_00918,occlusion,16,16,0.29344904778990905,0.7769592266413384
cub_00918,guided_backprop,16,16,0.08280710336985068,0.6276873185182921
cub_00924,gradcam,16,16,0.1305903445871081,0.9299912448856048
cub_00924,gradcam++,16,16,0.12583435850683605,0.9310182627174072
cub_00924,integrated_gradients,16,16,0.04280996548477561,0.8368637686478905
cub_00924,gradient_shap,16,16,0.03591515457810601,0.8878322778153233
cub_00924,occlusion,16,16,0.0604218894673977,0.9249679591390304
cub_00924,guided_backprop,16,16,0.11591847596282606,0.7317013895954005
cub_00926,gradcam,16,16,0.3336205728701317,0.6641874460387042
cub_00926,gradcam++,16,16,0.33375969027401886,0.6013341231155209
cub_00926,integrated_gradients,16,16,0.1140879881219007,0.5798324883100576
cub_00926,gradient_shap,16,16,0.11205494557507337,0.6436825210694224
cub_00926,occlusion,16,16,0.40879267490236093,0.6853907553362661
cub_00926,guided_backprop,16,16,0.14697584574460054,0.3504978803335689
cub_00933,gradcam,16,16,0.06683481124782703,0.4041806336375885
cub_00933,gradcam++,16,16,0.11220392400718995,0.4305803496274166
cub_00933,integrated_gradients,16,16,0.019426776748150583,0.3560415467669372
cub_00933,gradient_shap,16,16,0.01881456671399065,0.35807652507210147
cub_00933,occlusion,16,16,0.058260501289623796,0.5022536385687999
cub_00933,guided_backprop,16,16,0.10959879240253942,0.178678999398835
cub_00934,gradcam,16,16,0.08628507616231217,0.713114266458433
cub_00934,gradcam++,16,16,0.09576000208035113,0.6587760213646107
cub_00934,integrated_gradients,16,16,0.09606330449460072,0.7467650979640894
cub_00934,gradient_shap,16,16,0.08860919678118082,0.8043224077555351
cub_00934,occlusion,16,16,0.2476445893524215,0.6227562297019177
cub_00934,guided_backprop,16,16,0.09595374864875339,0.7212956467526965
cub_00937,gradcam,16,16,0.2872233972768299,0.7269778001937084
cub_00937,gradcam++,16,16,0.3825876494520344,0.7338969934615305
cub_00937,integrated_gradients,16,16,0.20514282643562184,0.5947453105356544
cub_00937,gradient_shap,16,16,0.16714818539330736,0.5019141842843965
cub_00937,occlusion,16,16,0.573782767902594,0.8203486543032341
cub_00937,guided_backprop,16,16,0.21284877144498754,0.3561681008082815
cub_00949,gradcam,16,16,0.20435654089087624,0.8164751969161442
cub_00949,gradcam++,16,16,0.20402090650459287,0.8301997315022162
cub_00949,integrated_gradients,16,16,0.1252807642915286,0.5484423596295528
cub_00949,gradient_shap,16,16,0.10678789749508724,0.606269459601026
cub_00949,occlusion,16,16,0.25518169671995566,0.7594857688876799
cub_00949,guided_backprop,16,16,0.29373466599499815,0.29237483384786167
cub_00950,gradcam,16,16,0.09475192437530496,0.38895050109131263
cub_00950,gradcam++,16,16,0.10296361860819161,0.4237369675072841
cub_00950,integrated_gradients,16,16,0.040157372120302175,0.42368525405181573
cub_00950,gradient_shap,16,16,0.035538332874421034,0.4951111547998153
cub_00950,occlusion,16,16,0.07134686217177659,0.5438044208916835
cub_00950,guided_backprop,16,16,0.12922145158518106,0.40354099731193854
cub_00960,gradcam,17,17,0.42290278017753735,0.7853425850742497
cub_00960,gradcam++,17,17,0.386906540056225,0.8052847836748697
cub_00960,integrated_gradients,17,17,0.3034292089403607,0.57249280923279
cub_00960,gradient_shap,17,17,0.2851694728597068,0.5425689096213319
cub_00960,occlusion,17,17,0.69664752749959,0.7482685885974206
cub_00960,guided_backprop,17,17,0.5116070656920783,0.33646533136488865
cub_00966,gradcam,17,17,0.03974543338408694,0.6075676562846638
cub_00966,gradcam++,17,17,0.04071574704721571,0.6051855233148672
cub_00966,integrated_gradients,17,17,0.03587024655425921,0.40377943856874476
cub_00966,gradient_shap,17,17,0.03492710866266862,0.5435502766282297
cub_00966,occlusion,17,17,0.10906001025578008,0.6452056300477124
cub_00966,guided_backprop,17,17,0.03735253574559465,0.38587531620869414
cub_00973,gradcam,17,17,0.1575341051677242,0.8403778689564205
cub_00973,gradcam++,17,17,0.12610835330269765,0.8425980940111913
cub_00973,integrated_gradients,17,17,0.04881012210389599,0.6093516165972688
cub_00973,gradient_shap,17,17,0.03992776729865,0.6874497390002944
cub_00973,occlusion,17,17,0.09728210449684413,0.8279347710427828
cub_00973,guided_backprop,17,17,0.05154365982161835,0.4703342871856876
cub_00976,gradcam,17,17,0.340947321173735,0.6865564153180457
cub_00976,gradcam++,17,17,0.38257030615350235,0.7556364948512054
cub_00976,integrated_gradients,17,17,0.09000139876734466,0.43212282793829215
cub_00976,gradient_shap,17,17,0.09386501376284288,0.40178461809409777
cub_00976,occlusion,17,17,0.5621811085031369,0.7038907165289857
cub_00976,guided_backprop,17,17,0.104146500735078,0.3027574608218856
cub_00977,gradcam,17,17,0.16803014990873633,0.8719407158554531
cub_00977,gradcam++,17,17,0.17212757659144703,0.8955694484175183
cub_00977,integrated_gradients,17,17,0.05966948071727529,0.6967828516731971
cub_00977,gradient_shap,17,17,0.053165727085433906,0.7549274541088381
cub_00977,occlusion,17,17,0.24288613767130302,0.8734552445472217
cub_00977,guided_backprop,17,17,0.2056556843454018,0.33755693907150996
cub_00979,gradcam,17,17,0.32137505550635975,0.720353970740689
cub_00979,gradcam++,17,17,0.3843137695337646,0.5884821227402426
cub_00979,integrated_gradients,17,17,0.3812824336462654,0.2734591417131014
cub_00979,gradient_shap,17,17,0.37997051068814475,0.4335270801791921
cub_00979,occlusion,17,17,0.6236220086575487,0.5174462734605185
cub_00979,guided_backprop,17,17,0.3905614020652138,0.16976206740364427
cub_00981,gradcam,17,17,0.2700899731134995,0.8781661855638958
cub_00981,gradcam++,17,17,0.3085720926872455,0.8893700244487263
cub_00981,integrated_gradients,17,17,0.3819073890335858,0.5505498760030604
cub_00981,gradient_shap,17,17,0.34072161938529466,0.5508560490910894
cub_00981,occlusion,17,17,0.543760022369679,0.8977791207493284
cub_00981,guided_backprop,17,17,0.4714845797629096,0.48101224364945655
cub_00988,gradcam,17,17,0.25002551350044083,0.8665937299490906
cub_00988,gradcam++,17,17,0.2779041338362731,0.9078859137953258
cub_00988,integrated_gradients,17,17,0.40011129906633863,0.6359352728468365
cub_00988,gradient_shap,17,17,0.3105056278291159,0.641913860256318
cub_00988,occlusion,17,17,0.7980325004667975,0.8985925194458106
cub_00988,guided_backprop,17,17,0.4713020262424834,0.4300474427524022
cub_00995,gradcam,17,17,0.2774307445506565,0.8675938549102284
cub_00995,gradcam++,17,17,0.34798040851019324,0.8614366235793568
cub_00995,integrated_gradients,17,17,0.10432756758527834,0.7128539828234352
cub_00995,gradient_shap,17,17,0.0791973301093094,0.742528016876895
cub_00995,occlusion,17,17,0.48543139713583516,0.9036208036006428
cub_00995,guided_backprop,17,17,0.2555199187598191,0.38372849397128445
cub_01001,gradcam,18,18,0.12709100023494102,0.6704930197913201
cub_01001,gradcam++,18,18,0.11607499602250756,0.6880182561464606
cub_01001,integrated_gradients,18,18,0.09238883843063377,0.44352339991601175
cub_01001,gradient_shap,18,18,0.13301796121522785,0.5417600906919687
cub_01001,occlusion,18,18,0.4998378881602548,0.5758095850236713
cub_01001,guided_backprop,18,18,0.13460193135542797,0.2876289882697165
cub_01024,gradcam,18,18,0.12540291509358215,0.5042219661176205
cub_01024,gradcam++,18,18,0.08916191744501702,0.490802732361044
cub_01024,integrated_gradients,18,18,0.03246090022148564,0.24785852342029102
cub_01024,gradient_shap,18,18,0.030804292701941457,0.2979664863669313
cub_01024,occlusion,18,18,0.04254021522356197,0.6639421177096664
cub_01024,guided_backprop,18,18,0.034303180326242,0.18541014988441018
cub_01029,gradcam,18,18,0.09871638164622712,0.22412524872925133
cub_01029,gradcam++,18,18,0.03928881259635091,0.18623962840065358
cub_01029,integrated_gradients,18,18,0.029318787163356317,0.052023012633435416
cub_01029,gradient_shap,18,18,0.0218388611683622,0.042255481350002795
cub_01029,occlusion,18,18,0.2492027437314391,0.28724776376038785
cub_01029,guided_backprop,18,18,0.041171967622358356,0.07610677091870456
cub_01031,gradcam,18,18,0.07936204213183375,0.5932459194213152
cub_01031,gradcam++,18,18,0.049177221819991256,0.641082938015461
cub_01031,integrated_gradients,18,18,0.020804245711769913,0.5014202993363142
cub_01031,gradient_shap,18,18,0.02359840668505058,0.4498081984231248
cub_01031,occlusion,18,18,0.054281670035561544,0.4793509238399565
cub_01031,guided_backprop,18,18,0.023596982756862415,0.3912138807761948
cub_01034,gradcam,18,18,0.1349055416532792,0.7205051339697094
cub_01034,gradcam++,18,18,0.12214108611806297,0.6919139699079095
cub_01034,integrated_gradients,18,18,0.10919683771790005,0.49439110164530575
cub_01034,gradient_shap,18,18,0.06953347789822147,0.5650654155644588
cub_01034,occlusion,18,18,0.33747820873977613,0.8432886491529642
cub_01034,guided_backprop,18,18,0.10464072330505589,0.3582247511018067
cub_01035,gradcam,18,18,0.09224920009728521,0.7060747418552636
cub_01035,gradcam++,18,18,0.07568241417611717,0.7001377561129629
cub_01035,integrated_gradients,18,18,0.13579101372743027,0.5550652148260269
cub_01035,gradient_shap,18,18,0.13475673092179932,0.5783952231169679
cub_01035,occlusion,18,18,0.1639782550279051,0.7683402133174242
cub_01035,guided_backprop,18,18,0.04709659021464178,0.4170698522240855
cub_01036,gradcam,18,18,0.0769690740737133,0.5090204313397408
cub_01036,gradcam++,18,18,0.03438569430727511,0.5024042655713856
cub_01036,integrated_gradients,18,18,0.02603597234119661,0.22540300008258782
cub_01036,gradient_shap,18,18,0.031220577447675174,0.39215553096728395
cub_01036,occlusion,18,18,0.12002609024639241,0.5463390545453876
cub_01036,guided_backprop,18,18,0.02436322864377872,0.19512752884766082
cub_01038,gradcam,18,18,0.08599035850493236,0.6198294039582833
cub_01038,gradcam++,18,18,0.11304165122564884,0.6404705394932535
cub_01038,integrated_gradients,18,18,0.09883610195247458,0.5434132678667083
cub_01038,gradient_shap,18,18,0.09164416277781133,0.5573776938603259
cub_01038,occlusion,18,18,0.06904731057584286,0.7931591921485961
cub_01038,guided_backprop,18,18,0.045388626243220646,0.283977781899739
cub_01041,gradcam,18,18,0.07277508192928507,0.5127746665850281
cub_01041,gradcam++,18,18,0.06210038467252161,0.42620982257649304
cub_01041,integrated_gradients,18,18,0.02132885521714343,0.28616267601028084
cub_01041,gradient_shap,18,18,0.020729438957641837,0.3123718786751851
cub_01041,occlusion,18,18,0.052586512069683525,0.5716545787639916
cub_01041,guided_backprop,18,18,0.036675614895648335,0.24353188567620232
cub_01046,gradcam,18,18,0.07094259552541188,0.6125713442452251
cub_01046,gradcam++,18,18,0.07800148075548348,0.5266063875518738
cub_01046,integrated_gradients,18,18,0.03012013633269817,0.4796466862782836
cub_01046,gradient_shap,18,18,0.02683549583889544,0.43633368726586924
cub_01046,occlusion,18,18,0.09684429237386213,0.7411881272681057
cub_01046,guided_backprop,18,18,0.029390615609008814,0.39367269834619945
cub_01048,gradcam,18,18,0.09581134505569935,0.8839323838241397
cub_01048,gradcam++,18,18,0.11568435986991975,0.8678120511583983
cub_01048,integrated_gradients,18,18,0.06738057256152388,0.6388739224988967
cub_01048,gradient_shap,18,18,0.055808064097072924,0.6828913385048508
cub_01048,occlusion,18,18,0.18305526567855854,0.9236022439785301
cub_01048,guided_backprop,18,18,0.1444572126958519,0.3696606163983233
cub_01054,gradcam,18,18,0.2349764610698912,0.8311419036239384
cub_01054,gradcam++,18,18,0.2238721808185801,0.8398132731206716
cub_01054,integrated_gradients,18,18,0.10571859504561872,0.6031883756571915
cub_01054,gradient_shap,18,18,0.15422052333597092,0.6581859209458344
cub_01054,occlusion,18,18,0.6393049778649582,0.9091776248998941
cub_01054,guided_backprop,18,18,0.13684248768840915,0.5258053164347074
cub_01059,gradcam,19,19,0.10785354576073587,0.6400321060442365
cub_01059,gradcam++,19,19,0.06071191530500074,0.5762788857333362
cub_01059,integrated_gradients,19,19,0.025780923548154536,0.615070244995877
cub_01059,gradient_shap,19,19,0.024939287430606787,0.6150383279193194
cub_01059,occlusion,19,19,0.0715048888232559,0.7789040321018547
cub_01059,guided_backprop,19,19,0.029058751364937057,0.34219513179850763
cub_01065,gradcam,19,161,0.013038844111724757,0.2381089352769777
cub_01065,gradcam++,19,161,0.012212422909215094,0.17239749848376962
cub_01065,integrated_gradients,19,161,0.014042014451115392,0.05916252747410908
cub_01065,gradient_shap,19,161,0.016012539411894976,0.06546800467185675
cub_01065,occlusion,19,161,0.015244612621609123,0.18123621202539653
cub_01065,guided_backprop,19,161,0.011978006114804882,0.05098649393767117
cub_01070,gradcam,19,19,0.1458750568490359,0.7256772362627089
cub_01070,gradcam++,19,19,0.09739690704300302,0.7566523268120364
cub_01070,integrated_gradients,19,19,0.07402189001441002,0.8534157649148257
cub_01070,gradient_shap,19,19,0.045070971961831664,0.8799463026691228
cub_01070,occlusion,19,19,0.07038941605133005,0.8988921605516225
cub_01070,guided_backprop,19,19,0.08689766165334734,0.7652717526769265
cub_01074,gradcam,19,19,0.07258434843679426,0.8801170446444302
cub_01074,gradcam++,19,19,0.06188237190217478,0.8980879996437579
cub_01074,integrated_gradients,19,19,0.027402637639897875,0.8819734664168208
cub_01074,gradient_shap,19,19,0.028324047985370273,0.9072305135894567
cub_01074,occlusion,19,19,0.07140699705341831,0.9420098089147358
cub_01074,guided_backprop,19,19,0.05734739470644854,0.777437272563111
cub_01076,gradcam,19,19,0.030045469863398466,0.8741189629305155
cub_01076,gradcam++,19,19,0.029459243844030425,0.8889696322847159
cub_01076,integrated_gradients,19,19,0.030292374501004818,0.868565774941817
cub_01076,gradient_shap,19,19,0.03070585485547781,0.8957762063015252
cub_01076,occlusion,19,19,0.0321821671386715,0.9527877711225301
cub_01076,guided_backprop,19,19,0.02959416988305747,0.8093819614034146
cub_01078,gradcam,19,19,0.08350920875091107,0.8218482541618868
cub_01078,gradcam++,19,19,0.03403666982630966,0.857849534251727
cub_01078,integrated_gradients,19,19,0.027772062280564565,0.6477266726084052
cub_01078,gradient_shap,19,19,0.02642655342424405,0.6360724496771583
cub_01078,occlusion,19,19,0.060190715899079816,0.9032613210845739
cub_01078,guided_backprop,19,19,0.02557635027333163,0.6962596573634071
cub_01084,gradcam,19,19,0.03079324256977998,0.25279665682464836
cub_01084,gradcam++,19,19,0.01764365385679412,0.3178828318486921
cub_01084,integrated_gradients,19,19,0.017997015110449866,0.4665888453135266
cub_01084,gradient_shap,19,19,0.01814939930482069,0.37492557941004634
cub_01084,occlusion,19,19,0.018275297869695353,0.45448933574662076
cub_01084,guided_backprop,19,19,0.01783042117313016,0.3193452117033303
cub_01087,gradcam,19,19,0.07341395874973389,0.8715327183250338
cub_01087,gradcam++,19,19,0.02685220159182791,0.9050393857527524
cub_01087,integrated_gradients,19,19,0.02778324290266028,0.7753088957164436
cub_01087,gradient_shap,19,19,0.027742515648424157,0.8339021660853178
cub_01087,occlusion,19,19,0.03393215687246993,0.9266685881186277
cub_01087,guided_backprop,19,19,0.02756356386380503,0.7679245168576015
cub_01098,gradcam,19,19,0.12677490527275953,0.590929208660964
cub_01098,gradcam++,19,19,0.06889645168885183,0.6581501343578565
cub_01098,integrated_gradients,19,19,0.04548324792995118,0.7151883548649494
cub_01098,gradient_shap,19,19,0.04176254670019262,0.7531715901510324
cub_01098,occlusion,19,19,0.06530820486950689,0.5157323610503226
cub_01098,guided_backprop,19,19,0.0754658522695536,0.4458592544775456
cub_01105,gradcam,19,19,0.10963171450421214,0.8857635755557567
cub_01105,gradcam++,19,19,0.07682931501476563,0.877554771443829
cub_01105,integrated_gradients,19,19,0.02923980266932631,0.7409671824891121
cub_01105,gradient_shap,19,19,0.028705963268294,0.843234794633463
cub_01105,occlusion,19,19,0.25895942086353896,0.9307287849951535
cub_01105,guided_backprop,19,19,0.030575682217022403,0.7655207517091186
cub_01109,gradcam,19,19,0.06537790456786753,0.7246082323079464
cub_01109,gradcam++,19,19,0.03016946235147771,0.7228484809864313
cub_01109,integrated_gradients,19,19,0.024477952779852787,0.7796575215179472
cub_01109,gradient_shap,19,19,0.02408117738523288,0.8195713837165386
cub_01109,occlusion,19,19,0.03981133091219818,0.8568700664211064
cub_01109,guided_backprop,19,19,0.04420364269171841,0.6657404484052676
cub_01116,gradcam,20,20,0.06983163846307436,0.8985039913037326
cub_01116,gradcam++,20,20,0.05563929274794647,0.8977283441403414
cub_01116,integrated_gradients,20,20,0.032684867276111626,0.8353456041950266
cub_01116,gradient_shap,20,20,0.028143476007971915,0.8487558181688654
cub_01116,occlusion,20,20,0.04509594673145329,0.9095010482647922
cub_01116,guided_backprop,20,20,0.06645103162445595,0.6917043382534758
cub_01118,gradcam,20,20,0.029516913532279438,0.7255894505360629
cub_01118,gradcam++,20,20,0.039842635003151376,0.7443387710431126
cub_01118,integrated_gradients,20,20,0.026502427272498612,0.4482239997101715
cub_01118,gradient_shap,20,20,0.023649638969800435,0.44065887510660107
cub_01118,occlusion,20,20,0.037104398285737264,0.8468141295888928
cub_01118,guided_backprop,20,20,0.025424154917709527,0.3298134277167264
cub_01122,gradcam,20,20,0.24252770888269878,0.9099113666394258
cub_01122,gradcam++,20,20,0.1668777031067293,0.8907161303737666
cub_01122,integrated_gradients,20,20,0.09824868554715067,0.8086991763673722
cub_01122,gradient_shap,20,20,0.12375396430143154,0.8386439357243943
cub_01122,occlusion,20,20,0.5811896712461021,0.8975175225117709
cub_01122,guided_backprop,20,20,0.11910663798917086,0.7406966838578228
cub_01132,gradcam,20,20,0.09494029181660153,0.8536272400000597
cub_01132,gradcam++,20,20,0.07692011470790022,0.843016617646208
cub_01132,integrated_gradients,20,20,0.050174118121503845,0.8088873654254711
cub_01132,gradient_shap,20,20,0.043487205466954046,0.8089583048305939
cub_01132,occlusion,20,20,0.46245310790254746,0.8820215328538323
cub_01132,guided_backprop,20,20,0.07620074567967094,0.727938353002537
cub_01142,gradcam,20,20,0.18149470950593244,0.9073320158699062
cub_01142,gradcam++,20,20,0.1660423424036708,0.9050749086716677
cub_01142,integrated_gradients,20,20,0.10620296361157672,0.846807802224066
cub_01142,gradient_shap,20,20,0.0781898658256978,0.8122301302908453
cub_01142,occlusion,20,20,0.4289488926820923,0.929670830903342
cub_01142,guided_backprop,20,20,0.21123604760068698,0.6997499281133058
cub_01145,gradcam,20,20,0.108319467183901,0.494852032448398
cub_01145,gradcam++,20,20,0.0719390913087409,0.5585606653185096
cub_01145,integrated_gradients,20,20,0.02595718737575226,0.6483399514050688
cub_01145,gradient_shap,20,20,0.020944285794394096,0.6320675705268514
cub_01145,occlusion,20,20,0.13825430000943018,0.5180425808706786
cub_01145,guided_backprop,20,20,0.03938415122102015,0.5132913828769232
cub_01153,gradcam,20,20,0.1187507341906894,0.85332246356993
cub_01153,gradcam++,20,20,0.0910934764542617,0.8398729541280773
cub_01153,integrated_gradients,20,20,0.08679741823580116,0.6259110834565944
cub_01153,gradient_shap,20,20,0.07343181811156682,0.7219644681492355
cub_01153,occlusion,20,20,0.22940534331719392,0.8202609457948712
cub_01153,guided_backprop,20,20,0.3110962522972841,0.30287693046848285
cub_01157,gradcam,20,20,0.07417121338075958,0.6876004247867968
cub_01157,gradcam++,20,20,0.05342883898410947,0.716546451387694
cub_01157,integrated_gradients,20,20,0.022946185810724273,0.6959708082838917
cub_01157,gradient_shap,20,20,0.021725834644166758,0.7052312079875264
cub_01157,occlusion,20,20,0.057239010374178174,0.7094217502453831
cub_01157,guided_backprop,20,20,0.06053851016040426,0.48161085080500915
cub_01169,gradcam,20,20,0.06029502667370253,0.16564081933465788
cub_01169,gradcam++,20,20,0.035639213817194114,0.15288466549827714
cub_01169,integrated_gradients,20,20,0.01160221053287387,0.09897936714696698
cub_01169,gradient_shap,20,20,0.011240128161443864,0.09732996653183364
cub_01169,occlusion,20,20,0.07034456190303899,0.18369171106605786
cub_01169,guided_backprop,20,20,0.011884516006102784,0.10443589629721828
cub_01170,gradcam,20,20,0.03935278559511061,0.6408004093391354
cub_01170,gradcam++,20,20,0.023195607359230052,0.5912063942232635
cub_01170,integrated_gradients,20,20,0.03991541557043092,0.19037025633733715
cub_01170,gradient_shap,20,20,0.02335038320888998,0.30617585917643736
cub_01170,occlusion,20,20,0.08392776414984837,0.5116535940149333
cub_01170,guided_backprop,20,20,0.021471947641111908,0.11563103853550272
cub_01171,gradcam,20,20,0.08513944230508061,0.5813891211582813
cub_01171,gradcam++,20,20,0.054381342418491845,0.5451373107673134
cub_01171,integrated_gradients,20,20,0.03606960861070547,0.48624142158951145
cub_01171,gradient_shap,20,20,0.029581141544622373,0.4609454621328041
cub_01171,occlusion,20,20,0.17043366357102063,0.5862606760987545
cub_01171,guided_backprop,20,20,0.03570591237876215,0.49237837972759735
cub_01173,gradcam,20,20,0.15050679351552393,0.8571015239635017
cub_01173,gradcam++,20,20,0.1316087870509364,0.8337144230434204
cub_01173,integrated_gradients,20,20,0.16708250888623297,0.7016240007200394
cub_01173,gradient_shap,20,20,0.11825003933772679,0.7918303821468726
cub_01173,occlusion,20,20,0.21682456825510601,0.8730306022276638
cub_01173,guided_backprop,20,20,0.1913962361351878,0.5492469872842776
cub_01177,gradcam,21,21,0.2697676496696659,0.5292950599221513
cub_01177,gradcam++,21,21,0.27993537072907204,0.5405926622217521
cub_01177,integrated_gradients,21,21,0.3430498546687887,0.6874585293000565
cub_01177,gradient_shap,21,21,0.29742196258157494,0.6862102130195126
cub_01177,occlusion,21,21,0.4497365704504773,0.7931264010956511
cub_01177,guided_backprop,21,21,0.4372091350494884,0.55830844452139
cub_01180,gradcam,21,104,0.05138669946463778,0.4170341361430473
cub_01180,gradcam++,21,104,0.07118572016479448,0.5663662404869684
cub_01180,integrated_gradients,21,104,0.04869608642766252,0.08652652372838927
cub_01180,gradient_shap,21,104,0.06474437589058651,0.12486398435430601
cub_01180,occlusion,21,104,0.13774189004907383,0.3478062980924733
cub_01180,guided_backprop,21,104,0.06027401228202508,0.1471146230935119
cub_01181,gradcam,21,21,0.08006984754028965,0.6636453067651018
cub_01181,gradcam++,21,21,0.07479843021137642,0.630406512110494
cub_01181,integrated_gradients,21,21,0.2290656832745299,0.4466026544570923
cub_01181,gradient_shap,21,21,0.09831033390946686,0.5882604387355967
cub_01181,occlusion,21,21,0.2511276862816885,0.5681269576540217
cub_01181,guided_backprop,21,21,0.1961423803120852,0.4263188661308958
cub_01185,gradcam,21,104,0.07644695407652763,0.5850239061517641
cub_01185,gradcam++,21,104,0.053321023727767175,0.4697806143318303
cub_01185,integrated_gradients,21,104,0.03783983412431554,0.191555630590301
cub_01185,gradient_shap,21,104,0.02469367083976976,0.18441967527614908
cub_01185,occlusion,21,104,0.4416208608658053,0.25561515125446016
cub_01185,guided_backprop,21,104,0.04772356438916177,0.15317557592643424
cub_01198,gradcam,21,21,0.2164529962465167,0.5072761406889185
cub_01198,gradcam++,21,21,0.33769469823455445,0.36037806484382595
cub_01198,integrated_gradients,21,21,0.10590632043313238,0.4655439499532804
cub_01198,gradient_shap,21,21,0.0760602342663333,0.5834099132334812
cub_01198,occlusion,21,21,0.18509013436269015,0.33655373041983694
cub_01198,guided_backprop,21,21,0.17439985198434446,0.3413519140100107
cub_01203,gradcam,21,21,0.03869621903286316,0.26466905327979473
cub_01203,gradcam++,21,21,0.04203040957218036,0.2464648246299475
cub_01203,integrated_gradients,21,21,0.03745045841205865,0.14088435671292243
cub_01203,gradient_shap,21,21,0.04481220907764509,0.19394521098583933
cub_01203,occlusion,21,21,0.07995955660007895,0.6021925539942459
cub_01203,guided_backprop,21,21,0.07517156595131383,0.12277325352188198
cub_01204,gradcam,21,21,0.2372737890807912,0.6626083394279705
cub_01204,gradcam++,21,21,0.20732210145797586,0.5731271129334347
cub_01204,integrated_gradients,21,21,0.15873475805856288,0.48590179199818523
cub_01204,gradient_shap,21,21,0.14201345249311997,0.5285723735432839
cub_01204,occlusion,21,21,0.290294425538741,0.6801514228456654
cub_01204,guided_backprop,21,21,0.12984630186110732,0.2944812340429052
cub_01205,gradcam,21,21,0.04797722860821523,0.3247565606841818
cub_01205,gradcam++,21,21,0.04550714693032205,0.2342093560146168
cub_01205,integrated_gradients,21,21,0.09290064105298369,0.46402206930797546
cub_01205,gradient_shap,21,21,0.06560758643317968,0.4980366704752669
cub_01205,occlusion,21,21,0.038388981972821055,0.5282002186169847
cub_01205,guided_backprop,21,21,0.15699261880945414,0.4719534104922786
cub_01210,gradcam,21,21,0.18847904207650573,0.6210878076730296
cub_01210,gradcam++,21,21,0.14280481773894285,0.6351178175536913
cub_01210,integrated_gradients,21,21,0.20674608529079708,0.5270562509540468
cub_01210,gradient_shap,21,21,0.15559994888026268,0.5621535390382633
cub_01210,occlusion,21,21,0.35438850426580754,0.44222070525866
cub_01210,guided_backprop,21,21,0.20867275220807638,0.4129487613448872
cub_01221,gradcam,21,21,0.26624792189104485,0.6916640201350673
cub_01221,gradcam++,21,21,0.2727292054565624,0.6823453044285998
cub_01221,integrated_gradients,21,21,0.26970465220510953,0.4602337134769186
cub_01221,gradient_shap,21,21,0.19448896137764682,0.4815631933277472
cub_01221,occlusion,21,21,0.5089243432274089,0.7223043432226405
cub_01221,guided_backprop,21,21,0.31935908680316066,0.4396207711659371
cub_01223,gradcam,21,21,0.5842083343537524,0.7704873768379912
cub_01223,gradcam++,21,21,0.5467578932875768,0.7644838785519824
cub_01223,integrated_gradients,21,21,0.33320044276770205,0.623342484398745
cub_01223,gradient_shap,21,21,0.33874550086911764,0.6453595507191494
cub_01223,occlusion,21,21,0.6216616594931111,0.7959099180763587
cub_01223,guided_backprop,21,21,0.5254437620053068,0.5307059900136665
cub_01231,gradcam,21,21,0.19624693270307036,0.39754877358209345
cub_01231,gradcam++,21,21,0.19992585281142966,0.40997565870638936
cub_01231,integrated_gradients,21,21,0.2216418626834639,0.5570085051236673
cub_01231,gradient_shap,21,21,0.2366584004717879,0.5483369601657614
cub_01231,occlusion,21,21,0.13945086451712993,0.7454458197345957
cub_01231,guided_backprop,21,21,0.1626340527785942,0.4973821912659332
cub_01240,gradcam,22,24,0.1767379383731168,0.8103983269305899
cub_01240,gradcam++,22,24,0.19189356403658167,0.7778095530113204
cub_01240,integrated_gradients,22,24,0.03606608192785644,0.7582359684165566
cub_01240,gradient_shap,22,24,0.04004468868370169,0.7717859200900421
cub_01240,occlusion,22,24,0.2734571009641514,0.6968363525345922
cub_01240,guided_backprop,22,24,0.06638605577754789,0.610587990609929
cub_01241,gradcam,22,22,0.17855300743249244,0.333606412622612
cub_01241,gradcam++,22,22,0.20242392604704945,0.3985543673275969
cub_01241,integrated_gradients,22,22,0.11250618077465334,0.24104767158278262
cub_01241,gradient_shap,22,22,0.1633377185673453,0.28702539298101326
cub_01241,occlusion,22,22,0.20970720151672143,0.3418679937138222
cub_01241,guided_backprop,22,22,0.3284827115101506,0.050315018196124564
cub_01242,gradcam,22,24,0.05242552563431674,0.4233672447269783
cub_01242,gradcam++,22,24,0.06715563107281923,0.3827490829164162
cub_01242,integrated_gradients,22,24,0.05218868298688904,0.23324439399875696
cub_01242,gradient_shap,22,24,0.03289552939822898,0.3333479381166399
cub_01242,occlusion,22,24,0.22704848302528263,0.3439922876888886
cub_01242,guided_backprop,22,24,0.08463468571426347,0.09746390309337581
cub_01245,gradcam,22,22,0.13996324500767515,0.7127633163123394
cub_01245,gradcam++,22,22,0.08152648940449579,0.7177252979367041
cub_01245,integrated_gradients,22,22,0.030579018278513108,0.5196724013076164
cub_01245,gradient_shap,22,22,0.023374514782335612,0.5386015690281055
cub_01245,occlusion,22,22,0.09463182158069686,0.41520535884192206
cub_01245,guided_backprop,22,22,0.048933059681439774,0.45676030318718397
cub_01258,gradcam,22,22,0.020295351817185295,0.37876242538914084
cub_01258,gradcam++,22,22,0.01763125802390277,0.31100852278759705
cub_01258,integrated_gradients,22,22,0.012068834167439492,0.4421475158422254
cub_01258,gradient_shap,22,22,0.01155398760456592,0.37670267050853
cub_01258,occlusion,22,22,0.014525336003862323,0.307473231793847
cub_01258,guided_backprop,22,22,0.06071165691828355,0.36773825673153626
cub_01259,gradcam,22,22,0.04700133393635042,0.43032673905836416
cub_01259,gradcam++,22,22,0.03065630352357403,0.41951370754977685
cub_01259,integrated_gradients,22,22,0.0455302463611588,0.36112330628966455
cub_01259,gradient_shap,22,22,0.02979271021904424,0.46962682238081477
cub_01259,occlusion,22,22,0.11148343594977632,0.3690015373751522
cub_01259,guided_backprop,22,22,0.0569252882152796,0.16411774229782167
cub_01263,gradcam,22,24,0.045709218352567395,0.24477320668520405
cub_01263,gradcam++,22,24,0.06548651217599401,0.15882530895469243
cub_01263,integrated_gradients,22,24,0.0575510372640565,0.24827952545601872
cub_01263,gradient_shap,22,24,0.05939648638013751,0.19957765826256946
cub_01263,occlusion,22,24,0.1421109406044707,0.3021455127745867
cub_01263,guided_backprop,22,24,0.05649758668150753,0.13761366197140887
cub_01265,gradcam,22,22,0.03240224522305653,0.559802673140075
cub_01265,gradcam++,22,22,0.032451912335818636,0.6688618407002651
cub_01265,integrated_gradients,22,22,0.026733264862559735,0.44827968155732384
cub_01265,gradient_shap,22,22,0.019666085072094577,0.5926422448246742
cub_01265,occlusion,22,22,0.13127622207393871,0.6663654917269015
cub_01265,guided_backprop,22,22,0.08917651872034185,0.4564609266235493
cub_01268,gradcam,22,22,0.05234418887412176,0.13488733507692813
cub_01268,gradcam++,22,22,0.01741830797400326,0.1570569212897681
cub_01268,integrated_gradients,22,22,0.009962720237672328,0.199936089059338
cub_01268,gradient_shap,22,22,0.008656679623527452,0.18737325101392344
cub_01268,occlusion,22,22,0.03645588721847162,0.1677716820850037
cub_01268,guided_backprop,22,22,0.01829167329706252,0.14744618146214633
cub_01286,gradcam,22,22,0.25416387759614734,0.4125813804916106
cub_01286,gradcam++,22,22,0.22851075485814365,0.5543853643699549
cub_01286,integrated_gradients,22,22,0.12626418424770233,0.3654015225591138
cub_01286,gradient_shap,22,22,0.03710062069003471,0.5094037532224319
cub_01286,occlusion,22,22,0.3079030341119506,0.5000387716456316
cub_01286,guided_backprop,22,22,0.3367690074781422,0.12568442103802221
cub_01287,gradcam,22,0,0.07856619342928753,0.22790556451072916
cub_01287,gradcam++,22,0,0.039846658648457385,0.25009074950357896
cub_01287,integrated_gradients,22,0,0.04435494036879391,0.24469979308778417
cub_01287,gradient_shap,22,0,0.05432869176147507,0.17984730083262546
cub_01287,occlusion,22,0,0.06219109313096852,0.35101723506813864
cub_01287,guided_backprop,22,0,0.09838638032088057,0.2806445243651979
cub_01295,gradcam,23,23,0.04051130277803168,0.2733278653700836
cub_01295,gradcam++,23,23,0.03398063083877787,0.34663211087463425
cub_01295,integrated_gradients,23,23,0.07821204558713363,0.1209131167619489
cub_01295,gradient_shap,23,23,0.02854368455009535,0.18994388784049077
cub_01295,occlusion,23,23,0.03341326684458181,0.20952144645852966
cub_01295,guided_backprop,23,23,0.03606592315481976,0.1351685900124721
cub_01302,gradcam,23,23,0.16561414863681423,0.7631061422289348
cub_01302,gradcam++,23,23,0.1829793522018008,0.7473427444580012
cub_01302,integrated_gradients,23,23,0.16492916586576029,0.5870109915616921
cub_01302,gradient_shap,23,23,0.11266634087078273,0.6125139444950036
cub_01302,occlusion,23,23,0.3644196412176825,0.79775680861203
cub_01302,guided_backprop,23,23,0.18368417596211659,0.41352721526054664
cub_01303,gradcam,23,23,0.19214517468353734,0.6952983534545638
cub_01303,gradcam++,23,23,0.221408249612432,0.7038328915485182
cub_01303,integrated_gradients,23,23,0.08803714934037998,0.6170015927753412
cub_01303,gradient_shap,23,23,0.07987751275068149,0.6600356777315028
cub_01303,occlusion,23,23,0.5254552929312922,0.7375855583581142
cub_01303,guided_backprop,23,23,0.2534875327837654,0.2618737783166579
cub_01308,gradcam,23,23,0.019686930670286526,0.6708429930615241
cub_01308,gradcam++,23,23,0.01988185489026364,0.7664781808736734
cub_01308,integrated_gradients,23,23,0.02556683369912207,0.5623453874024562
cub_01308,gradient_shap,23,23,0.02609083192655817,0.4674421537551098
cub_01308,occlusion,23,23,0.01661820103036007,0.5725196268293076
cub_01308,guided_backprop,23,23,0.02714305843692273,0.38453441340243444
cub_01311,gradcam,23,23,0.11837223982438447,0.8799309771391564
cub_01311,gradcam++,23,23,0.09157326753484085,0.8950215112301521
cub_01311,integrated_gradients,23,23,0.11895655519329013,0.7469082140712998
cub_01311,gradient_shap,23,23,0.06647912346525119,0.7765698492410593
cub_01311,occlusion,23,23,0.2051631203736179,0.8732294332119637
cub_01311,guided_backprop,23,23,0.21024990695295856,0.5403553735115565
cub_01313,gradcam,23,23,0.110960164538119,0.6204204296576791
cub_01313,gradcam++,23,23,0.10024138524895533,0.6088964985567146
cub_01313,integrated_gradients,23,23,0.20847736994037405,0.3546820000861771
cub_01313,gradient_shap,23,23,0.26582606526790187,0.3800628082477487
cub_01313,occlusion,23,23,0.11926992608932778,0.7430750399711541
cub_01313,guided_backprop,23,23,0.2922674383386038,0.3524917109403759
cub_01315,gradcam,23,23,0.03416466487105936,0.24398808207479303
cub_01315,gradcam++,23,23,0.03216797995846719,0.36724589801160623
cub_01315,integrated_gradients,23,23,0.050281459663528955,0.4073096196982077
cub_01315,gradient_shap,23,23,0.04045913709560411,0.4481073077651672
cub_01315,occlusion,23,23,0.15516206974862137,0.4457687575253658
cub_01315,guided_backprop,23,23,0.0882167088217102,0.31975789292482654
cub_01316,gradcam,23,23,0.08467281458433717,0.6548088241252117
cub_01316,gradcam++,23,23,0.05626236082753167,0.6146922510000877
cub_01316,integrated_gradients,23,23,0.03929339335300028,0.511579173465725
cub_01316,gradient_shap,23,23,0.03192901231814176,0.5512678452651016
cub_01316,occlusion,23,23,0.045160811056848625,0.6476832579704932
cub_01316,guided_backprop,23,23,0.05472116222372279,0.31138112907065074
cub_01328,gradcam,23,23,0.030593569210031996,0.5741928655537776
cub_01328,gradcam++,23,23,0.017901094036642463,0.5364780168863945
cub_01328,integrated_gradients,23,23,0.014313647587550802,0.549942672799807
cub_01328,gradient_shap,23,23,0.014122568257153035,0.5893604521115776
cub_01328,occlusion,23,23,0.016865778272040194,0.5294823910924605
cub_01328,guided_backprop,23,23,0.015413923421874644,0.5945970648201183
cub_01329,gradcam,23,23,0.09969936250708997,0.7602878918754868
cub_01329,gradcam++,23,23,0.08179384940303862,0.7689418169553393
cub_01329,integrated_gradients,23,23,0.04346184869064019,0.6985592115554027
cub_01329,gradient_shap,23,23,0.048933726095128804,0.6399819127167575
cub_01329,occlusion,23,23,0.07077426080359146,0.806951685238164
cub_01329,guided_backprop,23,23,0.0526555925491266,0.3572064106469042
cub_01335,gradcam,23,23,0.17420370702166113,0.6841932598385029
cub_01335,gradcam++,23,23,0.16347235169960186,0.6802371216821484
cub_01335,integrated_gradients,23,23,0.11671361018670723,0.485719308431726
cub_01335,gradient_shap,23,23,0.10621361772064121,0.5208925012382679
cub_01335,occlusion,23,23,0.49610050971386965,0.7879293501260691
cub_01335,guided_backprop,23,23,0.3367884852807039,0.2340700210887007
cub_01343,gradcam,24,24,0.038368181008263495,0.19751325661782176
cub_01343,gradcam++,24,24,0.02917496813461184,0.2347217501839623
cub_01343,integrated_gradients,24,24,0.029026506317313763,0.16543102981522678
cub_01343,gradient_shap,24,24,0.020835513831116266,0.21156919391360132
cub_01343,occlusion,24,24,0.04649360696785153,0.17759366075042637
cub_01343,guided_backprop,24,24,0.019666094658896332,0.13661528497468678
cub_01353,gradcam,24,23,0.048660260415636,0.30036468628095464
cub_01353,gradcam++,24,23,0.06334948617732152,0.28352416505804284
cub_01353,integrated_gradients,24,23,0.05431542994920164,0.23655171283753584
cub_01353,gradient_shap,24,23,0.04306490684393795,0.2607609093072824
cub_01353,occlusion,24,23,0.12155827997485177,0.38283202842576436
cub_01353,guided_backprop,24,23,0.08102272272808478,0.2352392048225738
cub_01355,gradcam,24,24,0.025637495037517513,0.3538710582623026
cub_01355,gradcam++,24,24,0.019340538640972228,0.2729487989970949
cub_01355,integrated_gradients,24,24,0.019022338395006957,0.29740944206714626
cub_01355,gradient_shap,24,24,0.018261981022078544,0.3025992012117058
cub_01355,occlusion,24,24,0.022429438726976517,0.3144037341000512
cub_01355,guided_backprop,24,24,0.029333423066418625,0.36964342348510393
cub_01361,gradcam,24,22,0.0678704675869085,0.5917410620837472
cub_01361,gradcam++,24,22,0.12515214773593472,0.3724851013510488
cub_01361,integrated_gradients,24,22,0.12649684316711501,0.43763468143297357
cub_01361,gradient_shap,24,22,0.08523902555461975,0.5243160717072897
cub_01361,occlusion,24,22,0.08083090044092388,0.560054739692714
cub_01361,guided_backprop,24,22,0.12617169099394232,0.42483773083658893
cub_01365,gradcam,24,22,0.07610393142094836,0.6210738680092618
cub_01365,gradcam++,24,22,0.05471989051438867,0.5998079584329389
cub_01365,integrated_gradients,24,22,0.0840173867007252,0.5130774204793851
cub_01365,gradient_shap,24,22,0.061288007235270926,0.5782739984919316
cub_01365,occlusion,24,22,0.08934763466240839,0.6875279681175015
cub_01365,guided_backprop,24,22,0.09723497877130287,0.34592603768687696
cub_01368,gradcam,24,22,0.04761262695537881,0.5385742164566181
cub_01368,gradcam++,24,22,0.0400179296382703,0.4739137376309372
cub_01368,integrated_gradients,24,22,0.03359361906768754,0.6298273989348672
cub_01368,gradient_shap,24,22,0.029925874015316364,0.5968187918304466
cub_01368,occlusion,24,22,0.05183495928067714,0.7012741730897687
cub_01368,guided_backprop,24,22,0.05167382749496028,0.42995637323474506
cub_01374,gradcam,24,24,0.05964867093134671,0.48854521125322203
cub_01374,gradcam++,24,24,0.034896211395971474,0.421458850079216
cub_01374,integrated_gradients,24,24,0.03307431344874203,0.475225091422908
cub_01374,gradient_shap,24,24,0.02898544454947114,0.4818602168932557
cub_01374,occlusion,24,24,0.04672566729132087,0.4761902583530173
cub_01374,guided_backprop,24,24,0.04080776982009411,0.376563036639709
cub_01377,gradcam,24,24,0.027381778729613872,0.18822154968511312
cub_01377,gradcam++,24,24,0.015927677648141986,0.1611597259761766
cub_01377,integrated_gradients,24,24,0.026827340316958728,0.11094791600480675
cub_01377,gradient_shap,24,24,0.025378739065490662,0.08913302408764139
cub_01377,occlusion,24,24,0.08650302629685029,0.12828980833292006
cub_01377,guided_backprop,24,24,0.04437488848343492,0.13713057287968697
cub_01378,gradcam,24,89,0.04051497627515345,0.08319079771172254
cub_01378,gradcam++,24,89,0.028920667967759075,0.05598836077842861
cub_01378,integrated_gradients,24,89,0.01544647291302681,0.06135477439383976
cub_01378,gradient_shap,24,89,0.018686748936306685,0.09924475362931842
cub_01378,occlusion,24,89,0.062326020863838504,0.05976843039970845
cub_01378,guided_backprop,24,89,0.013302405236754569,0.10494639344979079
cub_01384,gradcam,24,57,0.025964428012957796,0.16789753825287337
cub_01384,gradcam++,24,57,0.042208528792252765,0.11534102662117221
cub_01384,integrated_gradients,24,57,0.010246276721591131,0.069445346359862
cub_01384,gradient_shap,24,57,0.007978242040553597,0.05482076301123015
cub_01384,occlusion,24,57,0.02986607885104604,0.15478005039622078
cub_01384,guided_backprop,24,57,0.016303849121322857,0.08579503063228912
cub_01390,gradcam,24,24,0.1300756830140017,0.8170703985961153
cub_01390,gradcam++,24,24,0.16876197301317009,0.8050870584556832
cub_01390,integrated_gradients,24,24,0.02901198815670796,0.8495294412830845
cub_01390,gradient_shap,24,24,0.030993560538627205,0.8399549308815041
cub_01390,occlusion,24,24,0.10475564628141001,0.8742446218850091
cub_01390,guided_backprop,24,24,0.08043208719464018,0.6391672593774274
cub_01392,gradcam,24,24,0.17033883522963153,0.8244379580253735
cub_01392,gradcam++,24,24,0.14670587353175504,0.8308224403532221
cub_01392,integrated_gradients,24,24,0.061218460614327355,0.7695775592001154
cub_01392,gradient_shap,24,24,0.06430800710804761,0.7718000566819683
cub_01392,occlusion,24,24,0.6080340195447206,0.8426220936002209
cub_01392,guided_backprop,24,24,0.12788051951210946,0.5760352563811466
cub_01404,gradcam,25,25,0.007871359487762674,0.09931179318809881
cub_01404,gradcam++,25,25,0.030148946505505595,0.14608139175688847
cub_01404,integrated_gradients,25,25,0.010362302046269178,0.106900597747881
cub_01404,gradient_shap,25,25,0.009582691732794047,0.10603105538757518
cub_01404,occlusion,25,25,0.007029355097620283,0.15887706951471045
cub_01404,guided_backprop,25,25,0.012273021676810459,0.06591591340256855
cub_01415,gradcam,25,25,0.06800931218313054,0.6188195377704687
cub_01415,gradcam++,25,25,0.07639565974241125,0.5985343299922533
cub_01415,integrated_gradients,25,25,0.02324790097773075,0.5929258100804873
cub_01415,gradient_shap,25,25,0.02662222402868793,0.5970324717578478
cub_01415,occlusion,25,25,0.044340932311024525,0.7413124397513458
cub_01415,guided_backprop,25,25,0.027336150035262106,0.4427448202040977
cub_01418,gradcam,25,25,0.11462588397262154,0.6922204956994392
cub_01418,gradcam++,25,25,0.1102522034663707,0.7125733153545297
cub_01418,integrated_gradients,25,25,0.022100893134484066,0.6212262302753515
cub_01418,gradient_shap,25,25,0.023792688609682956,0.5868605651077814
cub_01418,occlusion,25,25,0.032356416073162114,0.7716505646822043
cub_01418,guided_backprop,25,25,0.02865717597305775,0.4084998488076962
cub_01422,gradcam,25,25,0.16876367089571434,0.8921878226217814
cub_01422,gradcam++,25,25,0.21684296524617824,0.8783388592419215
cub_01422,integrated_gradients,25,25,0.06138317252043635,0.8327659157221206
cub_01422,gradient_shap,25,25,0.0573971230420284,0.8364201834541745
cub_01422,occlusion,25,25,0.13231650098459796,0.9386878445860929
cub_01422,guided_backprop,25,25,0.062263317650649706,0.7185004400205798
cub_01423,gradcam,25,25,0.06421299233334139,0.84085933418246
cub_01423,gradcam++,25,25,0.03318004292668775,0.8123809978482313
cub_01423,integrated_gradients,25,25,0.041522249078843755,0.646416965231765
cub_01423,gradient_shap,25,25,0.04042726823827252,0.6974198829499073
cub_01423,occlusion,25,25,0.07471176536055282,0.776580666017253
cub_01423,guided_backprop,25,25,0.05726170626003295,0.5159095139126293
cub_01424,gradcam,25,25,0.1242821902385913,0.8450209677335807
cub_01424,gradcam++,25,25,0.14319998859427874,0.8371877454337666
cub_01424,integrated_gradients,25,25,0.06426187119504902,0.7592250462737866
cub_01424,gradient_shap,25,25,0.07354843494249508,0.7115528777358122
cub_01424,occlusion,25,25,0.19579526634188368,0.774193692218978
cub_01424,guided_backprop,25,25,0.1633049690513872,0.5863456534338184
cub_01430,gradcam,25,25,0.10047013555886224,0.7531231865403242
cub_01430,gradcam++,25,25,0.21710771102225412,0.7031612573307937
cub_01430,integrated_gradients,25,25,0.184043860307429,0.7104013351374306
cub_01430,gradient_shap,25,25,0.1354087201762013,0.710682799865026
cub_01430,occlusion,25,25,0.284043790132273,0.7748946890351363
cub_01430,guided_backprop,25,25,0.27209246985730723,0.6570266873692163
cub_01434,gradcam,25,25,0.17550961895613,0.8398409351822921
cub_01434,gradcam++,25,25,0.16302231684094295,0.8389345400151798
cub_01434,integrated_gradients,25,25,0.031008994963485748,0.7770171346259304
cub_01434,gradient_shap,25,25,0.027931779273785647,0.7951878278632649
cub_01434,occlusion,25,25,0.046731770981568846,0.8785705596324989
cub_01434,guided_backprop,25,25,0.09334456727374346,0.45907186459517096
cub_01436,gradcam,25,25,0.11642325391294435,0.44349693075055246
cub_01436,gradcam++,25,25,0.12723208527313545,0.35937866905005644
cub_01436,integrated_gradients,25,25,0.39655106245772914,0.28591947319218886
cub_01436,gradient_shap,25,25,0.22330759451724594,0.30801565001020204
cub_01436,occlusion,25,25,0.4123872112599201,0.6839539054897614
cub_01436,guided_backprop,25,25,0.502803424524609,0.23475238449173044
cub_01444,gradcam,25,25,0.11305623749212827,0.7798825956066139
cub_01444,gradcam++,25,25,0.09093337248195896,0.7745519722928293
cub_01444,integrated_gradients,25,25,0.07145223021507262,0.6620239491690882
cub_01444,gradient_shap,25,25,0.04370517352217575,0.7023711178568193
cub_01444,occlusion,25,25,0.15837110468419272,0.798102884006221
cub_01444,guided_backprop,25,25,0.14093945473432543,0.5703026912524366
cub_01454,gradcam,25,25,0.03342316638154443,0.5944184415857308
cub_01454,gradcam++,25,25,0.02992879227385856,0.6459496287745422
cub_01454,integrated_gradients,25,25,0.03081878335215152,0.4349593995255418
cub_01454,gradient_shap,25,25,0.026129175140522418,0.36474350477801637
cub_01454,occlusion,25,25,0.033897546632215385,0.4727021418628282
cub_01454,guided_backprop,25,25,0.04311981533246581,0.24546478568809108
cub_01462,gradcam,25,25,0.07458987903082744,0.8146484222379514
cub_01462,gradcam++,25,25,0.0948451226344332,0.7746864550397732
cub_01462,integrated_gradients,25,25,0.10820109964115547,0.5509313805145212
cub_01462,gradient_shap,25,25,0.1555645852000453,0.539575161843095
cub_01462,occlusion,25,25,0.09931773311691358,0.7497548416373321
cub_01462,guided_backprop,25,25,0.24374155742116274,0.4463622360373846
cub_01465,gradcam,26,26,0.036097986286040405,0.4569741174578667
cub_01465,gradcam++,26,26,0.03923145020380617,0.3712053232593462
cub_01465,integrated_gradients,26,26,0.019545867550186818,0.2907631421345286
cub_01465,gradient_shap,26,26,0.0183770123985596,0.31178336985758504
cub_01465,occlusion,26,26,0.03520892709493637,0.3916670298203826
cub_01465,guided_backprop,26,26,0.019442030211212113,0.1779590915975859
cub_01469,gradcam,26,29,0.010912969998025802,0.26921347224852066
cub_01469,gradcam++,26,29,0.006173010243219325,0.16169642812310486
cub_01469,integrated_gradients,26,29,0.009613209188682957,0.31716566787799816
cub_01469,gradient_shap,26,29,0.009353617629676592,0.3761106037534774
cub_01469,occlusion,26,29,0.009264366966090166,0.36726504788966846
cub_01469,guided_backprop,26,29,0.00970490879917634,0.3593619768391364
cub_01474,gradcam,26,26,0.060397105466108776,0.6069335666485131
cub_01474,gradcam++,26,26,0.07862489888211714,0.4419490003958344
cub_01474,integrated_gradients,26,26,0.019162493513431397,0.15714534305152483
cub_01474,gradient_shap,26,26,0.01864218988339417,0.2658366188814398
cub_01474,occlusion,26,26,0.03785383547656239,0.7202734917402267
cub_01474,guided_backprop,26,26,0.02008598732063547,0.14502897902857512
cub_01477,gradcam,26,28,0.10020486385910773,0.40983926755288846
cub_01477,gradcam++,26,28,0.08994706246303395,0.36932235980057154
cub_01477,integrated_gradients,26,28,0.0316257203114219,0.23045854662777857
cub_01477,gradient_shap,26,28,0.02668194576690439,0.31797043666010716
cub_01477,occlusion,26,28,0.03120752546237782,0.5475297214579767
cub_01477,guided_backprop,26,28,0.08113667439029086,0.1525267835357226
cub_01478,gradcam,26,106,0.03848908583750017,0.2751450399722671
cub_01478,gradcam++,26,106,0.04027964113338386,0.21197865453141274
cub_01478,integrated_gradients,26,106,0.010375123608537248,0.09380742717185056
cub_01478,gradient_shap,26,106,0.008660425092966762,0.09573162784799932
cub_01478,occlusion,26,106,0.038319683063309636,0.15130506427376533
cub_01478,guided_backprop,26,106,0.014400558672787158,0.02646258137247058
cub_01479,gradcam,26,26,0.03187882250640541,0.3437256476841867
cub_01479,gradcam++,26,26,0.027112076058983806,0.26484948648139833
cub_01479,integrated_gradients,26,26,0.014045602246187627,0.14305761802243067
cub_01479,gradient_shap,26,26,0.014195222465787081,0.13071582500706425
cub_01479,occlusion,26,26,0.02367221649037675,0.48301564604043956
cub_01479,guided_backprop,26,26,0.016793904977384956,0.09437379756709557
cub_01486,gradcam,26,26,0.1990525959758088,0.8117239443585277
cub_01486,gradcam++,26,26,0.30303486397024243,0.7004950828850268
cub_01486,integrated_gradients,26,26,0.07493255883455276,0.2950984363793395
cub_01486,gradient_shap,26,26,0.04499162826687098,0.24898929553746707
cub_01486,occlusion,26,26,0.24226001191418622,0.7189540199935436
cub_01486,guided_backprop,26,26,0.056767149450024604,0.1912732797733042
