sample_id,label,target,spearman_gradcam_vs_gradcam++,top20_iou_gradcam_vs_gradcam++,spearman_gradcam_vs_gradient_shap,top20_iou_gradcam_vs_gradient_shap,spearman_gradcam_vs_guided_backprop,top20_iou_gradcam_vs_guided_backprop,spearman_gradcam_vs_integrated_gradients,top20_iou_gradcam_vs_integrated_gradients,spearman_gradcam_vs_occlusion,top20_iou_gradcam_vs_occlusion,spearman_gradcam++_vs_gradient_shap,top20_iou_gradcam++_vs_gradient_shap,spearman_gradcam++_vs_guided_backprop,top20_iou_gradcam++_vs_guided_backprop,spearman_gradcam++_vs_integrated_gradients,top20_iou_gradcam++_vs_integrated_gradients,spearman_gradcam++_vs_occlusion,top20_iou_gradcam++_vs_occlusion,spearman_gradient_shap_vs_guided_backprop,top20_iou_gradient_shap_vs_guided_backprop,spearman_gradient_shap_vs_integrated_gradients,top20_iou_gradient_shap_vs_integrated_gradients,spearman_gradient_shap_vs_occlusion,top20_iou_gradient_shap_vs_occlusion,spearman_guided_backprop_vs_integrated_gradients,top20_iou_guided_backprop_vs_integrated_gradients,spearman_guided_backprop_vs_occlusion,top20_iou_guided_backprop_vs_occlusion,spearman_integrated_gradients_vs_occlusion,top20_iou_integrated_gradients_vs_occlusion,mean_spearman,mean_top20_iou
cub_00001,0,86,-0.10018901960981935,1.0,0.34932037476633054,0.19999601403061223,0.31622492207308767,0.19999601403061223,0.3520497712276524,0.19999601403061223,0.10733850080163312,0.20408163265306123,0.22462051519202553,0.19999601403061223,0.09841873171377681,0.19999601403061223,0.2128554455434671,0.19999601403061223,0.2777563371482071,0.20408163265306123,0.5616400519142614,0.40506860823298796,0.9907537303813917,0.9161733817070842,0.3901331903560254,0.2491528556466022,0.5317498401772925,0.3930728118275838,0.09110398567432612,0.21443545971847858,0.3995132350817869,0.2513887174422911,0.3202193074960963,0.3358287456043216
cub_00002,0,0,0.8326867234590232,0.7074228381940311,0.2791117324679771,0.25294814999688026,0.26615920856969605,0.23022728665073822,0.2551608909926273,0.23621029303127308,-0.1086817162690883,0.13196808213827355,0.2676692209131806,0.2778555965872915,0.2550016716819432,0.2602034409142283,0.2588111778555822,0.26242294628255125,-0.006126669044332762,0.13388512946703204,0.47875117768600073,0.3896967179061072,0.9789455680316524,0.8519885577189259,0.0002968635384638862,0.14405823270511228,0.5060763167641821,0.41139240506329117,0.03109071445273032,0.14690575856997398,0.021137470548405285,0.15139985234823103,0.2877393567765362,0.3059056858382627
cub_00014,0,71,0.283053771874895,0.20304355640764485,0.03317654937898563,0.1324267900468318,0.008777191528989928,0.15252096014700817,0.02064279866896095,0.12905040504050405,-0.3679838757139404,0.029553648504544762,-0.01744383041809622,0.08728611652588261,-0.15625476870243407,0.03654759446623993,-0.01584813955203238,0.09017861990336067,0.3041559950520593,0.1891083885339117,0.5111890218939998,0.35024219590958017,0.9615253269973715,0.8177701295172539,0.07229254053422825,0.09992947431237455,0.48329665224243046,0.3203947368421053,-0.004687455186997742,0.07377396462239169,0.09365478486088426,0.0964200735453169,0.1473031042306203,0.18721644362166348
cub_00017,0,64,0.7272236990975965,0.3690346332151623,0.4221414904661595,0.2573414313443116,0.24203709261573608,0.27937054026503566,0.41583338758558636,0.26129011996733875,0.2922800003618433,0.22729747716135276,0.31388505956054347,0.24480555727842213,0.12296902607812181,0.1882770870337478,0.3144556662610967,0.24434248868497738,0.5105887866347614,0.49796823051348355,0.49729437692570033,0.38156536105183453,0.9787108556215554,0.8621265540916682,0.28646081977663085,0.22448363328904458,0.4408881698255692,0.34238512474082,0.07924442765845204,0.17434115262090935,0.28209678931551246,0.2205032506621719,0.395073976518991,0.3183421761280187
cub_00018,0,2,0.5974830827620929,0.24007409694350107,0.057810206363259224,0.12164199944149678,-0.2696403631151628,0.08240810606877223,0.11538317163107606,0.13984902661899087,0.16690421316600365,0.07600106072659772,0.19162228603630518,0.2937536259911042,-0.4238908571686332,0.05492772667542707,0.21599122770476697,0.2997021111255019,0.5910982780307089,0.2709208299379427,0.22906507256732384,0.2013647791212738,0.9796555574999386,0.8399339933993399,0.08630853671869003,0.1446395302884887,0.16054403296968942,0.17115014296551323,-0.582949922505519,0.00915832960031855,0.13058715651752673,0.1509423251589464,0.14973144527853774,0.2064311789375477
cub_00020,0,99,0.4632907338785265,0.19999601403061223,-0.004936028042388724,0.12778152393796358,-0.04397582275237766,0.11885382985840116,0.029496654932690127,0.13691723786325272,0.10821475170580307,0.1560611244155548,-0.06045031074389507,0.19999601403061223,0.06007563984488017,0.19999601403061223,-0.03595153090272566,0.19999601403061223,0.051557489759826554,0.20408163265306123,0.19829862343871868,0.23121280903012084,0.9856939913032046,0.8813273340832396,0.0768218169009567,0.1303450967274349,0.23083282315575165,0.24503722084367247,-0.20153544284564692,0.0356540838739337,0.06579786079377993,0.12090888987173817,0.12821541669514025,0.2125443226187215
cub_00029,0,70,0.7727145352599304,0.42887654848355405,0.20391221862427783,0.21364213581665356,0.2033750421904637,0.22318381277425647,0.19729937171657855,0.2291768740813327,-0.3170840795692802,0.00411053882725832,0.3884164438715251,0.24712607966196484,0.35851335385910094,0.28852080123266566,0.37255639246569805,0.23553311992120168,-0.0981972040543688,0.04953928978155089,0.5693091172794402,0.4454447245228664,0.9618013318764761,0.8112083746954246,0.05648103826586326,0.17182984626054792,0.5937720034916099,0.44430051813471505,0.04986543280070367,0.18998708768634817,-0.0009684662593553352,0.1445749124985887,0.2874511021212442,0.275136977625262
cub_00035,0,0,0.788698667837253,0.3714578354387163,0.2776054461428124,0.2556264066016504,0.40249916104401123,0.33127858421157286,0.2730575743710355,0.27015746537658886,0.07979177855524028,0.17459766122496237,0.05488798494885375,0.12097855227882037,0.22174324576558124,0.1849796303949932,0.05344704396778369,0.1263258319771031,0.0821393497006432,0.1701390892826225,0.5390494819619821,0.3986062717770035,0.9867360966907671,0.8935748655533541,0.2715602223221215,0.25627362290104716,0.5642687946606949,0.4250213007668276,0.2980039133810842,0.23012983861181896,0.2816481561143832,0.2578323717352193,0.3450091278309498,0.29779862187548667
cub_00042,0,71,0.46064119471546583,0.1200223089793642,-0.18446063019964615,0.037079115885147694,0.058308243837080574,0.09755697655353336,-0.19707143847696132,0.03595563580087697,0.2583698257113083,0.12188243101255322,0.05968086284028333,0.1249369429964688,-0.0753874780887333,0.038175046554934824,0.044672109546344034,0.12216941571149008,0.5958992343204113,0.38623000136742786,0.5006143881051026,0.33426406063023534,0.9960790073764791,0.9470314318975553,0.07015272074334017,0.17645352210746199,0.4913025598755875,0.33275781924430575,-0.16087347738952934,0.04883347990274688,0.058789478485738525,0.17216858414754005,0.19844777342681807,0.20636778485277618
cub_00044,0,71,0.9227187222099044,0.7181351582549187,-0.284367645884092,0.08048452220726783,-0.4026933435728838,0.01409731696225557,-0.2849326218159045,0.08229076790336497,-0.03245973366396031,0.24348359398957375,-0.29373035065220254,0.09844134536505332,-0.4584063884519221,0.0208905154010369,-0.3062657288600303,0.10024650780608052,0.013595368920985673,0.2785934841514903,0.6379400318247103,0.4356223175965665,0.9769492329252599,0.9117927224233188,0.2889569892963024,0.2311756133106631,0.6233741580115214,0.4205832389580974,0.19062646022780957,0.14703552840009051,0.28466599530677883,0.22315395752895753,0.12506474305481846,0.2670684393505824
cub_00050,0,85,0.8698411652370917,0.6679884345311855,-0.04186262499134376,0.23720872888669708,-0.16174010257163476,0.18017170410443373,-0.03748589409658961,0.23789551594399555,0.6665307863632589,0.3897456988141751,0.08225886709213188,0.3083851736651115,-0.10207120305573454,0.20608087927841826,0.08543904787017646,0.3061000064687237,0.7155202449502647,0.3543160690571049,0.7590794657394024,0.5030330262862278,0.9966480741801629,0.9366978674129113,0.06340346440288097,0.13439265931852515,0.7675477024276262,0.513118214716526,-0.1663926955372151,0.05753181723346547,0.059890265173534546,0.13312468563125243,0.3037737708789342,0.34438603208991686
cub_00055,0,0,0.8262498434260028,0.8325420014609204,0.2876105405535973,0.202372393961179,0.19502318813588723,0.04629340006255865,0.2715028837316843,0.20222834551335808,0.3622199765855328,0.3167294453825172,0.29589650086608354,0.18778481387228502,0.258899303775188,0.03592443480953856,0.28845775510921784,0.18891060956104497,0.4155958792083001,0.35809498291915065,0.48687515421867533,0.31245095474758044,0.9939222962464197,0.9261036468330134,0.27146956448820436,0.2634760391350408,0.48076514686849076,0.31082228463196393,0.24422877287813263,0.1667050293474508,0.26672605855209486,0.2619818249719905,0.3963628576429008,0.3074946804806396
cub_00065,1,128,0.8321513339671346,0.3064809994794378,-0.1303969675066011,0.12671156004489337,-0.15337345333337038,0.11032461427860421,-0.10847371607511967,0.13262255316748464,-0.11904450894441175,0.11420566908371786,-0.0560306092425768,0.09750095696396348,-0.1263362108162386,0.0784524449220849,-0.03753616906383025,0.10002740476842971,-0.11770195644875008,0.16115915468758948,0.3674642188549231,0.2522618081986647,0.9919011800717302,0.9112465479478145,0.3037410129872208,0.21662166216621662,0.32213896618813365,0.23996045965649326,0.2816071341084466,0.2270774072504993,0.280513208405745,0.20562526015341617,0.168708230876829,0.21868523351795396
cub_00072,1,182,0.9193940646254376,0.7357087261091412,0.10537161908202301,0.1317243712642382,0.13859725477921744,0.1909565630192262,0.11871888727550756,0.14300358790363915,0.21588776669097715,0.24569918898992382,0.11550141714619236,0.1281618887015177,0.12619923676850417,0.2016524967069812,0.13399343289501445,0.13743270048172287,0.24614034291011733,0.2973509086255439,0.24844283512065357,0.19956966110812266,0.9746242472511842,0.806805905653583,0.12512088377820618,0.15830667276051189,0.24840387719267726,0.19971307310658137,0.07974034701122276,0.20319268886119518,0.12321534144206538,0.14800973897287809,0.2612901035979333,0.26181921148432047
cub_00073,1,0,0.3982553903060286,0.1332731478869266,0.16012209970928204,0.22201265514723778,0.2775238594024576,0.26903392936121817,0.145272563095546,0.21638808139534885,-0.3780416169298769,0.11178082191780822,0.09434778984004931,0.18232695139911634,0.06858070386757135,0.15857530450845697,0.11683337397613795,0.18617021276595744,0.04050417786323095,0.08069932306380256,0.6335986045864264,0.5690720037526386,0.9926249675745719,0.9413813116656994,-0.09622690571733962,0.10160282531920674,0.611153208145369,0.5496872828353023,-0.08480019879321993,0.11217772901810202,-0.08562648679576704,0.10382186411149825,0.19294143534203118,0.26253356294322133
cub_00076,1,18,0.0,0.19999601403061223,0.3567773434765979,0.3552569383483017,0.14825504858119684,0.17781690140845072,0.3635186504277319,0.3498789346246973,-0.2579337869504094,0.0465056260968308,0.0,0.19999601403061223,0.0,0.19999601403061223,0.0,0.19999601403061223,0.0,0.20408163265306123,0.4559520480416143,0.2672854707330934,0.9711338915673919,0.8616083851219738,0.2033103110866352,0.1724397154918175,0.5254286919569069,0.301387628063805,0.12399143075029914,0.24150388831057498,0.1758835498226988,0.17332175925925927,0.20442114525071092,0.2634047290822876
cub_00080,1,0,0.7372004648193361,0.30749185667752443,0.532737446898067,0.24364853141653242,0.30106560191083204,0.20809004996087402,0.5298161295473786,0.23545706371191136,0.5129477568642234,0.14328408706439608,0.42040546271805684,0.20903614457831327,0.09213647676297995,0.07874227358237033,0.41345777648622434,0.19727972319990456,0.5774143237041793,0.2855059599289881,0.49218748366778325,0.35984822819974255,0.9943959744938861,0.9425087108013938,0.18923486985874374,0.12345542195378734,0.5098507965949433,0.36959192029480004,-0.08526979473373739,0.06007529018090557,0.1788698868089577,0.1187441372841141,0.4264300437601236,0.2588506265890372
cub_00083,1,70,-0.043963026795164895,0.024291911201837203,0.04676468678473679,0.2582283242429942,0.2686679772836263,0.3478844862323707,0.03867343642329057,0.2573612329282045,-0.5401382307336001,0.013243378310844578,-0.08227166078544271,0.11049020692707757,-0.11835226720993537,0.07885400989034616,-0.08640806767996162,0.10468380208046672,0.4553688902765504,0.3462585485691521,0.5981813315857668,0.5290263598963888,0.9875571739349082,0.9187380497131931,-0.3353692055225604,0.049267712052993844,0.5895910516359973,0.5240337155440808,-0.4117019539029288,0.01547630972653511,-0.3415615551927267,0.046019707991538976,0.06833590534017038,0.24159051702053494
cub_00101,1,44,0.8537833524864585,0.5484493133775652,0.4618764442804554,0.24579479858481781,0.28465221526897266,0.22690873525276606,0.46392743783404855,0.24943974103585656,0.27079006838022934,0.21573330135507854,0.4658425839985958,0.21276210042902893,0.2161394734934196,0.12154233025984912,0.45190152419070867,0.20903614457831327,0.4197006786481429,0.32282899458471975,0.4287304813517942,0.31477235506059614,0.966947565630682,0.8179347826086957,0.22953408385765062,0.24432306370443108,0.4134126373516812,0.30851479984352587,-0.10132420156897148,0.05941059671857039,0.2048732852449605,0.22234279857719902,0.40205250869658854,0.28798625706473424
cub_00108,1,43,0.7345674718982866,0.7988351254480287,0.004333967487016834,0.24365010531532647,0.45451757323303105,0.41015734756954203,0.010624693278325617,0.2503892868265338,0.41238864864968316,0.5484462090555089,0.16214891477944146,0.27606815869786366,0.42284723703756494,0.46581945661700264,0.16048719901374867,0.28398694901157956,0.41107736017919466,0.511367871785315,0.27010534930585856,0.3132238434862265,0.9920978070127,0.9294366467986925,0.37754082137941175,0.3295953833038232,0.28258956991517625,0.32335487274165897,0.1912461474943493,0.33055519096994357,0.37156002861464293,0.33555101771951784,0.35054218595189546,0.42336249768977086
cub_00109,1,23,0.44534857634826447,0.17513462889253104,0.15364564465293323,0.14790665751544269,0.28693137411205716,0.09313725490196079,0.14633960074643848,0.14738166018751428,0.007377087771812685,0.21852274776128372,0.11117766030886941,0.0650397877984085,0.06702469912092868,0.08045853290996179,0.10035502533584471,0.06317852036223058,-0.2200884308194471,0.09977766932378938,0.6094513198171778,0.38854296388542964,0.9900544323501211,0.9207579672695951,0.019610711543096206,0.13981335731954125,0.6067957036797961,0.4029078708234307,0.10877026617681822,0.19201599153389382,0.008192514673481312,0.13585434173669467,0.22939907905454618,0.21802866348144717
cub_00110,1,71,0.9138224709899714,0.6295875284183177,-0.49192537866920183,0.01790333214992139,-0.5726206425744845,0.009557344064386318,-0.49416463782619646,0.016253987543673097,-0.0971900051426904,0.06834229107387502,-0.4509928684526448,0.047604134043219545,-0.5101610591946127,0.035229793160365196,-0.4531514292372587,0.04514919543821278,0.04707482192906526,0.1408395228449246,0.8052857947322711,0.6111423296138717,0.998471690960396,0.961110025405511,0.21234450825764836,0.22404008693552283,0.8032440513707471,0.6119187213878403,0.1963774087233056,0.23274761354654344,0.21646974858106086,0.2250015104827503,0.07485896496315841,0.25842849440726234
cub_00118,1,18,0.4546843164031501,0.19999601403061223,0.2392269727304442,0.31227932522557866,0.08576770041524509,0.2439568612867237,0.2417026679314415,0.3152893374401992,0.09497523323399665,0.3291595647043398,0.39011172868641164,0.19999601403061223,0.3299755524027952,0.19999601403061223,0.38631239293034303,0.19999601403061223,0.39652630700499675,0.20408163265306123,0.6904748011603291,0.49809658878853474,0.9940520428318269,0.9538551401869159,0.3156660208220657,0.4146664806028468,0.6707494644654146,0.48479692239402233,0.32598212187245534,0.33563899868247693,0.31376115898155993,0.4188243526941917,0.3953312321248317,0.35404195071875594
cub_00120,1,113,0.6718471742427008,0.5652784277023866,-0.0038307145865676615,0.19180522565320665,0.018928114998789505,0.17060367454068243,-0.005102360417523635,0.19343521436641495,0.16905589105233307,0.34164902064584435,0.2717788161791705,0.25366981073146355,0.20651922982877235,0.20504353047132992,0.26624192075664654,0.254375,0.270505425459665,0.261667703795893,0.3462900488409151,0.23522895125553914,0.9954338628662842,0.9366978674129113,0.1778622562666251,0.23154953532163033,0.36384462828157116,0.24380267724343083,0.20220446567810382,0.2125470964655224,0.18335291575698148,0.2310261080752884,0.27566211168029775,0.3018919895787696
cub_00127,2,44,0.8583453353087309,0.859021859948129,-0.16084015640838734,0.07972885732730794,-0.2358565819504787,0.061399333650642554,-0.1771393978542312,0.07114265891017772,-0.13798141366956307,0.08614131890501955,0.008096943568805312,0.0806008722338879,-0.10201948172910234,0.07263107263107263,-0.012935847307912482,0.07125700560448359,0.06077347886644113,0.09240301724137931,0.4119666919180921,0.3249273831528915,0.9881154202746809,0.8898305084745762,0.10903115868478352,0.13242850759606792,0.42794169421287104,0.33782162378349556,-0.04781860620847422,0.13866112546332696,0.10044400452089719,0.1251387347391787,0.13934154948181018,0.22820892531077577
cub_00129,2,6,0.0,0.19999601403061223,0.23207786606043934,0.2616293688710083,0.41753310201164423,0.3387139807897545,0.25480631138042814,0.27663634628840406,-0.029795278361533235,0.13763887330265964,0.0,0.19999601403061223,0.0,0.19999601403061223,0.0,0.19999601403061223,0.0,0.20408163265306123,0.5064845531533624,0.4056590558901807,0.98202745180571,0.876928831946133,0.17616712818946573,0.17529418584429887,0.5509471185454908,0.4319349315068493,0.12187388661192383,0.16289073702322915,0.17602320994822906,0.17095004331504476,0.22587635662301064,0.2828228029035381
cub_00134,2,70,0.3985511494254407,0.1776435399683303,-0.2177239243784138,0.070171696704703,-0.26648236269557546,0.05692769498130497,-0.21633611820315787,0.06994349077726837,0.21443855783618881,0.1260135510385427,-0.10354207896172293,0.11991076408254323,-0.3573378915460831,0.027951264461963755,-0.10869270264252615,0.1145029694177721,0.6392069579800407,0.31464679196370704,0.5832893019102268,0.4112931580057661,0.9945388252672802,0.9353905496624879,-0.04504880491321772,0.15323360445935955,0.6003389103902707,0.42542613636363635,-0.33253274222281526,0.05275455631133496,-0.050346332493343166,0.14813975876323687,0.11548804965017283,0.21359663513079716
cub_00139,2,44,0.6985005289329075,0.3792061530009614,0.07677872920656241,0.17856933278563464,-0.0016601202489061623,0.13276931754089114,0.08518317366398356,0.18168980936690987,0.06359033359332955,0.14808736985061113,0.24604663788130457,0.21511170309378216,0.10330704791185978,0.21144443773767127,0.2508314577955518,0.2224387866975271,-0.09572863501385954,0.08970224658712243,0.47280705643680504,0.3321385902031063,0.9948514047095672,0.9143456695917589,0.05098817609302724,0.12732832916319156,0.49820494531799986,0.3518792940859491,0.132037764566901,0.13636363636363635,0.04864524673358487,0.12457707027566699,0.24162558317204122,0.24971011642296137
cub_00144,2,48,0.6872543918327356,0.34112930170397593,0.32910521310602053,0.21005667430362956,0.09139606637038108,0.1753338018271258,0.3409835664876198,0.2140091942898621,0.5957779352091316,0.3937581631951605,0.3412027742432008,0.32773220428684835,0.1800787072343309,0.28926575448063213,0.3395313924117747,0.32178609062170704,0.6352975308188592,0.41043478260869565,0.3061921844185153,0.24011369253583786,0.9891676754746819,0.9025500047397857,0.32082173104577794,0.2492298213185459,0.26225608353883906,0.224228376235208,0.15184588204031782,0.2064143758181602,0.31503605731357065,0.24417034855179184,0.3923964794363838,0.31668083910113115
cub_00154,2,85,0.6193436691959784,0.19999601403061223,0.3304936574409386,0.24891101431238333,0.08117027921526304,0.15737270053630126,0.3233171637278683,0.23477297895902546,0.06112552976021775,0.09701331024780868,0.24328313133828142,0.19999601403061223,0.0016382446298756615,0.19999601403061223,0.2282549357057963,0.19999601403061223,0.1199880307066395,0.20408163265306123,0.5321189967124719,0.33559592733080457,0.9918944528038169,0.9240724762726489,-0.25502462917493207,0.04043721455329194,0.5574152103213366,0.34897163597257697,-0.1526058441945857,0.06536703273606222,-0.2618928953714383,0.03958365379685177,0.2280346621878352,0.23307757556621767
cub_00156,2,61,0.7897937250947621,0.5216072782410918,-0.14016179740267715,0.07851039819442206,-0.17868329296274837,0.03855109961190168,-0.1415393812411472,0.08141602457028935,-0.08324873593650349,0.11967086370664899,0.018890995409432104,0.1147522772717174,-0.13167837314543557,0.08756909071204075,0.018537296214780567,0.11302129547471162,-0.14304319682469915,0.08196808794492769,0.5482489358120309,0.383184011026878,0.9713245757805429,0.8729003359462486,-0.06504460976129675,0.11566609805755791,0.484287279654536,0.35920357578220236,0.01383410882270586,0.11615744563721442,-0.058524577237291216,0.1130936041723854,0.1268661968184661,0.21315143242334925
cub_00160,2,141,0.638416787485646,0.5031455961653685,0.04703530318232891,0.09750095696396348,0.034978416052640536,0.18610011228650788,0.03478941801749006,0.09325634600719032,-0.2467056865572878,0.03517818850199122,0.10731242165432955,0.13210740072202165,0.09325599516409246,0.158976728070682,0.12575239701070612,0.13595200362236812,-0.3654180578620077,0.017872383151764648,0.3034074513808355,0.23996045965649326,0.9717497078645542,0.82537517053206,0.12318684855449868,0.1642262417456216,0.2401336556551349,0.21378893256728151,-0.21395075001448854,0.08946802794196669,0.13844677020787874,0.16449371087243697,0.1354927118530901,0.20382681725384788
cub_00173,2,2,0.0,0.19999601403061223,0.3279085170196505,0.2550809830529673,0.039516538362641664,0.14189804278561674,0.31919887169988853,0.26186733731530965,-0.10234866066978042,0.05188067444876784,0.0,0.19999601403061223,0.0,0.19999601403061223,0.0,0.19999601403061223,0.0,0.20408163265306123,0.49939680749829946,0.3315199363099582,0.9920905055223721,0.9277687061761598,-0.007241515414071833,0.09559061925861882,0.48501957003535423,0.3193531422561136,-0.06337664067170826,0.08689825238554734,-0.0020725873204676722,0.09040550715284501,0.1658727604041452,0.23775525932782762
cub_00174,2,193,0.511373410505182,0.2905922448717124,0.4288432057596526,0.16314111851637206,0.21049719977272413,0.13698164513936098,0.39608400134480715,0.15490850500632986,-0.6344572930012023,0.0,0.19048500632201443,0.11866674098433755,0.08951596019229803,0.14060013639463514,0.15959107912261772,0.11854204982444408,-0.4272854610538985,0.0,0.424439829670921,0.25610214044310925,0.9888293074073629,0.897334089619966,-0.2510128412485353,0.07071187156738487,0.45107712250292453,0.2785882652736192,-0.034771504120672425,0.12420293873024674,-0.2201148803814078,0.07811336807401893,0.15220627618631918,0.1885656742963691
cub_00175,2,59,0.8332566507979273,0.4758438120450033,0.029588296876711113,0.015123160184108036,-0.3678134079073157,0.006015037593984963,0.013504234443903168,0.012153915981643048,0.2550104586232944,0.18866154657911707,0.09759413705820841,0.06709910676307954,-0.29391525061788143,0.041947876648323126,0.08203540095229565,0.06325492689129053,0.2924813799185272,0.25580675131619696,0.527657352247411,0.3655848132271892,0.9906429432954067,0.9112465479478145,0.2313561968357694,0.24684828731320338,0.5587461836336861,0.3871993364666851,0.2572987351770739,0.27974499779082246,0.22895897850112554,0.24409400503160092,0.2490934859890762,0.23737494145200416
cub_00176,2,64,0.5926690882062977,0.2000358737244898,-0.06794375034035748,0.08030139935414424,-0.03859443998332345,0.14940159193723873,-0.04115526962574477,0.08263214670981661,-0.057475586829252676,0.038567916410571605,0.0060529524956678925,0.19999601403061223,0.11913824949383185,0.19999601403061223,-0.0006686786560341239,0.19999601403061223,-0.3472085023116089,0.20408163265306123,0.44167168017343367,0.31082228463196393,0.980598604333941,0.8962585034013606,-0.08312387792679567,0.13439265931852515,0.4164370221111558,0.3045173870653234,-0.24812501014946503,0.05079036019694221,-0.03480609631032543,0.1416746438425587,0.10916442564542803,0.2128976294225222
cub_00182,3,29,0.6838396908338926,0.43020024228604004,0.39688897999261175,0.3285232011650228,0.2821594883043995,0.2794033275960987,0.37680411864076735,0.32370399683419077,0.34506820025554147,0.3359030111352705,0.22385120471454026,0.2007179180376907,0.19909451914586432,0.2016524967069812,0.20506680395357096,0.196209321730838,0.38632979648595345,0.31698603442676193,0.5291836032893771,0.4298945568538045,0.9915537670382069,0.9185546314883855,0.3602379117534191,0.3390793210488079,0.5213144062047385,0.42593250444049735,0.42921890980899663,0.3163874821451759,0.35410463289978655,0.3274191436427917,0.4189810688881111,0.35803781263589046
cub_00187,3,73,0.0,0.19999601403061223,0.12679706214938585,0.23865950749861137,0.14583264015702257,0.20729066410009625,0.15280374894090634,0.2444968065976313,0.34005137380969774,0.2776482450059865,0.0,0.19999601403061223,0.0,0.19999601403061223,0.0,0.19999601403061223,0.0,0.20408163265306123,0.5438079179359532,0.40398740818467993,0.9732165002981126,0.8485769549599337,0.118334828723283,0.1569847066879708,0.5595520961575107,0.4187756256185494,0.26223234423772224,0.22849006301502667,0.14807341877446528,0.16202430077945895,0.22471346207893728,0.2793999980815637
cub_00198,3,186,0.4410367289812806,0.25320012488292226,-0.20234063858607754,0.04438778165166259,-0.2426022799894291,0.0641005248926356,-0.20213116137264814,0.045203624622435164,0.08211786259795166,0.12852053879550263,-0.07563502191842797,0.06325492689129053,0.2086128527352451,0.2570462232243517,-0.071631485253687,0.06455206067999787,0.10677363513160577,0.1402620774984534,0.3179199030477635,0.22006079027355624,0.994925260643632,0.9402552204176334,0.2739306881911337,0.20148148148148148,0.3336187616514315,0.22647274505011,0.17561195070616936,0.12971527274753442,0.2804225414402544,0.20498038749554262,0.16137530653374652,0.198899585373674
cub_00201,3,12,0.8820265568917939,0.7194996572995203,-0.12817419547395661,0.07717904680120223,-0.3549583615744913,0.02712384851586489,-0.13023083762764337,0.07683227814143148,0.13228807049937485,0.13853324348607368,-0.2259378424027351,0.0744686546388993,-0.4024901829730878,0.023248699908228816,-0.22334220639915212,0.07492903433131594,0.07654015791806894,0.17230413414281584,0.46444767721633473,0.3391606058584106,0.9957880496239996,0.944202266782912,0.2909879467550149,0.26813860395296474,0.48025201632340514,0.3450841096441257,0.2306940067060761,0.26813860395296474,0.291484980532379,0.26972695390781565,0.15862505573435873,0.25457131609096967
cub_00202,3,8,0.6973334684439445,0.41000421525923847,0.3545485288570893,0.22355666646345182,0.0033934269654585254,0.16496401207336894,0.34642463291378545,0.2205059596205303,0.12256995488705703,0.12351767704754517,0.09577220689550718,0.14646406946189877,-0.22791533152687107,0.10117414682321958,0.07637085560107228,0.14450273722627738,-0.033991525478936795,0.1402620774984534,0.4358958572970281,0.33675236445983747,0.985787076797517,0.875,0.2156956465046943,0.2205032506621719,0.46313997701132714,0.3669799754801798,0.18043214743483976,0.230353783603374,0.22474341947910426,0.2273745384103154,0.26268002280550784,0.26212769827265753
cub_00203,3,3,0.8576127914135108,0.7444589308996089,-0.2467804818970618,0.043573211314475876,-0.029964726950554025,0.06982942430703624,-0.25779946776856344,0.03865859338612017,-0.1068608948825763,0.05204441677044417,-0.18453875665780986,0.04754945456443447,-0.009072203966144103,0.08036819723313775,-0.18538489460703209,0.0417315478044223,-0.07701060516143068,0.05974283922224545,0.5345929711682211,0.43111808328579576,0.9706401613404181,0.8490878938640133,0.44127615872056175,0.33801887415033327,0.573174340890089,0.44993498049414826,0.4122758141466022,0.3005131494547787,0.46209419005940194,0.3402300370174511,0.2102836263898422,0.25912397558456307
cub_00217,3,3,0.8749040962425965,0.5559085625726463,0.1226075538110828,0.19450229071220324,0.23138362692081807,0.13841791891125602,0.12151386615292031,0.1938629876308278,0.39751043445268947,0.2967391304347826,0.023336270267142533,0.12643097643097642,0.14326256653810177,0.11628294961628295,0.023805957922519428,0.1255467085342604,0.44190127149263253,0.404001938655404,0.5278183987014495,0.410301454571007,0.9962574510730237,0.9588131953933242,0.1293304101799232,0.284121856989043,0.5278893997192959,0.4153737658674189,0.13996839308616557,0.2807959570435881,0.13467864720596032,0.28697473657483813,0.3224112229177548,0.3192049619958573
cub_00219,3,150,0.4562802880818325,0.19999601403061223,0.051529221917763275,0.2115175660992394,0.013170723762931897,0.19003854135784168,0.028804987689231627,0.21356875075583504,-0.18291697167674031,0.11468469954368024,0.2932353687434515,0.19999601403061223,0.3559272715451975,0.19999601403061223,0.33293112511691686,0.19999601403061223,0.22390245315657634,0.20408163265306123,0.5686047166209052,0.38337468982630274,0.9745853512315336,0.8310373141136758,0.25251197729155284,0.2247795094841126,0.6182821571268472,0.40960809102402024,0.20366713855473062,0.19482585891920562,0.2671017382325088,0.22006258274160548,0.2971745031596827,0.26650421950940195
cub_00222,3,107,0.48858578303116873,0.3963681903569192,0.015854626822341896,0.15067079463364294,-0.08018920412959388,0.13872340425531915,0.025419798902884688,0.15192561556563164,-0.023998422901245542,0.03512533823454332,0.0598780076613805,0.12047789191603395,0.1409559182739026,0.10353549238467037,0.0528375362362994,0.11847971466785555,-0.18851835518716423,0.029240062947357735,0.5606307266018247,0.37503425596053713,0.9917846783366596,0.8939322449749929,0.25001112574622036,0.29238908720040796,0.5231868142919023,0.35452520753188904,0.2036565895794355,0.21465372633596932,0.24717123865364118,0.29189499171657957,0.21781779079464383,0.24446506791215664
cub_00226,3,186,0.8174855331859996,0.4355196337887133,0.013877199044515252,0.08445453071810666,-0.40840279446974964,0.00405222872579919,0.03836100104458454,0.09984655852696186,-0.07615379969450897,0.05808370733743868,-0.13938455506200587,0.06067011943769158,-0.48602479537840815,0.0013970661610617702,-0.1190474682226632,0.06494746895893028,-0.18873011718245677,0.0,0.2987180416497272,0.2334070796460177,0.9855321482788223,0.8697596422582449,0.3959427591536157,0.2733953020977264,0.28494521360921765,0.22087718231035952,0.24541156891165214,0.19793205317577547,0.3877147741090842,0.26276781265570504,0.13668298059849507,0.1911406923865688
cub_00231,3,28,0.3213970291266423,0.15115545616147716,-0.010027435061534376,0.09585676074021508,-0.08413432106174955,0.0811611374407583,-0.013691041665830662,0.09460196292257361,-0.1743114223793202,0.07523461110227453,0.09209578394619777,0.09684118482894305,0.031328459005801654,0.09540443183058618,0.10999406699407419,0.09918396407251219,0.20866803709320503,0.14013383568576732,0.4973642419328175,0.3662355343771273,0.9939524129121035,0.9372586872586872,0.4133563536700275,0.2892661833905634,0.4962610726607882,0.36419249592169656,0.3637294686842321,0.2667916276163699,0.41518667776625573,0.2807959570435881,0.24407795890824735,0.22894092202620936
cub_00238,3,186,0.0,0.19999601403061223,-0.026638582510430598,0.12924098351431948,-0.061121269434847435,0.09105735254145148,-0.03018939660828323,0.133130081300813,0.33869826094911315,0.28501711243503614,0.0,0.19999601403061223,0.0,0.19999601403061223,0.0,0.19999601403061223,0.0,0.20408163265306123,0.533409605210876,0.3443633197133097,0.9906468890988036,0.8948262839879154,0.2179605783230886,0.2514659588914265,0.4920486818705556,0.32344213649851633,0.21272043323996034,0.18207789179104478,0.20866137934621568,0.2486143613745535,0.19174643863233679,0.25915341138825976
cub_00251,4,4,0.0,0.19999601403061223,0.34102645136654086,0.22985477051289907,0.3125764373148557,0.1693078536471685,0.3160242720620561,0.21064060803474485,0.1541316477678294,0.04332835897699789,0.0,0.19999601403061223,0.0,0.19999601403061223,0.0,0.19999601403061223,0.0,0.20408163265306123,0.6604492150512785,0.3893119202547418,0.9928183741201514,0.8939322449749929,0.45749999432316063,0.33055519096994357,0.6383447210605463,0.37062077443146896,0.428460414236977,0.2867297074316177,0.46697680233729977,0.3467286615742278,0.31788722197604635,0.28500505197228754
cub_00253,4,23,0.8901125199030622,0.9055887655375273,0.2532207471245237,0.21917142510023083,0.39381418834153215,0.28695094581596664,0.26669961290643124,0.22072866613952924,0.34545292121366744,0.43682233718375735,0.1559087737139022,0.2314059721626096,0.213301382304538,0.3070615034168565,0.15787179282651503,0.23420599803343167,0.4900244169641851,0.46325279480706816,0.714273085919259,0.5060783430886988,0.9906647175117331,0.9218615340419419,0.23017507766776454,0.24279759715581709,0.7487151802097436,0.5303088067098742,0.2551529122034176,0.3420930694380089,0.23364587353330035,0.2481531642452598,0.42260221348957167,0.4064320615251051
cub_00256,4,4,0.3714717106447497,0.19999601403061223,-0.04679362313993523,0.10853355426677713,0.3388572151942848,0.14928706407833706,0.01920133360840367,0.12936807157728883,-0.1972462088669227,0.0710512414157422,0.1361995872412021,0.19999601403061223,-0.0480516192220265,0.19999601403061223,0.11635157719272389,0.19999601403061223,0.37765632858092796,0.20408163265306123,0.3018990966770447,0.25957072925819,0.976325399305612,0.8323746918652424,0.3717289246463968,0.2899223819824405,0.38099806706004524,0.2994496600841696,-0.043416411810482405,0.14892049640165467,0.36074776273954684,0.28217289571871246,0.2277286093234381,0.23831443169493774
cub_00262,4,35,0.7479591787561619,0.5681693882334558,0.18424462983344317,0.26880768744468325,0.1151415803349155,0.2444968065976313,0.1996380967206766,0.26896813353566007,0.10938348240590055,0.23530128556631938,0.25052984996466066,0.28668504391307137,0.2957498098065569,0.28709760164165704,0.25941124094641915,0.28322997250815163,0.233447643268117,0.2662211952788359,0.7157502508700938,0.5046105405202789,0.9870004673007305,0.912339209147213,0.5682401022267818,0.4726176641487507,0.6923139625604579,0.48798932384341637,0.5386603911043975,0.39088975783768953,0.5587608561989864,0.4736880360517517,0.43041543615322,0.3967407764179044
cub_00266,4,23,0.1970235026135166,0.13479588374985865,0.2341436532560769,0.175402635431918,0.21478420312620808,0.16550522648083624,0.29540203356719774,0.1971368923352222,0.22822265619142426,0.13420228238979637,-0.15028134046751818,0.04449648711943794,-0.22599048641768602,0.039573189681964153,-0.13666444088121651,0.04820598527184415,-0.0997742506146242,0.06441621167576649,0.6859825001789599,0.5039340576995129,0.9666200639686339,0.8564425122560355,0.22957747594308553,0.19285756309937047,0.6393747070345209,0.49742594941431023,0.15614586632825733,0.15474427611345257,0.2517490001523814,0.17953342253766943,0.23242100959861453,0.22591150501713297
cub_00267,4,7,0.734095971622355,0.5070961928362244,0.21428273914745558,0.19942628339209945,0.07231206121550862,0.278832674907608,0.20369590244911606,0.21166384931176044,0.11643617775227146,0.16322432587492827,0.12110133027902106,0.14620217018846374,-0.1295063539811373,0.17203924316748423,0.08742562017193474,0.1569056951810007,0.18720356657623743,0.11948539561592403,0.45050103124106194,0.416472580986661,0.9573362832263602,0.8363985726049958,-0.17977614194107108,0.08352928601966653,0.4976284477088758,0.43644431720584026,-0.1649418639025997,0.08121800341296928,-0.16830376715935264,0.08602496116556858,0.19996606696040245,0.259664236791413
cub_00275,4,25,0.0,0.19999601403061223,0.34527892892162637,0.3149446373583175,0.32927941666809424,0.29017742350218567,0.34168969593017606,0.3154617552598807,0.4131479461102306,0.43286219081272087,0.0,0.19999601403061223,0.0,0.19999601403061223,0.0,0.19999601403061223,0.0,0.20408163265306123,0.44637493073708423,0.3696853886576128,0.9962901170724,0.928880345987506,0.3968068864761403,0.3199869791666667,0.45642045275522064,0.3776771004942339,0.3863319350474313,0.30411011770759633,0.39598205400327996,0.3263770770639801,0.3005068242481122,0.33228191365241405
cub_00280,4,23,0.0,0.19999601403061223,0.33546764608852087,0.2598870056497175,0.20214255317455437,0.17485219223789733,0.33466718382331384,0.2696906433858417,-0.0052408853894189604,0.15586340573513482,0.0,0.19999601403061223,0.0,0.19999601403061223,0.0,0.19999601403061223,0.0,0.20408163265306123,0.6214919614645814,0.45921186563908684,0.9823654225390984,0.9233349305222808,0.2063503992297707,0.33854888756849544,0.6600851739100733,0.47943387881468374,0.25411156304466986,0.3121278798860989,0.2022320598470561,0.33607907742998355,0.2529115385154813,0.3142063637096488
cub_00282,4,65,0.8619327769653116,0.7510033153027394,0.16242644250915939,0.19286775631500744,0.2733468923877003,0.31477235506059614,0.16803970901846,0.20057426571753306,-0.056569081243462147,0.19440353460972018,0.14883067771614364,0.17857772035938693,0.1897490358129144,0.2963441415837747,0.155024361000525,0.18428040361125864,0.11106595891956011,0.1923665019995295,0.543906527484825,0.3414878684579908,0.990827569943343,0.9121570121951219,0.16167698582150536,0.1970126343133782,0.5804459470317431,0.3642852287403983,0.10656627325757825,0.2596297216699801,0.16018094254642684,0.1970833087323611,0.30383006794478223,0.31845638457791836
cub_00283,5,92,0.6639792356627491,0.47011426897157926,0.2431456151243841,0.2467387253074916,0.24588468953072617,0.27818112342376766,0.2419601915750197,0.2581494483450351,0.23918128507353154,0.30385852090032156,0.15679349540304915,0.17238156434371166,0.1678268840048162,0.18024110555718906,0.14878413391181397,0.18093556928508384,0.22454115458523585,0.1791904152611376,0.4862818358135431,0.4070386988222098,0.9808569735831558,0.8809746954076851,0.3183297394023628,0.3053695596188514,0.5369189831093898,0.44721661378713584,0.3823580370112958,0.3288111154804037,0.30731446163450155,0.31102489492402197,0.356277114361705,0.330015087962375
cub_00300,5,5,0.6827715893723407,0.8011307547339137,0.07962795573642853,0.12035279669532209,0.23132375598825206,0.12556783130503057,0.0891084164172414,0.12198121645796065,-0.44659890494526133,0.0012345679012345679,0.12377972636888707,0.11711009684960481,0.23234358841966346,0.12765479267333407,0.13505762328403903,0.1199151833045031,-0.396566015137409,0.0,0.3351816465930068,0.2479791070762343,0.9885881314765717,0.9047167125367752,-0.17717898034531665,0.05891262338747585,0.386435946352878,0.27793696275071633,-0.24965799481630252,0.10538654454257987,-0.17463231563869314,0.061685081426402055,0.12263894460842173,0.21277095144273914
cub_00301,5,100,0.15621680993804693,0.19999601403061223,0.19613674094141229,0.07308987862909694,0.14104354282117199,0.0777574911395124,0.19889419884606477,0.07487146529562982,-0.0865205190865946,0.031019577930333078,0.0664401396546234,0.19999601403061223,0.0254732827691061,0.19999601403061223,0.0679082260968875,0.19999601403061223,-0.10478697204307176,0.20408163265306123,0.7070280468485413,0.4992156569806529,0.9991402103847971,0.9736453928606549,0.45943579205038554,0.2977661140626,0.7067441069833341,0.5012341985189618,0.3759892369883689,0.26521060842433697,0.4606020994580117,0.29809846981240795,0.29131632951007236,0.2730649694953131
cub_00302,5,5,0.9679580329708118,0.6229985443959243,-0.3707470778086245,0.007024586051179127,-0.7294880703264348,0.0,-0.38984590901658284,0.006721508828250402,0.14965185706213116,0.04022369298650659,-0.3660118991183144,0.017387337152126526,-0.7053959863114928,0.012051838031365034,-0.3855171504923735,0.017181085601337995,0.1218951076211641,0.053575140303471214,0.5091198259126717,0.38499758470774964,0.9943135375961413,0.9262885113734524,0.1137861676396414,0.19187584504144378,0.5359555282327392,0.40802581731443804,-0.07023225671612397,0.1747494061069587,0.10805856020710025,0.19075585834263228,0.03223335116349693,0.2035904504157891
cub_00312,5,83,-0.0762680678785156,0.19999601403061223,0.33450383561185176,0.20230036542263224,0.4396562691382028,0.27493329945369077,0.3417675302042799,0.20700024055809477,0.06243246025699386,0.2610399303395945,-0.1753290150058864,0.19999601403061223,-0.20513551384539666,0.19999601403061223,-0.18093870022276717,0.19999601403061223,-0.09358222698203027,0.20408163265306123,0.41179114313955556,0.20569506187672715,0.9845531858108665,0.8802698145025295,-0.017074190384176884,0.10082527961776523,0.443007402283377,0.2306843267108168,0.04727164965571939,0.17761514781901608,0.0016259802851685313,0.10358153712170695,0.1545521161378161,0.2432007128132056
cub_00318,5,188,0.3036894887672336,0.20007573341836735,-0.1964026093588272,0.09466681208419675,-0.10659494449480088,0.028065143910683193,-0.16602690655498298,0.09735964576614005,0.11637195779064959,0.09835887992200618,0.20429499468718842,0.19999601403061223,0.017423305582329737,0.19999601403061223,0.190483715231534,0.19999601403061223,0.18409100542297502,0.20408163265306123,0.2069918771472802,0.15757296112585073,0.9790425201882541,0.8363985726049958,0.034686510237055046,0.10895367281080785,0.26016549573856734,0.18518955946616275,0.3191069308665535,0.29148353398305626,0.06442459105651484,0.11004653709280043,0.1607831954871683,0.2008160484619977
cub_00320,5,80,0.0,0.19999601403061223,0.17225220147177803,0.24488276888723484,0.11951443509644757,0.15377982178787009,0.20678587988691835,0.26520834646662045,-0.36890944121312,0.004210004952947003,0.0,0.19999601403061223,0.0,0.19999601403061223,0.0,0.19999601403061223,0.0,0.20408163265306123,0.5464014578682134,0.37729892945374693,0.9883066652761018,0.8861009303636876,0.15515701780257685,0.18470258268084608,0.5261141893386084,0.3575487012987013,0.15589456630844942,0.17311809292368224,0.1115824117660038,0.16322432587492827,0.1742066255734652,0.25427601289771834
cub_00321,5,5,0.0,1.0,0.0,0.19999601403061223,0.0,0.19999601403061223,0.0,0.19999601403061223,0.0,0.20408163265306123,0.0,0.19999601403061223,0.0,0.19999601403061223,0.0,0.19999601403061223,0.0,0.20408163265306123,0.3658251837953432,0.2328767123287671,0.9927595046446915,0.8989497587283565,0.2745431098228351,0.21458096207991373,0.37990095166044807,0.24011369253583786,0.30941021943528313,0.2152361543994246,0.27301132751666357,0.2158920539730135,0.17303001979168428,0.30838591223567396
cub_00324,6,147,0.40889057010472524,0.2002750318877551,0.17454902135762276,0.18692748655516814,0.37784538405963963,0.3048336798336798,0.16530895239714577,0.18224629149988228,0.11911568667477468,0.1929793614394073,0.33754707852736265,0.19999601403061223,0.2457057134200236,0.19999601403061223,0.33455926543177167,0.19999601403061223,0.3351282864102101,0.20408163265306123,0.3983589764900263,0.2785068161549242,0.9954699463657904,0.9387557959814529,0.43274801931877366,0.3085710597650704,0.3844681523330657,0.2717019389177544,0.28022570970894406,0.255495696327946,0.43008007638920004,0.31060116354234,0.3613333892659384,0.28233093311001856
cub_00326,6,6,0.0,0.20001594387755103,0.32983854400630125,0.25655794152632566,0.12351448661402258,0.17107182449384445,0.33301267296347364,0.25813326647025636,0.06867577889272616,0.19151436798495622,0.0,0.19999601403061223,0.0,0.19999601403061223,0.0,0.19999601403061223,0.0,0.20408163265306123,0.5930911776815614,0.3511512050626094,0.9981023043223592,0.9661050156739812,0.1586525925810829,0.28379661875514467,0.5859907829851055,0.3484278419779629,0.2484522883537745,0.3271584735222884,0.16225701204866305,0.2828218918063904,0.24010584269660468,0.29605493772641395
cub_00329,6,127,0.0,0.19999601403061223,-0.05436608996756156,0.07177186799102851,-0.03180567595769675,0.08474759485461031,-0.027169250499201658,0.0766589775226651,0.551798555835846,0.5175898203592815,0.0,0.19999601403061223,0.0,0.19999601403061223,0.0,0.19999601403061223,0.0,0.20408163265306123,0.5530870550494512,0.41607281450645595,0.9767528116144973,0.8461963020881244,0.16847574811634852,0.20105443990284935,0.48222365593240285,0.3553484602917342,0.07185088363718961,0.16778020965326576,0.19895758239586941,0.20770788658565642,0.192653685077143,0.26326627083541215
cub_00338,6,6,0.40115483353073267,0.16554407153640693,0.003740755334892704,0.1502492693828434,0.07331244660161446,0.13670083243671782,0.01647627727828034,0.15841412742382271,0.0026299885326377427,0.24145953226398922,-0.032745664901424366,0.0853928938402466,0.31909933749973035,0.19060331019754403,-0.03409487897218628,0.08845382070611205,-0.08106450276591111,0.02367969302231647,0.43697358121817226,0.25625938908362544,0.9902301482936616,0.8960793575814833,-0.08671636357135402,0.10677438724821224,0.4314810758177345,0.26282010948216195,-0.07357133523044893,0.08660699930328528,-0.06382942391661013,0.11468469954368024,0.1535384183166348,0.19758149953682985
cub_00341,6,23,0.8251125529128218,0.48008849557522126,0.4138552168010096,0.3552569383483017,0.39369884336120764,0.3142557789273787,0.40454554444835333,0.3590195016251354,0.6573233691916787,0.5093426635896673,0.15674988707973364,0.2340137727496311,0.1519775397725615,0.19180522565320665,0.14716561901482736,0.23371035161052373,0.5479504837437604,0.39442916093535074,0.6778738299825763,0.5076622596153846,0.9936080059941873,0.959195626708317,0.2655380509917706,0.3283758107842495,0.6880136249916134,0.5119783034503541,0.293287580367046,0.34932783175828563,0.2615988124472117,0.3292467055661181,0.4585532640733573,0.40384722845980836
cub_00347,6,190,0.7923886353516075,0.20009566326530612,-0.1913416566799416,0.05286620863271621,-0.11250841225674435,0.05369515011547344,-0.12750232017803206,0.05998204762659063,-0.6079060448816432,0.0,-0.143140486132632,0.19999601403061223,-0.050524147114325534,0.19999601403061223,-0.08874163813009157,0.19999601403061223,-0.4184419802901712,0.20408163265306123,0.4586936717273958,0.3023165271559276,0.984129045247884,0.8845070422535212,0.3771483634507648,0.3087399948360444,0.42652524535930253,0.2911734431291817,0.1985836196457701,0.29181267919719656,0.346246480502522,0.2946172019666688,0.12290722504144433,0.23625837552823495
cub_00350,6,6,0.6189187660798682,0.4918605515498402,-0.020106388636798787,0.1729296943486646,-0.1067987592177018,0.09450837105306212,-0.034036046406776634,0.1722446118801472,-0.18584582163987107,0.044995361302958455,0.12813716024635244,0.14332915574797767,0.059031318027046455,0.09397143791562193,0.12152830317429061,0.1441112757952343,-0.02797077865198516,0.04877922615352783,0.5850037711040463,0.4267434420985285,0.9939872978471698,0.9359506125204977,0.2511464216240982,0.21881574992485722,0.5719188952951972,0.42008066227977076,0.28610474084739435,0.2305778101480942,0.2506875941466789,0.21705984752986374,0.23278043158926728,0.2570638540165764
cub_00354,6,144,0.8456222041320924,0.6769719251336899,-0.16318428026507498,0.05387523629489603,0.022600728167780797,0.10359617288023755,-0.1593355220276171,0.05315632051214777,-0.07787123178844176,0.1818711745846692,-0.07121488265242806,0.04216429535777339,0.13597596296253114,0.10432485968966655,-0.06980384980329823,0.04070521130412238,-0.021546434553732303,0.19257690724075055,0.45875859830253235,0.31047992164544563,0.9900676843347728,0.9143456695917589,0.2567577310905678,0.2337978457980892,0.49523379780661697,0.32510233725075927,0.26578601175040506,0.18887064618271374,0.2479325250777641,0.23402312842361533,0.21038526950229805,0.24372411012602235
cub_00369,6,6,0.0,0.19999601403061223,0.19637912164110474,0.14981380693211113,0.17638531453549564,0.1826056213540746,0.19995536301548367,0.1544434857635893,0.17688115258950682,0.09547222822563216,0.0,0.19999601403061223,0.0,0.19999601403061223,0.0,0.19999601403061223,0.0,0.20408163265306123,0.5817462125303284,0.3466183574879227,0.9969296909389477,0.9385685308606201,0.2013767985184836,0.23726124366876183,0.5743928299249778,0.34409322260916153,0.2663070199812146,0.23892453406660555,0.19853052743809343,0.23552711761121267,0.23792560207424243,0.26182625582368013
cub_00370,6,140,0.7760182850230647,0.5268162799543553,0.16840458715540635,0.16118953945845868,0.2656663931340923,0.11929061402041158,0.15287798353652107,0.15577310682407142,-0.31441980332444214,0.03512533823454332,0.13610973244349292,0.13293818797629128,0.0583577519365274,0.09236379469874272,0.1251640833896365,0.1279716742539201,-0.17944843222501974,0.012787851541036016,0.39886249614485136,0.2970143466459868,0.9917798778970115,0.9058019181464249,-0.08069129273318057,0.07920370468941289,0.37785782106314886,0.28324808184143224,-0.044889485173197095,0.10106440751602042,-0.08349578721333,0.08196808794492769,0.1832102807369722,0.20750379558306903
cub_00371,6,187,0.0,1.0,0.4002375942328375,0.19999601403061223,0.4805499114908811,0.19999601403061223,0.3957575359130823,0.19999601403061223,0.278799058122155,0.20408163265306123,0.0,0.19999601403061223,0.0,0.19999601403061223,0.0,0.19999601403061223,0.0,0.20408163265306123,0.5108806629583997,0.4418103448275862,0.9958543844572495,0.9506268830790164,0.3202267292603736,0.3243843490757071,0.49918130526187293,0.4352116704805492,0.3233297537359285,0.32282899458471975,0.3114294161950573,0.32084690553745926,0.3010830901085225,0.36025656647165566
cub_00377,7,84,0.8349906906718013,0.9385685308606201,0.39517570343093644,0.38327934385553797,0.34514891114233176,0.1932932992449016,0.4164284616713319,0.39375,-0.072160714348042,0.1706796004388244,0.4496362967610257,0.39948399693187364,0.33762315094054424,0.19485622432577246,0.4675271194894596,0.414675407062804,0.1096225433532461,0.1727788061082832,0.47964319887892065,0.3127084832232324,0.9749405687778515,0.8523304107060452,0.2298011630686231,0.2724362997364127,0.5363063589947543,0.32440279794113763,0.009756613348563734,0.19166568708122722,0.2294656167799637,0.26088308457711445,0.3829270455307541,0.3650527981395858
cub_00382,7,7,0.48226646555541275,0.3372394966375924,-0.17325505755115655,0.06741453559466214,-0.18009698260215903,0.0957266823118485,-0.16778066451786958,0.07323461805741166,0.02288957280830433,0.1045036214126232,-0.03656588338394449,0.10016987232177106,-0.22794774724298558,0.04361160203763385,-0.03859751150079566,0.10113530411890528,0.34059781340742135,0.24071695112253014,0.4277052402565025,0.31047992164544563,0.9931053950120151,0.9214935375777884,-0.14576256721846556,0.07054226727915941,0.4587189263675099,0.3299317473991121,-0.1466717041545425,0.08777294919255325,-0.15007512740155085,0.07207064297800339,0.09723534452224641,0.19706958331246935
cub_00395,7,186,0.42217051555998464,0.19999601403061223,-0.31243558024615437,0.019299136617572373,-0.5044616290064657,0.01256243378235205,-0.31134791155887026,0.02069877434775975,0.12359938953152201,0.17898470663487817,-0.17333111690226302,0.19999601403061223,-0.2946910310555363,0.19999601403061223,-0.16420432229075502,0.19999601403061223,0.07255605669686715,0.20408163265306123,0.49980169936083896,0.3144279258628594,0.9925109607982573,0.9054400455710624,0.18184335698862225,0.1162803501624181,0.48837469515049264,0.3049414824447334,0.1322649192708347,0.09476241900647948,0.17819764550567774,0.1179422143802382,0.0887231765202035,0.2059603451723909
cub_00402,7,24,0.9023180027999912,0.6376988984088128,0.2120406156035115,0.19350618458610847,-0.1866732065358258,0.11872909698996656,0.19799832764351633,0.18288442270289385,0.3151278482523396,0.24730852045524454,0.24422375645418093,0.20143669560011973,-0.16019339429624396,0.11630235274486901,0.2296203336712505,0.19067394399620313,0.34494282380898345,0.33704827222368766,0.4261985293651724,0.23950098814229248,0.9819721576499046,0.8944685671134605,0.34455531584828447,0.2781315009771166,0.4435133105711688,0.2522618081986647,0.24955035329051603,0.1179422143802382,0.33867196131063776,0.2661587460188597,0.3255911156958259,0.2849368141692359
cub_00406,7,65,0.04478858999793554,0.19999601403061223,0.08151314252390146,0.09200718211001686,0.3069874515571386,0.18462991382363358,0.0807063142354423,0.093435031326614,0.2483804579498977,0.3291595647043398,0.25938446366826134,0.19999601403061223,0.09725163160678428,0.19999601403061223,0.2570038794890155,0.19999601403061223,-0.013747411884372921,0.20408163265306123,0.44063425843545656,0.2863735418536085,0.9963358833198959,0.9551875304432538,0.18634386420828086,0.1562589107499287,0.4379753345535673,0.28587903639159407,0.1691852658488484,0.23620510944454606,0.17568840293316948,0.1571167674922954,0.2512287685628815,0.25202121847435605
cub_00407,7,144,0.0,0.19999601403061223,0.07384148227625195,0.17258705304977798,0.005640534286557756,0.1227972027972028,0.030342172085961377,0.16098802568404003,-0.08443467187474583,0.14593341999660883,0.0,0.19999601403061223,0.0,0.19999601403061223,0.0,0.19999601403061223,0.0,0.20408163265306123,0.45135481709798175,0.34734156820622986,0.9778110061777436,0.8650683022023975,0.13515977205253082,0.13116491854496765,0.4968568038707164,0.36800490764092425,-0.16414447316976738,0.06772341882142292,0.14169503721902768,0.1256384632467244,0.1376081653348172,0.2340875312643871
cub_00408,7,85,0.8398684560831465,0.5425082558943245,-0.23356625728536792,0.09407532566632147,-0.027854720911116456,0.14998567745631625,-0.21680063049186846,0.09330065359477124,0.4924313751201282,0.5284540589432426,-0.3948412764496077,0.014447363103657304,-0.28755741065828944,0.02947659814425591,-0.3800610092948651,0.014242424242424242,0.5549841802530444,0.7236193712829226,0.47414646433355895,0.3756940160394818,0.9819464935091853,0.8928605111760822,-0.19385362712374848,0.059687451000888514,0.45784564168002967,0.37644880323708935,-0.21908488550888183,0.06598317560462671,-0.18375965645533132,0.059244553576093206,0.11092287578666778,0.26800188259749985
cub_00413,7,106,0.7381517325238538,0.6513082112884647,0.22468749487391293,0.13820677139454432,0.002822077368958271,0.09978628965970739,0.21885869902692479,0.13421870584910991,0.2517070429525071,0.21458096207991373,-0.02146995355831707,0.11302129547471162,-0.09353837835710145,0.11302129547471162,-0.017742804311415734,0.11326824938983802,0.023046356328077708,0.2503854455750848,0.2661203086993167,0.18316335553852503,0.9900008098764975,0.8987701040681173,0.43560262118890747,0.3095853248934246,0.25013783040472076,0.18631043858612129,0.186223953712681,0.14723023821648842,0.42877491654976035,0.3065472354684882,0.25889218048528556,0.25729359486381675
cub_00424,7,7,0.7794840150205478,0.8272032046613256,0.14615373680759683,0.2537481259370315,0.20613785549540997,0.3285232011650228,0.10486904729344769,0.2294780691007106,-0.10468011304478168,0.19384089972325266,0.02193006819335136,0.23850663375501388,0.10581437342111591,0.31485849056603776,0.00792054853094968,0.2137155297532656,0.23815236989743768,0.18942860495130823,0.6846448448102719,0.5321780288571647,0.9408076939395417,0.7737516570923553,0.12795769404369997,0.1237667664338765,0.6196161748325237,0.4886515353805073,0.15422967872717877,0.14116057860077671,0.15883941018849773,0.14632215751682026,0.27945849321045263,0.33300889889963126
cub_00430,8,29,0.7182118580156663,0.4356223175965665,0.12959238231045836,0.15298443155052566,0.050518922393133096,0.08945825643252633,0.10585963139403397,0.15477560414269276,-0.3093838778027368,0.08006605582782868,0.1720994544961784,0.14981380693211113,0.06887130529227209,0.15404519579092635,0.15197795558340071,0.14541718981851387,-0.06746242005627964,0.061518324607329845,0.3720300516416796,0.31356764186137837,0.9874935856403677,0.8907206782854451,0.18164532109691164,0.32007292141415455,0.3559980793042622,0.3046869921341741,0.03445301581728991,0.21698679471788715,0.19202498340710358,0.3170715863323373,0.20959534990224943,0.2524538531629598
cub_00431,8,197,0.8512582103420159,0.5813184216744113,0.3657399700532609,0.39520333680917624,0.14383631607537437,0.3431037944187914,0.37148357113582836,0.39597968978229114,-0.5789417586381307,0.0,0.3762280410150866,0.3552480593992575,0.09882476802881482,0.2364061826467147,0.38307501216456313,0.3567132914386107,-0.553010555661691,0.0,0.5016366498607462,0.35388559093362115,0.9928295364229373,0.9417569659442725,-0.15582474541369928,0.042148547931123104,0.507317075307829,0.3524258760107817,0.010776468503677758,0.09293299552584766,-0.166084463753653,0.039903574908960356,0.20994293969619734,0.29913508849492393
cub_00432,8,48,0.8927920303432426,0.6883673984355286,0.27863179211524947,0.24457397990822274,0.2934704157377432,0.25155899226739836,0.17355041134610258,0.23820099944475293,0.552786541355763,0.34503117951439566,0.2140868505146136,0.2399159923404781,0.3306099162812955,0.29905513849339893,0.1443451101629022,0.22830742871129606,0.46464043374694397,0.3026273527333462,0.46820410650079014,0.3196133868104412,0.9240110181469702,0.7180277349768875,0.4485166524246236,0.2518523092121511,0.42045694941059425,0.3084294934480735,0.42402878724389437,0.2919773147263111,0.37669802433571914,0.24089601566803354,0.42712193597776316,0.33122898111271437
cub_00435,8,28,0.7556995212089814,0.4589901925172539,0.01510336651411113,0.050036599393495765,0.06578086864336286,0.07891909315568926,0.04304527191748821,0.052512971018290444,-0.36499265614052834,0.030684820158504367,-0.1964491848275656,0.0391425908667288,-0.12093252630828026,0.0654562828475872,-0.19905452322426043,0.03555028120324029,-0.603979501785993,0.01833249623304872,0.5161825926534117,0.40173208548679984,0.9866691924735694,0.9281391103852435,0.3237835902321045,0.2812815975733064,0.5414079105091489,0.41397773707200225,0.35590779211117685,0.27652206761946735,0.3238757123502503,0.283715334937318,0.16280316175513185,0.22766621736453171
cub_00442,8,14,0.9314969244822219,0.6694393611711862,-0.20891049640050513,0.07822069410121414,-0.2581171007680819,0.07990314769975787,-0.23024121451369878,0.07222993909605727,-0.5375304467858849,0.0,-0.30564902207300604,0.07839449787759926,-0.321653539960133,0.07481390242596261,-0.326477761611675,0.07251643242665527,-0.5048875236660698,0.0,0.45771974256249753,0.33143160408650657,0.9809037479173294,0.8746497291238557,0.00014787618018043927,0.14032620922384703,0.5146684396936791,0.35397692774741957,0.23451353956627852,0.20684523809523808,0.02296763980798066,0.14671115887110459,0.029930053628740846,0.21196392279642698
cub_00445,8,10,0.8515090961263463,0.41351161154116817,-0.24980429251240333,0.07937446259673259,-0.1315237141793752,0.09246668479738918,-0.258820936785082,0.07371966214048968,-0.38715913230430415,0.0017279684028634905,-0.1882222270722849,0.0926561053949589,-0.06801661965442282,0.114188964139003,-0.20114736638804487,0.08562310688013847,-0.3374622158630201,0.0019766752322593396,0.4091464566274296,0.34472361809045227,0.9881864413619199,0.911064559131594,0.3156782553691811,0.26292512769403265,0.36806499050903096,0.3272931684412407,0.3582915758361586,0.19687131050767415,0.29985365092658545,0.255495696327946,0.11790493079984764,0.2169079147545295
cub_00447,8,48,0.0,0.19999601403061223,0.23742093993592708,0.22325836533187055,0.02326969478555604,0.16415313225058004,0.2274744893052493,0.2204317421708726,0.21508524044755326,0.2339480250745542,0.0,0.19999601403061223,0.0,0.19999601403061223,0.0,0.19999601403061223,0.0,0.20408163265306123,0.4672094833703124,0.3910451899085112,0.9913253287129237,0.92573402417962,0.25592974698655063,0.2530127927816575,0.507057535036127,0.4141770011273957,0.26458570702272105,0.2386217850815566,0.25701733566059065,0.2530127927816575,0.22975836675090072,0.2880973692975857
cub_00448,8,107,0.5198695468869811,0.019920723650777517,-0.005961140326092279,0.12210667561221067,0.13781541867606933,0.12676847069391423,-0.007414482381996885,0.12242044628376489,-0.07001485999930837,0.026842238541402885,-0.4742453637565532,0.0,0.2577982335843452,0.18163085075066235,-0.47636710442492336,0.0,0.23743394442149815,0.2637910615221592,-0.03687154805546095,0.1175455203519127,0.9953024799841067,0.92278214217283,-0.11633697548355237,0.1708824208824209,-0.04363045015622281,0.11302129547471162,0.09385663878670904,0.10088505185426508,-0.10396270357417389,0.17413713226777855,0.06048477561209502,0.16418226867058736
cub_00467,8,113,0.6215170680544794,0.5722113502935421,0.17684195840122524,0.2694349639742131,0.22956152329853305,0.20986687548942834,0.20488072200278568,0.2774279717611143,0.1811557226137196,0.1422620052918989,0.19667396888674515,0.22236433400328887,0.10099159795770228,0.17906238984843145,0.20788511532635381,0.22993013849736488,0.17448199068446393,0.1543498064222273,0.5508365907570447,0.3593876998103495,0.9872809288271338,0.8998485422188565,0.13120831724854282,0.13059722299670998,0.5846594298660883,0.3790023361275251,0.35410276114501954,0.21044776119402986,0.14662186476765782,0.1409037195430758,0.32324663732249964,0.291806474498137
cub_00469,8,28,0.408129583190983,0.43060802623137784,-0.15661250241531752,0.1409243363083395,-0.30966458219565185,0.04787761708348562,-0.16059578890883616,0.14215797860232188,-0.31467435260494286,0.05013725591754286,0.17143003544318877,0.2518712574850299,-0.03676961868633425,0.16516690856313498,0.16765178620974042,0.2565740045078888,-0.07183873846875292,0.07286485342364271,0.5337731912474051,0.3966597077244259,0.9844026297501653,0.8655883993307306,0.17131084033277114,0.23469947019060958,0.5114575335495511,0.37663762946704166,0.22989070426484579,0.25433061123484285,0.17829901608858104,0.2304284500546183,0.15374598245315976,0.26110176707500216
cub_00472,8,109,0.9002093339325521,0.4728113304469069,-0.2308832358946429,0.06619209519762007,-0.06223822477199746,0.09022760606225216,-0.22766421513769886,0.07062840072548811,0.1413732099034857,0.094112568129081,-0.14547255392156355,0.10988220981031908,-0.10773267065924613,0.0864504953174904,-0.14234914073360616,0.11351531291611185,0.09637209202303615,0.07184394163670967,0.34807823748182887,0.2728310502283105,0.9958768006449038,0.9180045871559633,0.23963211361825215,0.2235230221471245,0.35657567731995665,0.2850557049558202,0.24043621435425747,0.19299794057075612,0.24757417013351912,0.23095136907291602,0.17665252055286912,0.219935175624858
cub_00477,8,133,0.838022606431348,0.6193163495646565,-0.15302378414524848,0.050036599393495765,-0.08471845725981651,0.07000905748841174,-0.15258649410421685,0.05196165732544131,-0.1121240971470631,0.057382602803981865,-0.18963653310945047,0.03118257474571047,-0.1626147591498096,0.04118470875045386,-0.19070875827673264,0.03219005502134005,-0.1299680151634782,0.041339290299388896,0.6109174448795773,0.4380911435941531,0.9960411502044026,0.9393178084839114,0.4324807791792611,0.38727334929866575,0.5991261659025319,0.4295890020656742,0.48000618936351647,0.4964204000295225,0.43197753845350145,0.3838645826223466,0.21421273173722152,0.27127727876581026
cub_00484,9,9,0.8816718527201336,0.9266583469328982,0.39193213027699786,0.34933440903590157,0.3078595921592528,0.35078745456992866,0.39047918539388843,0.352790509571313,0.16283273353449843,0.41014049241897343,0.2639326406596764,0.34373326191751474,0.27824194895026877,0.35197036039070395,0.25746934018557116,0.34734156820622986,0.2724990421485924,0.3963498622589532,0.5389638927322912,0.44284687275341483,0.9904604026636968,0.9225979499952103,0.24348107084185808,0.36247564007795174,0.5625047934487029,0.45413708158237936,0.24194458323726126,0.363666935700834,0.23722659711715535,0.3644010767160161,0.40143332040465635,0.44928212147521485
cub_00486,9,9,0.7587616776385826,0.8406341642228738,0.13731301315222957,0.2611537011436471,0.21440941915616765,0.24118738404452691,0.1353801018136102,0.25941265060240964,0.19851130565986627,0.22916035162170353,0.11190207591626478,0.24596774193548387,0.17115724061661353,0.2417310664605873,0.11149649382456381,0.24442379182156135,0.15833915298509393,0.22813389020035107,0.615931991897235,0.4527687296416938,0.997993762818119,0.9709319453991947,0.4199708544623105,0.3371364505704676,0.6171767253672514,0.455930359085963,0.5399549163545788,0.42711339480537763,0.4236222535334405,0.33881405176967777,0.3741280656797285,0.38496664488836796
cub_00488,9,29,0.7975278741308313,0.6517159081557073,0.2982431263762777,0.3003757937022159,0.49040207992316176,0.2942542077771329,0.29097220553235287,0.28868627199178115,0.37642298636282817,0.3059581320450886,0.04969366204529815,0.1886289606159313,0.2211176011451714,0.2083809982539587,0.04174492055099591,0.1847697756788666,0.258232316275685,0.2751572327044025,0.4660641231428732,0.28398694901157956,0.9954583868369736,0.9299932685835176,0.21231531791230351,0.2203563259901288,0.4696964281927597,0.2823461759631972,0.27443068130020515,0.2503854455750848,0.21632969889575493,0.2235968617984309,0.3639100939082314,0.3259061538564682
cub_00490,9,9,0.9557872316733972,0.9359506125204977,-0.02132975510158013,0.1632085313550481,0.2285215225817152,0.32074230060542247,-0.024591499646980697,0.16145833333333334,0.5706602654540701,0.49410464259395726,-0.06036578128755748,0.16159277694177568,0.20994698677444795,0.3260654112983152,-0.06319876220627674,0.15991446569958967,0.5348883201565796,0.5035224323322209,0.5043179112121788,0.3586515028432169,0.9949100156198397,0.9216775181922635,0.24212382255775605,0.17727325513877598,0.5264054574287271,0.37503425596053713,0.2985291782320194,0.23417336255174093,0.23266401615828886,0.16852054636620367,0.341951261973775,0.36412599651552663
cub_00494,9,23,0.8586668589011696,0.49054364755618185,0.33391817954787073,0.2150765321556053,0.26249568604424234,0.2019150209455416,0.3361981059221172,0.2136814116509548,-0.023507679071820956,0.3508888740928158,0.13715774222520202,0.13143661971830986,0.07299764566874317,0.11721183800623053,0.14457128924987914,0.13124542330873656,-0.05075266778155733,0.16070713427541622,0.687744366909886,0.5190735694822888,0.9874363009688791,0.9240724762726489,0.1424106152951527,0.2648159700561447,0.7066996398212235,0.5398189350928341,0.15331551723786338,0.20958119556138885,0.13516094828290362,0.26041278130050977,0.32563416994811695,0.31536542863170713
cub_00500,9,9,0.9325531848884967,0.809575331349743,0.3991472795059394,0.4359304571796523,0.5235920462925246,0.4979847738468428,0.3977397057043344,0.42887654848355405,0.41618746026075276,0.34995672148611756,0.4817777541304488,0.4573046761545164,0.583522438696829,0.521376591873863,0.47289583127791945,0.45445322124791654,0.3922297352553866,0.32377905458344214,0.6339369283273429,0.47129975808225205,0.9888455754294376,0.9156247017275938,0.31826724504845083,0.23658209319346182,0.6260716722151759,0.458151700087184,0.31983976125802865,0.2737953131871584,0.31036507250118717,0.23726124366876183,0.5197981127194837,0.4581301457434706
cub_00505,9,9,0.8807955728684447,0.7813082453181859,0.436389627398084,0.38911960132890366,0.5120847785626066,0.4914171063387085,0.4417871873611693,0.3911416094822208,0.4579928821485039,0.5104671086940327,0.41382649323074455,0.4020258470136221,0.5212725543160631,0.46507044309803636,0.41990712251783907,0.40143844703582154,0.40940755984509425,0.49741506646971934,0.6315211487727586,0.4570930739073617,0.9951459836813217,0.9496794249077132,0.26947826964942784,0.3436050364479788,0.6151196207607398,0.4505637467476149,0.330678501308449,0.42430628731998593,0.2659859775306613,0.3428041592158421,0.5067595519967939,0.4864970135550498
cub_00508,9,9,0.8511970908610719,0.8186758445792953,0.4210089998181689,0.3842547911209155,0.2339517088008223,0.3387559170611374,0.4236250188646259,0.38568766820785316,0.32212317064197993,0.41922619464073324,0.4169487793027658,0.3974376827739869,0.3336297810114313,0.3504238998788857,0.42233386317850363,0.399191299498048,0.2687243420645839,0.42170955753453476,0.5619908543169913,0.4424320827943079,0.9914878508837804,0.9165393430099312,0.371848847423001,0.4075951124687587,0.5788505612252571,0.4546640574037834,0.4383142740242069,0.39673463764122346,0.3798203059406645,0.41427176339285715,0.4677236965571903,0.4631733234670834
cub_00512,9,9,0.820390069208712,0.6468416735028713,0.40641715500725045,0.36406876401440513,0.5377080016496008,0.4324960753532182,0.40999027657724213,0.36120151885001356,0.4198714854599414,0.2803030303030303,0.32530938351692174,0.41767323585505406,0.4445489274292534,0.48369926813040587,0.3220712954366531,0.41338028169014085,0.312089569706001,0.3338815789473684,0.531977811997821,0.48194639297053826,0.9903078977733543,0.9161733817070842,0.2565399020993514,0.30068001026430585,0.5234285797177737,0.46261477918670746,0.41776899804237205,0.3291595647043398,0.25024280507339114,0.30009618467457516,0.46457747724637594,0.4349477160102706
cub_00521,9,23,0.1527691001715129,0.2809927901486633,0.2240806904694425,0.17402491082392843,0.16995618298008988,0.1800975724446012,0.23469161513703865,0.1815560263653484,-0.040725482665013364,0.19151686053342734,-0.41133122709704883,0.01749049429657795,-0.4852253356806265,0.009658919408391186,-0.4086507089088189,0.019247371895789955,-0.1384454469270494,0.10719746614242028,0.6929531433900468,0.5006729475100942,0.9861836818211921,0.8991294473883422,0.1130964666319806,0.2319236845303196,0.7031027174188176,0.5186138014527845,0.13971213143744532,0.2026217450619847,0.10807689201330961,0.22626103786137655,0.13601629467948792,0.24940033839093664
cub_00532,9,9,0.8131452692078126,0.6630759032151143,0.2609570409185902,0.20497118155619595,0.1906447369607216,0.17190237066448674,0.2409872456049631,0.18757396449704142,0.3149254883104721,0.1293377151451011,0.21698308410053824,0.26896813353566007,0.13515421028795263,0.21732273912779765,0.19471752010991492,0.2551594746716698,0.23225814054289642,0.1708824208824209,0.5986732198035698,0.43726725866513894,0.9834572952493825,0.8925035360678925,0.15932112570972484,0.26339730807577266,0.615357986225779,0.4653913551401869,0.22824277947369864,0.28485424588086183,0.1978379079783265,0.2768436299515083,0.3588442033656228,0.3259634158051233
cub_00538,9,9,0.8878357398806225,0.8207384559557289,0.2660846973367438,0.307406683603674,0.2746930241905132,0.32431540745628507,0.2690195726844393,0.30783265997654113,0.2675538044755252,0.41161317273550097,0.2817511712652974,0.3388925950633756,0.32688862059541496,0.3578242338136797,0.28464845845031056,0.33773245350929815,0.21784822143105256,0.44563279857397503,0.543587489915973,0.4281648046680424,0.9936521354195043,0.9508164852255054,0.4914216579657754,0.3959652988157532,0.55565971401017,0.43224149004495827,0.4841384315553607,0.41773302566254106,0.49969653242403034,0.3972159051753842,0.44296528477338215,0.4449416980186829
cub_00554,10,28,0.04995032451705902,0.07085689894354925,0.4728718994741544,0.32966741751689416,0.36646868607378646,0.3922031076581576,0.4994621149103284,0.3591115324710503,0.600733543702584,0.6025134366108125,-0.03447129237680687,0.16415313225058004,-0.12861035798749187,0.0951055819283025,-0.0656052928327741,0.15864218912365777,-0.01645568355355576,0.07009025175489524,0.49762568148323,0.37815010643411384,0.9601298786926729,0.8179347826086957,0.5399939451583561,0.3963498622589532,0.5549023880966859,0.4181741096664782,0.42010767243552943,0.4019499377679436,0.5559090843948683,0.4131874259427058,0.35153417281257504,0.33787265152911927
cub_00558,10,99,0.0,0.19999601403061223,0.4590921967979974,0.3649347116430903,0.3770604208843293,0.3095393449040846,0.4854715528291757,0.3756940160394818,0.384520560266421,0.34173780689563893,0.0,0.19999601403061223,0.0,0.19999601403061223,0.0,0.19999601403061223,0.0,0.20408163265306123,0.5429969127472268,0.4418103448275862,0.991080719197336,0.917821309125657,0.258553079115695,0.15678667199178412,0.5553438387470049,0.4560359837492745,0.1805755003048126,0.094112568129081,0.2547039247166818,0.15930013151123562,0.2992932470404454,0.30812257183949493
cub_00565,10,193,0.8866386762448555,0.6139744311329098,-0.32043318557929956,0.046129788897576234,-0.0904796885075719,0.06207334497539292,-0.32677508859181986,0.045040354074459776,0.09892308636386499,0.1970126343133782,-0.2645713573016459,0.06313224935119961,-0.05640736438577504,0.05658490367407096,-0.25882532124562074,0.0683947200340643,0.14130425359233478,0.21142242666825975,0.3030476995425444,0.28316603797711143,0.9633789512886581,0.7967770814682185,0.01338933278421699,0.13261828948103457,0.2421630719403439,0.25453181647705964,0.10308232503636904,0.1806323880510103,-0.028894191845773735,0.11065461517392496,0.09370274662237874,0.20814300544997807
cub_00574,10,10,0.8046596437726313,0.4623100966780548,-0.22605941566650536,0.061848579440241254,-0.3321874694517608,0.043410449701065765,-0.22528847469613034,0.06263567533223911,-0.2601456423172295,0.07582510877639817,-0.38363483591630604,0.005297086602368697,-0.5037765403182988,0.0032916064036706398,-0.3895784069098516,0.007865731462925851,-0.18899875952573555,0.052844264843021446,0.5570862193577986,0.4165725578769057,0.9851891532924578,0.8804459851962897,0.0916689941626226,0.20691707839752366,0.5942770565964296,0.4441965891919119,0.1694273379166656,0.2784538747714232,0.0813386082147753,0.21443545971847858,0.05159849790077087,0.21442334295950125
cub_00577,10,33,0.676751854706111,0.4171077704848613,0.1003047275060144,0.16541877067734634,-0.08314467968193244,0.0797483329748333,0.10190100156058002,0.15829247187770407,0.03587893612088364,0.15171473995003407,0.057178989920707954,0.1797554667293675,-0.0779897344197089,0.10535881478217768,0.05051019265473244,0.17767867621171224,0.13960105468361267,0.15107301010559782,0.3251601986188089,0.2960929932192444,0.9918577883632766,0.9248105878968064,0.12930371947153088,0.15857142857142856,0.3085792553591692,0.2955909883157963,0.26115371219302214,0.20677340634486044,0.12705458314985155,0.15041988197911937,0.2096067733471107,0.24122715600805927
cub_00584,10,57,0.42431519591039785,0.19999601403061223,-0.14683683196967556,0.06241067174845164,0.10670376623379052,0.15371349735571396,-0.14929246033066598,0.0641005248926356,-0.15748307150309052,0.06901824317199198,0.06603852802467859,0.19999601403061223,0.2354358150793673,0.19999601403061223,0.0568695650648264,0.19999601403061223,0.22214278808760912,0.20408163265306123,0.5924156783376596,0.46176256372906044,0.9953000120433597,0.9567124890318807,0.20853200213835218,0.23953047624870086,0.5827367620014625,0.456247279059643,0.052047068016451176,0.14742501414827391,0.20841057486665293,0.23628048780487804,0.21982235946674505,0.25675112906444936
cub_00585,10,92,0.3712045325730051,0.21173700416591199,-0.03007573210315315,0.046620775969962454,-0.0995287706728477,0.030975496994914472,-0.023889617614975746,0.05299055613850997,0.132832474139938,0.2492298213185459,-0.30278043909799685,0.011796733212341199,-0.3218291711162177,0.03155838815789474,-0.32003556136263817,0.01082850667338202,0.027443839768159745,0.16872261932211205,0.49624667267999045,0.34779396951178565,0.9809818743108994,0.9005681818181818,0.0816795997564073,0.0987968783871667,0.4601497251015996,0.33143160408650657,0.15764998519371612,0.15388993227477094,0.07707557939901054,0.0992138791000271,0.11247499939699312,0.18307695647546757
cub_00586,10,55,0.0,1.0,0.0263023775865859,0.19999601403061223,0.15967799834542534,0.19999601403061223,0.01874947088128394,0.19999601403061223,0.2787189880859385,0.20408163265306123,0.0,0.19999601403061223,0.0,0.19999601403061223,0.0,0.19999601403061223,0.0,0.20408163265306123,0.6250286172522926,0.41857506361323155,0.996423310109057,0.9523346303501945,0.3467788227013167,0.32846284890577904,0.6167746998789636,0.41218688432310724,0.35426499271024187,0.3123826784905172,0.35001358135667626,0.3295953833038232,0.25151552392718546,0.3574451225650966
cub_00590,10,52,0.2844621671393687,0.19999601403061223,-0.17562485120091617,0.074296113906434,-0.2327161000870453,0.08316692751902423,-0.13559454739349092,0.08439593689215474,0.3338295419010133,0.2311008561539863,0.19654838470717445,0.19999601403061223,0.05760480782175507,0.19999601403061223,0.20043566122158787,0.19999601403061223,0.2771422736430904,0.20408163265306123,0.5457744213022887,0.3838516169068469,0.9690837732389346,0.8164539777355416,0.1390728421430757,0.23154953532163033,0.516791534714169,0.3784340659340659,0.024137531024973208,0.18276747170691868,0.14103785480177103,0.23786555955797056,0.20946568633184998,0.24719651669400555
cub_00593,10,192,0.7406625019428904,0.4310160427807487,-0.08049870585348746,0.12248322147651007,0.18813636298941763,0.18504959848842703,-0.05641187629352576,0.12022772940388479,-0.15561862353157982,0.1168337556461386,-0.0008065628717398489,0.13217126417329497,0.20765509621934092,0.260361718161266,0.01858949771476283,0.1265787257928712,-0.12745711241627078,0.15744705143574814,0.27674211310332497,0.23827739387956565,0.9833055408628671,0.8567860116569526,0.1427371908132326,0.1978612785064398,0.26860533837190115,0.2276731098605334,0.19325236255440664,0.25053969037192375,0.11138951909010458,0.18560318110052043,0.18068550951304302,0.2405939848489883
cub_00600,10,8,0.4164207377664567,0.32744708994708993,-0.021441080978914954,0.02528735632183908,-0.10638781259998585,0.0713141881071848,-0.02373765021934446,0.023405231757687012,0.09997626600980984,0.0986777934323182,-0.2374899720895931,0.024710267013835708,-0.14758947073729647,0.07314334598727477,-0.23706057272797706,0.022153188022000406,-0.28919332715628354,0.0,0.5498103550961468,0.34193634661674244,0.9888280747884497,0.9307359307359307,0.2764732855007771,0.3411165498081757,0.5680508200049468,0.3563560181117794,0.11866426666339286,0.14723023821648842,0.27623760996913954,0.34076180399418066,0.14877076861931496,0.20828502320483516
cub_00603,10,109,0.1368736088623908,0.19999601403061223,0.15287048495095867,0.2326495516521312,-0.07564244324288937,0.13486005089058525,0.11423651546965709,0.22842453176643407,-0.03408784392863425,0.04370431380623906,-0.1278188955847197,0.19999601403061223,-0.22994696058260627,0.19999601403061223,-0.11249724387054245,0.19999601403061223,0.06063702828452077,0.20408163265306123,0.19207889503788994,0.1501432664756447,0.9422049036844614,0.7790975977306976,-0.24058703926321043,0.04850804157832135,0.2345123152323373,0.1814221803626089,-0.033526776028146354,0.12214965685189284,-0.25144756966403464,0.047641192579961765,0.048523931957162175,0.19817773816466844
cub_00611,11,11,0.532412181360147,0.3303725308232799,0.2826216778256127,0.2418785966214962,-0.038680214645881776,0.12474781439139207,0.28295121870500684,0.24310932177144626,0.3117020988642996,0.14386459802538787,-0.09802616487059142,0.03812134691977448,-0.20609691637365252,0.032938754503345345,-0.09369916855685288,0.039519345315170665,0.01569413953654567,0.018946627801789125,0.41648393559123253,0.3653990067351521,0.9902435359560641,0.9249952042969499,0.3372559396995744,0.3789702781745222,0.43091802898655535,0.36791166848418755,0.23917425946886864,0.3005131494547787,0.3431711021282961,0.38556686940477003,0.249741710245015,0.26245700751489615
cub_00613,11,12,0.8673619352361702,0.6376019575856444,0.5569106557175635,0.22960558549730525,0.705263153592854,0.33039560002650586,0.5779377865597877,0.23596404826397438,-0.380630173882787,4.930723337113555e-05,0.43481985185506644,0.2527307908370264,0.5822846896864777,0.3459861846958621,0.4519688808025185,0.2601243171972123,-0.43640201490633435,0.0004934616333580064,0.6891834415179711,0.38366080661840746,0.9924017510491063,0.9309216855878392,-0.1286207209403672,0.08701479734076775,0.7151922321832507,0.3973403884982246,-0.2830270224270505,0.04807443783923494,-0.14361704290173125,0.08295053947227861,0.34673516020949974,0.2815275938884675
cub_00615,11,11,0.7684515117142834,0.591215412669468,0.24121975610640609,0.22139727361246347,0.34241729371712165,0.2520274485339988,0.2539518941684201,0.244728355246837,0.3636369295132104,0.3857562709315836,0.2679466146798223,0.22281118625479804,0.14939846675916965,0.2027326661473003,0.2685106001450683,0.23927138005557272,0.1911800316708028,0.2770044718775587,0.266735802347184,0.3144279258628594,0.979390891099623,0.843483053182695,0.2677092917283459,0.2933784128604236,0.2697830244269732,0.31865965834428384,0.47152774854381146,0.4455297305004991,0.2733515605851375,0.31043174767321613,0.358347427813692,0.3441903329169039
cub_00620,11,87,0.8710807608472793,0.6911863835524098,0.1059057750860759,0.23249815770081061,0.1126348290832326,0.24898873607567365,0.17774469410171972,0.26186733731530965,0.1588134507838844,0.11401098901098901,-0.01124974815446574,0.18686062326296493,-0.003200503507013436,0.19919937862221426,0.07164278332463807,0.21296911826917267,0.13955317593004116,0.17446709916589434,0.559701960937916,0.4021237948861255,0.958698467818142,0.841115493991377,0.11981127648772368,0.15153064122224116,0.5093033956759868,0.3956884561891516,-0.023025155023736667,0.11284922333827323,0.11520226754438977,0.14354201917653694,0.25750782872905426,0.29125983011860956
cub_00623,11,11,0.6603911963323944,0.4755362915074934,0.1039527957908192,0.18211803510425256,0.25525381135253883,0.30902687190190453,0.09570411651272345,0.18163085075066235,0.24920214255665066,0.30755836450406293,0.38505165524653595,0.23417721518987342,0.33255738835460386,0.28700499807766244,0.37876527295709445,0.23137759794004045,0.3460482283500672,0.3044037287045966,0.4767385979065334,0.4251224881062274,0.9923396368004742,0.9670685092619817,0.457798942906982,0.43773932775492835,0.47507544122946166,0.42542613636363635,0.5823251189608392,0.4155554004049431,0.4514223619141681,0.4356015010975005,0.41617511381145905,0.3746231544446511
cub_00626,11,11,0.8153643215993082,0.4614600771526312,0.1826574067951967,0.24305082647186282,0.15362819054941718,0.1943254817987152,0.16642557250595813,0.23776353100727407,0.01355927780603329,0.22821677263094156,0.1461859368164513,0.14567873044868135,0.16033075619815573,0.12481085019335314,0.12772355615492245,0.1409243363083395,-0.032060223822790175,0.09736956051093311,0.43015639667909394,0.38327934385553797,0.9877090817346,0.9222296714874054,0.430332528065469,0.38150722267647863,0.41532569622949944,0.3775825382661816,0.39458314635917263,0.3694697737250929,0.4466088510963059,0.3830150068212824,0.32256869965111956,0.3127122482236474
cub_00627,11,11,0.580566844330032,0.20029496173469388,0.12366447388778866,0.26146212787338274,0.08811755951349498,0.25845864661654133,0.14130219548588208,0.2724105163129553,0.4411144432788753,0.4080499653018737,0.300156370063339,0.19999601403061223,0.30239078647259876,0.19999601403061223,0.31443828845893784,0.19999601403061223,0.3364666094223744,0.20408163265306123,0.6700890218665658,0.4749761152348056,0.9943034378759535,0.9363241678726484,0.3240237282651504,0.2828218918063904,0.6661495997642486,0.4780175270638486,0.30282739195470637,0.2551070942181503,0.3308874668956634,0.28885639819464753,0.3944332145023741,0.3280566057983224
cub_00631,11,11,0.7433372308600861,0.6068855084067254,0.2826722892989793,0.264172335600907,0.3437088262345941,0.36549190366036194,0.272379335933915,0.26488939307997733,0.19824764803133696,0.30713687060795564,0.3200102749203984,0.3018096906012843,0.26324874113698343,0.32222149021674684,0.3170906961174044,0.30223202699195434,0.033602419770536095,0.28444726005701615,0.4713475700116789,0.36884463238303095,0.990943848519688,0.9359506125204977,0.29623181340032245,0.3294210215723559,0.47598012090508435,0.3728709214036528,0.3977080906207892,0.3811307901907357,0.29920727396088304,0.3310793067226891,0.38038107864817866,0.3825722509343928
cub_00632,11,170,0.5475702661156027,0.57358934169279,0.482730127152369,0.3575487012987013,0.5496512247092118,0.36549190366036194,0.48305670130898093,0.35809987819732036,0.3961176113993318,0.35809498291915065,0.13992241396538885,0.25212022948366175,0.16907080701874413,0.28292121909143186,0.13652937304373536,0.2521983161833489,0.17285552454314657,0.2566755467443157,0.7382610033753938,0.48424789232362075,0.9941442891807135,0.9559497125036546,0.0994679244207962,0.2667124828189429,0.747762214135766,0.49119548257671447,0.08869927223459842,0.26457930518305994,0.0935641219200992,0.2663960024984385,0.3892935249682586,0.3857213998117009
cub_00636,11,11,0.8081921476196593,0.40267987996370996,0.11259579147799943,0.2945726440634266,-0.02779176278442954,0.21721212121212122,0.10524467453587472,0.29049669086936963,0.2677792643850414,0.32417438976634905,0.05359479835180919,0.24829086389061528,-0.05429855528537294,0.2063787614871764,0.04588074586832851,0.24288366336633663,0.1794886003721983,0.2572030485160171,0.4190095617642867,0.32475247524752476,0.9836673160590269,0.8868101908432828,0.30993955720332994,0.3867040558101361,0.40828860134760336,0.31520314547837486,0.3984902662083685,0.38736827699466264,0.3034208711155392,0.3792517006802721,0.2875667918826175,0.34426546054595825
cub_00652,11,11,0.7022056782109858,0.660572468563865,0.3642662295241026,0.2930490240288604,0.2742576437278314,0.2617550917777219,0.3753590146838293,0.29781456097245573,0.38177074650807663,0.381267029972752,0.2601677585474558,0.21223651627710333,0.1701372440219645,0.18679044465468306,0.27011829232672924,0.21679296756592906,0.2117621624439963,0.287201625190452,0.5917943679716772,0.4937481393271807,0.9917878243239272,0.9460874624260642,0.34166127172097505,0.31767076103204006,0.5980723723158,0.4973142345568487,0.32542307381474717,0.31613112625770856,0.3446428104145441,0.3187849616235202,0.4135617660371094,0.37914776094847896
cub_00661,12,12,0.8501206398738446,0.9137273593898951,0.527389263265912,0.5548756873983425,0.4738185300332589,0.5325597373845332,0.5295505849137002,0.5529511874371471,0.195613970320698,0.23832203700311413,0.4437559962376047,0.5577460416019869,0.4710199058344341,0.5157465448228986,0.45644959792845335,0.5601679104477612,0.19805680925632865,0.25077112893275755,0.684449688599276,0.5909631391200951,0.9854585425145508,0.9045359650787625,0.4471143306662473,0.28820128343605056,0.6857556716298083,0.5834319526627219,0.4784870370854502,0.3675300148387967,0.4381418999811053,0.28379661875514467,0.5243454978760449,0.5130217738873338
cub_00665,12,12,0.9025272082342907,0.6307792313317624,0.190479345320033,0.275824804526095,0.40632101688245104,0.2939204435561859,0.17240296734479546,0.2723468999619627,-0.1155555450631479,0.13802200269420745,0.14043785131428152,0.270253164556962,0.3350288323510398,0.30477181120790536,0.12145423315729906,0.2684869169510808,0.0036347159583968807,0.16589994249568718,0.5073873825319913,0.48876196127883687,0.9844613674911691,0.9047167125367752,0.21184374282602636,0.25767632280875874,0.5179167405163053,0.48523643898468144,0.22820577305394596,0.32499019735982226,0.21814147226958414,0.2517750200654442,0.3216458069458975,0.35556412468774445
cub_00669,12,3,0.8763258344291192,0.5980415572008598,0.1222153589862682,0.1968161221082757,0.002278692334586623,0.11615880782918149,0.14158531578478212,0.21338330411654477,-0.3393827480870924,0.029444613666362068,0.22180916822216698,0.3341753639566576,0.09757403436377987,0.25194934813798264,0.2351978378930289,0.34490383971051397,-0.2700666551564445,0.10858986275903548,0.5794516406666346,0.49430422157694887,0.9759232469682169,0.8793894559415676,0.35667298326524044,0.24013701143800845,0.5788058761359884,0.48710729104919975,0.4201535327018059,0.28885639819464753,0.36121619425636686,0.2318488365028252,0.29065068751762985,0.32100706894590747
cub_00679,12,3,0.0,0.20224808673469388,-0.495633212561316,0.0010912157135062744,-0.3772418084961337,0.015599053992854627,-0.47604980142947545,0.001538308852719333,0.170538705582694,0.07344811246248618,0.0,0.19999601403061223,0.0,0.19999601403061223,0.0,0.19999601403061223,0.0,0.20408163265306123,0.5731503054761382,0.42593250444049735,0.9851754516707515,0.9096098953377736,0.1052555395563621,0.20548189547535525,0.621753346337883,0.4515079192883489,0.012899339828162479,0.1923665019995295,0.09960425005141527,0.20297852141924766,0.08129680773443211,0.23239144603079404
cub_00685,12,121,0.595203096957173,0.31516095534787125,0.22635735644329527,0.2395679012345679,0.25267068100564405,0.2022391187211878,0.21621432775021085,0.23796313420874177,0.361886502099841,0.4161256544502618,0.17122079798770332,0.2616333395626986,0.3187323220998643,0.2784370660270168,0.16058267821021374,0.2615547527096051,0.21069395145390393,0.2353864734299517,0.45553140767482475,0.3387139807897545,0.9959078329367209,0.9530945893343713,0.424238451407328,0.25713045634920634,0.44848216747562747,0.33701951901938576,0.19936608637581857,0.2340982409154544,0.42287711347466744,0.25355508841350316,0.3639976515568558,0.3214453513675719
cub_00686,12,169,0.3058257666813172,0.19999601403061223,0.7050919529153419,0.5329972502291476,0.5747785209114535,0.5362829148805879,0.7087921571490494,0.5320610687022901,-0.19687308681653717,0.22315395752895753,0.2439119602213057,0.19999601403061223,0.11361920291994147,0.19999601403061223,0.260579403137786,0.19999601403061223,-0.2172281648920385,0.20408163265306123,0.7322458407427105,0.6093336540774597,0.9926575812930373,0.9430729015393552,0.0559966566224204,0.22916035162170353,0.7017758219827152,0.5928571428571429,0.0700197594100857,0.2212384050114444,0.05723080979154883,0.22990597512890507,0.3405616121380092,0.3769419540235003
cub_00688,12,27,0.7125970265679641,0.5341733486063382,-0.39921730605411376,0.030649964062018687,-0.4269065621175487,0.018156920423999596,-0.3995971728567356,0.028854038540385405,-0.3353997721478182,0.09085041148943036,-0.2517005604971553,0.031163363795050827,-0.3108624449658179,0.02883925827271796,-0.25244649284839404,0.029313790806129246,-0.22759728554307168,0.06330573315166126,0.5724292925577918,0.3974376827739869,0.9975473248907016,0.9722877358490566,0.18975521421582822,0.15996338463298815,0.5769965852875265,0.3968541202672606,0.1811279536296447,0.16764570375489518,0.18739865561283237,0.16142521624563214,0.05427496371544227,0.2073947115114367
cub_00694,12,3,0.8440579668870377,0.4195784410807752,0.34143808966673556,0.3599403713240276,0.23453427808367422,0.2033817004436983,0.32686891061340234,0.3587434838534967,0.14205550893287897,0.22389230954968006,0.24533951130053971,0.2918383110195675,0.096587337919594,0.1935771632471008,0.2309915073490806,0.2907582481188501,-0.026277563832877895,0.11714144029974104,0.47485786046816925,0.3896967179061072,0.9928253548418711,0.9434492108066234,0.1913136111738644,0.34191541465351777,0.4607871202327,0.38950429243976736,0.29623315641986897,0.3888888888888889,0.20214133713118784,0.34298204941379085,0.33691693247918175,0.35035253620304213
cub_00700,12,25,0.8886981967750507,0.6903899604143856,0.04682373133133909,0.170330631523704,0.08047320127358659,0.19749403341288782,0.07725343075746141,0.17306680694371385,-0.21249798709153994,0.019202734630271955,-0.1109658907925793,0.16469359331476324,-0.00280762814525016,0.1903914590747331,-0.0731757757352823,0.1674034434620754,0.06301019624756207,0.03227941550837534,0.5173218628602612,0.41847480387306524,0.9726504946702428,0.8650683022023975,-0.12861711168168177,0.12041335101679929,0.5486286704022992,0.4520329908840978,-0.04885017076229222,0.12858335652657946,-0.12388680570492776,0.1270776585691256,0.1662705609602833,0.261126836090465
cub_00703,12,6,0.0,0.20021524234693877,0.04436326357384181,0.08317600733588651,0.11330367695628529,0.1588758079409049,0.04209428098131687,0.08534212517565669,0.04704084216925749,0.06170513424399435,0.0,0.19999601403061223,0.0,0.19999601403061223,0.0,0.19999601403061223,0.0,0.20408163265306123,0.5748533445796856,0.31744781410003936,0.9974090067227527,0.9649500685333855,0.38927701119448227,0.27563860576318105,0.5707931778666384,0.31658357386512725,0.39195241992544183,0.2725960331408486,0.3838649642506307,0.2721967748007781,0.23699679921468889,0.2541864574661093
cub_00709,12,3,0.7923756467907626,0.5951359084406295,-0.10950906284914078,0.03555028120324029,0.10752868045329592,0.05144593461860855,-0.1302999436429331,0.03849736106799131,0.2910501581873735,0.3249036136705221,-0.22401878486872578,0.07717904680120223,-0.07091127665134789,0.10737144118296182,-0.24414316323057628,0.07331942884646238,0.2517965840375121,0.25822266352240286,0.7120394140408046,0.4727032579982389,0.9832073018563824,0.8678455095393206,0.11884434626473678,0.24180804801861946,0.721466802686936,0.5087956698240866,0.22990000754380754,0.20655796238990717,0.10371564029392485,0.24692496924969248,0.23553615672752082,0.27375073975825903
cub_00713,12,192,0.6756854887067288,0.31822660098522165,0.12154387666046745,0.11854204982444408,0.08045970652907049,0.13672405980969643,0.14861666542600385,0.12917745020816923,-0.15558987024277646,0.08929243002202762,0.17026591032458555,0.18729294841457644,0.09194858403287165,0.18560964083175804,0.17211315409484168,0.19116861534809187,-0.053617726481938965,0.06963861777895014,0.3644151388555973,0.26993166287015946,0.9922261085464027,0.9030912194196852,0.22145254063294229,0.16215751461653102,0.3770581735135089,0.28497342979704204,0.0632595734106664,0.11474598636463602,0.224684703945394,0.16002975168783615,0.2329681351969577,0.2213734651985883
cub_00721,13,13,0.641949489551348,0.21902332361516036,-0.0549383200313861,0.0744686546388993,-0.09812920196836407,0.09636184857423795,-0.0547135951973716,0.07274573734566252,-0.23139164129051826,0.0835871946983058,-0.2977603641463501,0.026650979589748835,-0.34526425564870034,0.037745604963805586,-0.29143375560300433,0.028018234902422782,-0.2309241645184426,0.03719050542254962,0.5382281714634342,0.35984822819974255,0.9917001159710743,0.9294366467986925,0.41424276383113734,0.5032994735671388,0.5129335434108175,0.34851844386212455,0.4083093703603641,0.31835620001300474,0.41246593570463924,0.502853754354755,0.1543516061259118,0.24254032203641676
cub_00727,13,13,0.4425971534534288,0.28324808184143224,-0.05636588634166666,0.12607305167480223,-0.2862141410257885,0.04238080398878155,-0.03674538843518295,0.13569488456315074,-0.1847704809144053,0.0680046354825116,0.38730797949349577,0.2215459525258673,0.04521784966232444,0.11382429657583662,0.4091056892027916,0.2295533909207866,-0.1383748532554404,0.024455560608357334,0.4774776891888249,0.31978694022489645,0.9948040799251124,0.9372586872586872,0.03171734611720519,0.11278814489571899,0.4644029015006861,0.30672569828764895,0.38362084924930684,0.2012679227396611,0.01106589918048115,0.11114155751630404,0.19632311246674491,0.21558330727362954
cub_00730,13,13,0.4787489080360708,0.3256105610561056,-0.2309725070193548,0.12157935887412041,-0.2649248235370023,0.11739831970177489,-0.22525673526110476,0.12352447552447553,-0.01473802386233148,0.14985264112446156,-0.04094274941356229,0.05304580513143397,-0.1143993638321078,0.06106264869151467,-0.04565257339171666,0.05249357596098379,0.2528605694481211,0.13375831795560028,0.6005814268209004,0.3857626182420769,0.9912198202283545,0.9176380661188611,0.22774592145900208,0.24401767087986256,0.594562689850534,0.37871814247441093,0.25381216446139254,0.22285886610373945,0.21580627965715385,0.23953047624870086,0.1785634002429566,0.2351234362725415
cub_00733,13,13,-0.08359248232606131,1.0,-0.2853913476141556,0.19999601403061223,-0.17765104681657173,0.19999601403061223,-0.27863856208170157,0.19999601403061223,-0.2730219098458323,0.20408163265306123,0.16402175417661444,0.19999601403061223,0.04873617983658473,0.19999601403061223,0.16789431946381042,0.19999601403061223,0.05301412091694336,0.20408163265306123,0.5159885710109534,0.4148748678181177,0.9946435604864209,0.9440139480821387,0.4252393484792015,0.3337060913037758,0.5184242050675852,0.41857506361323155,0.46697872934411616,0.3747626796853811,0.42169919435616315,0.33081719724319003,0.17855630896360472,0.3616592798157087
cub_00739,13,13,0.6451792129500474,0.24075905550747928,-0.08680475002500046,0.11491890690957565,-0.2146245512303668,0.07601179308496382,-0.09790921474073981,0.11017089762734363,-0.3321758860094785,0.047958656330749354,0.10480882554824719,0.19971307310658137,-0.02771570897724102,0.11866674098433755,0.10471560745768019,0.20035885167464115,-0.11602529728884912,0.13268156424581007,0.5220478439565714,0.39442784687000626,0.994301967190564,0.9273984442523768,0.3500381329149932,0.3426263161380041,0.5262248059661919,0.4088165098975151,0.44290923979681623,0.447180585296217,0.3602777166980698,0.3486098177464414,0.21168319628050042,0.2740199373114695
cub_00745,13,13,0.3330286165275624,0.2600452034153692,0.2233992455005116,0.1648287869994196,0.2852879574956147,0.16219815855000289,0.2252232057465808,0.16401809534856746,-0.011413925038496262,0.07348970191136761,-0.11983561287882981,0.0702858361774744,-0.09525230067000862,0.09278013721006208,-0.12398067639536142,0.06670209938878555,-0.22217670701059383,0.009560324652691332,0.5854143251486053,0.3919134475345031,0.9894575797100696,0.8926820067898906,0.30715897488438204,0.29164808562145633,0.5720167009064567,0.3864327162199503,0.2992904953097326,0.3151067003956671,0.3160794068360025,0.30210005779975596,0.2375798190714819,0.2429194238676642
cub_00753,13,13,0.6015658946734757,0.1977084203616399,-0.36824401846898097,0.02277939153034704,-0.1464508948141525,0.09462776111262612,-0.37583271447305233,0.023405231757687012,-0.297855555513971,0.006503177124702144,-0.3903016314640671,0.04913748039728175,-0.2337607677218258,0.08129949894941005,-0.4005777188573252,0.04754945456443447,-0.20093244776896635,0.03915739839065143,0.45027288564717205,0.2073632918245804,0.9942725555586945,0.9244414613098092,0.2644999179205008,0.38329808282731803,0.4565802224376603,0.2065648671395936,0.15485121062096582,0.15777752398355413,0.2735798136756094,0.39750482492417977,0.052111116763449164,0.18927452441318768
cub_00754,13,13,0.5186100642709394,0.21525885558583105,0.05950789900231389,0.1740961740961741,-0.04266058540399028,0.15964638585543423,0.0465107828395946,0.1689673248296348,-0.06550248065605181,0.12482662968099861,-0.11459436017495078,0.061960950314831474,-0.23087126495733126,0.02865050484342166,-0.12718403247822288,0.05720606826801517,-0.2910016347242345,0.04943064182194617,0.4791524952070839,0.37985562048814026,0.991863207247709,0.9266583469328982,0.4208445984941215,0.4085730165346672,0.48700965043420985,0.3909487836994941,0.28144365976486574,0.34049586776859503,0.43219510806251327,0.41190807799442897,0.18968820712857132,0.25989888324763405
cub_00756,13,13,0.2320372890684467,0.18391888705493986,0.010236345353074676,0.11092660245765526,0.10246942891826992,0.2230347349177331,0.002853081209447328,0.10608983190961697,-0.07930160733760583,0.09340451922558378,-0.19176567693312474,0.05273089422371318,-0.20137364876741037,0.048389622592263926,-0.1871018997214986,0.05295166194820174,-0.3379050183103072,0.01267781382580484,0.4184528824029138,0.24929971988795518,0.9975779274162567,0.9396926645404465,0.3741453724479885,0.37383114243122373,0.3949706505657608,0.23431734317343172,0.20300753356620121,0.20276443020703566,0.36362243457655097,0.3730868210754436,0.14012833963033092,0.21714111263140326
cub_00758,13,13,-0.11575174464206268,0.058311804713449676,0.01661370414566558,0.08956196059273734,-0.0035543957116019346,0.0824525452976704,0.006118026027015236,0.09050904547183136,-0.12494838302365592,0.0532384563444658,-0.15063590445256042,0.046784540760444374,-0.0966130849562789,0.07372137812968114,-0.16620582516541807,0.04493153537772687,0.05302608133581967,0.16109265834383232,0.48089162672648905,0.39617391304347827,0.9690399230149551,0.8652416356877324,0.1819950651860598,0.258144585789637,0.4631325814089358,0.39152742147958125,0.1502993263243533,0.1970126343133782,0.17894057365279006,0.26221751852082426,0.12282317132470037,0.20472810892443138
cub_00766,13,13,0.5045295731781575,0.29333677020234566,-0.3459471671407586,0.04974109524556724,-0.16005170066623048,0.07005758157389635,-0.3374160769232898,0.05100544616673649,-0.3172029537842216,0.0021748801344471354,-0.19570582556171406,0.06551284773837333,-0.08634104606217692,0.061960950314831474,-0.1887341049436455,0.06562599553998089,-0.2336186532942337,0.022595450648106117,0.6449101008526444,0.45953021598429206,0.991360425940569,0.8955421231582924,0.4638899141959316,0.41852655145875606,0.6659666811523821,0.48721748795850317,0.4611172443747465,0.42641058111720836,0.462515489470621,0.4352966161687668,0.15528479338591875,0.2536356395606736
cub_00775,13,13,0.8389126661763975,0.6410466067048242,-0.056849698196253726,0.09906357811729916,-0.09695168082752102,0.09498608762071035,-0.07331133165239799,0.09894321852926682,0.022710133139831945,0.10298117723860298,-0.0066175104325736185,0.08498216023353876,-0.10550511265252045,0.08176575216946047,-0.01741273494984726,0.08153257530850892,-0.11911603706600106,0.09843970094268067,0.42387838354914814,0.311079174287954,0.9849145820343305,0.8932176209791529,0.3338042493853318,0.3918445802155557,0.4451931291681942,0.31563421828908556,0.3278250261195376,0.310770623222136,0.31848612422663436,0.3751356483993489,0.21466401253481937,0.265428181483875
cub_00795,14,146,0.7677860603381852,0.8407777675869027,0.32538623399106475,0.35452520753188904,0.1732890394108239,0.2840690978886756,0.3282980818714973,0.3444533762057878,0.3344111958194261,0.1802200360905757,0.23106361527030128,0.3594797805324121,0.12784585685219912,0.262979044742307,0.2171309756019809,0.34328358208955223,0.12312411416702271,0.1802887414134358,0.5787772595116785,0.33987582615661927,0.983333167032218,0.8593663146192329,-0.03735774679415741,0.1844949465443711,0.621551467790634,0.38366080661840746,0.03309686401067265,0.21852274776128372,-0.001589763539374451,0.1909656954887218,0.32040976142227817,0.355130864751345
cub_00796,14,14,0.6744823901918355,0.41546268235957434,-0.06352806436297023,0.0453125,-0.11331222471200691,0.05899113550021106,-0.08726066868590829,0.037477384337038,0.004511224445238465,0.031964167557387894,-0.28745209150715284,0.005960430753819183,-0.2355158430344176,0.014394666397292793,-0.26806807168076835,0.007828181453231635,-0.1789457038045605,0.0,0.5050519336193948,0.30570554941122896,0.9660666888213714,0.8227227318136409,0.47498798253268065,0.370951382784502,0.5560785751552922,0.33125497479437516,0.47632241856226337,0.36412568122182604,0.4905598774608278,0.3843370203468524,0.1942652282000746,0.21309923258206537
cub_00797,14,164,0.48107320854396357,0.33209450491106984,0.3367388508448484,0.3936532185264912,0.46387145887727144,0.37833939976649955,0.3238561062247245,0.4035946569690188,0.3863245825524862,0.35374240502103227,0.09459235358599159,0.22382781537711116,0.09057250450257665,0.17490049168812924,0.11637910846013724,0.2311089303238469,0.060704830819061306,0.15994508323322465,0.5586927117118964,0.5143741039764581,0.9737254844109342,0.8804459851962897,0.5137887031686839,0.3952928222421031,0.5410210582155628,0.5376953723567269,0.5550122706226795,0.45049363285162397,0.4920481900441652,0.4023378060589293,0.3992267615056655,0.3887897485665704
cub_00798,14,164,0.6215186172255839,0.5399370827898412,0.32311883947144054,0.25194934813798264,0.35728015404983254,0.27753023551877787,0.3171137895767794,0.2425705794947994,0.3358230125980963,0.3580040187541862,0.16673095799443854,0.1937191458990067,0.19293038991979491,0.19010910815939278,0.16238392344237151,0.18926285849727423,0.2292499251806009,0.3042779028626568,0.6609802702443169,0.45339995655007603,0.9599978810551206,0.8511344770337577,0.29925839029365003,0.3065472354684882,0.6171331534563379,0.4212874442319949,0.30513823859849437,0.3232606709306879,0.3018240197348785,0.2946172019666688,0.3900321041894491,0.3465071510863728
cub_00809,14,108,0.5662538391802155,0.43463123490123634,0.20020621062027483,0.20249221183800623,0.31302814999635226,0.19142874102214044,0.2094823014313466,0.20371814092953522,-0.17904195325714023,0.12170160978038391,-0.01780303494534202,0.14560517505532541,0.04540689502274092,0.1431402525338316,-0.003493332864874782,0.15411879037329218,-0.039549347658961946,0.16430691938798814,0.5119290721431151,0.3230059327620303,0.9758712571945305,0.853185595567867,0.33680197151821617,0.21874248617456118,0.5423470193279678,0.34454344476452065,0.32232210714331483,0.2600994406463642,0.34757079394686147,0.22463155351534186,0.2754221299199078,0.2656901019501617
cub_00813,14,136,0.5695977978819375,0.19999601403061223,0.07265491894024549,0.22318381277425647,0.2598471276365961,0.2915889053349636,0.09551008424749637,0.23083527535876364,0.2304038025856232,0.3531099839829151,0.2966249758878716,0.19999601403061223,0.37461719134615007,0.19999601403061223,0.310853458126317,0.19999601403061223,0.4492999162903884,0.20408163265306123,0.6500125914008527,0.4602735739231665,0.9851264464140568,0.919104991394148,0.24830087897129363,0.25007707010296565,0.6715746585834697,0.4728113304469069,0.18101825253639403,0.20634259534717678,0.2559418099049451,0.25092546890424483,0.37675892738357586,0.3108212464230012
cub_00814,14,14,0.7113895423627458,0.33782162378349556,-0.351337210227372,0.032938754503345345,-0.23948538756168253,0.06257941550190597,-0.3562842658147492,0.0336303239429366,-0.11993502628589776,0.07428601706141048,-0.33497397732708756,0.0516112129944983,-0.26898085933472266,0.08199902959728288,-0.3364186165983598,0.05315632051214777,-0.10412174165001288,0.07542566169840344,0.597356450195294,0.3984113712374582,0.997368994971761,0.9641808573106283,0.32817380144023595,0.2946998722860792,0.5923479668547831,0.39578552055080324,0.23701677729020565,0.20041444641799883,0.33214277560207117,0.2990133264992312,0.11228394826114749,0.22373025025984167
cub_00817,14,14,0.7351795944151263,0.3035691109669046,-0.31843257459547464,0.03885554635761589,-0.09317235169932797,0.1112402457247219,-0.2912560787151654,0.04730857500521594,-0.4119260061603255,0.0,-0.2412818359681201,0.05818181818181818,-0.10214292590020646,0.08453062547261532,-0.20615932359201689,0.06621707731520815,-0.37694244903354795,0.02475497625543094,0.3228983499169564,0.2516370439663237,0.9884713703932786,0.8834459459459459,0.35148123474567877,0.3266374402931362,0.3301087520301968,0.2581494483450351,0.2169512999638648,0.13293473401877515,0.32568443310616757,0.3143394269415273,0.08196409926047228,0.19345346765268495
cub_00824,14,146,0.8592221425065764,0.7718725169947912,0.19620067246002643,0.29760134479860345,0.4281972074416535,0.4676416819012797,0.21349171575587256,0.30834419817470665,0.09566417092972405,0.33204125878720187,0.2019069869741144,0.3016408327388287,0.337467341548815,0.4297926907458859,0.20920534089947732,0.30638547158758056,0.02604713018602892,0.3303805774278215,0.5365902612132126,0.3681914240916218,0.9919702849613408,0.919104991394148,0.2921390494987506,0.21603790559587358,0.548245739466688,0.373810664658772,0.27075154075019847,0.27523743631674946,0.2980492606706602,0.21742524318482045,0.36700992301754254,0.39436721589324564
cub_00827,14,14,0.729201417566297,0.43285500107089314,0.5000888901487878,0.4089154089154089,0.5799646257441589,0.4560359837492745,0.5016328425082658,0.4074333800841515,0.39648159888254525,0.30218368657675015,0.4499242697368793,0.27891416555151977,0.43737367519637427,0.30902687190190453,0.4511344363110788,0.28038277511961723,0.3274147687649411,0.24884508777332923,0.6317595443071028,0.44015499425947185,0.9961027741992051,0.9389430972852865,0.41631274605687035,0.2530127927816575,0.6274127552469245,0.4410856609463632,0.5335186470953263,0.2958583663556181,0.4125049108860174,0.2527805239742956,0.5327218601767183,0.3830951864230361
cub_00829,14,14,0.6316006889182436,0.2517151054010228,0.3403051158377377,0.33010802571409636,0.22586883437546337,0.21254229096181732,0.3367722271510221,0.3253648550485373,0.4391581712719617,0.3962537015357069,0.27423073510782225,0.17906238984843145,0.1527751746101876,0.15470916518036937,0.27418967328168825,0.1812831077104179,0.4212085941161261,0.3644010767160161,0.46767382964560594,0.2867034235158354,0.9955738730034179,0.9457101308773631,0.27655089580429737,0.22433574879227053,0.48217045858943214,0.2940873041459798,0.24464162252082497,0.17939619568378803,0.27783323467055077,0.2202828769184472,0.3893702085936255,0.30306369320334
cub_00835,14,146,0.5770316277120429,0.6828777461009559,0.4320730565427535,0.3265913146936347,0.5936976250861951,0.3651203917834308,0.3965459835575311,0.30647051165212863,0.19922214391572962,0.3206748306409588,0.4042889905725416,0.2987769365171811,0.36575215332011557,0.3235294117647059,0.3875202084921578,0.281772895644399,0.16382312464941706,0.2974339284571575,0.6165706549723822,0.4420175312544906,0.9926142512226038,0.8889411764705882,0.2447411071470548,0.23469947019060958,0.5853427871133448,0.41328075487641713,0.2374071512597839,0.2270774072504993,0.23604489970117268,0.23357264541250913,0.42884505101765513,0.3761891301806444
cub_00843,15,69,0.8826506031932934,0.3854756316443463,-0.31683261363483617,0.07308987862909694,-0.1877913465391008,0.11673714667260182,-0.3161715207688316,0.07274573734566252,0.003910061698123447,0.21008654133094598,-0.2577363617002884,0.09028683181225554,-0.12258478266322043,0.1187914599476002,-0.25948804592649277,0.09266114982578397,0.11258780087774828,0.2340982409154544,0.4530264298641266,0.3458056729028364,0.9930936461433105,0.9472203356941884,0.2843631279290314,0.2339480250745542,0.42761848416037435,0.33196177329439874,0.275435834967837,0.21160511533405044,0.2759515985133441,0.23147473275024297,0.1498688610742946,0.2463992182116013
cub_00851,15,15,0.7583392058519542,0.5895770632029146,0.2078900422947087,0.1821876656653119,0.16677404444664531,0.17416486280933716,0.1828616229818036,0.1743709771796372,0.08791228817008785,0.15015883821193557,0.1832696396970327,0.19856673633920574,0.16773990309045747,0.1553073912042367,0.1544349288273945,0.18947430806614118,0.07606823830747496,0.1706796004388244,0.5275217813195329,0.3501513622603431,0.9876728448535128,0.8948262839879154,0.38505158096878417,0.3520272072552681,0.5384583348315587,0.35297290009437776,0.22839416508474006,0.22433574879227053,0.38948888003463644,0.3588231351786073,0.33612516671735493,0.3011749387124218
cub_00853,15,15,0.6864489763741958,0.6323959687906372,0.13584140842215148,0.21309495047112828,0.18977699254888203,0.2803774066046156,0.13071149407966987,0.22358961861825272,0.28948431595619795,0.35558228101824013,0.03759818195162155,0.17856723429242513,0.15340500282833555,0.25373227559497785,0.04171282767152258,0.18770341440321914,0.21785313027383452,0.32765845992666315,0.5637586037157686,0.4173728813559322,0.9674889521512299,0.8184289209024191,0.3083091797244165,0.3283758107842495,0.5936908876564194,0.4381941956288069,0.3728317785500518,0.4046695302757378,0.3211794951816842,0.3425374122632764,0.3340060818057321,0.3601520240620387
cub_00863,15,155,0.0,0.20005580357142858,0.19248545311545986,0.19177106216232262,0.35190866783061003,0.32477560718057025,0.14813155113641444,0.16839348079161817,0.03255512999525619,0.21446966520931904,0.0,0.19999601403061223,0.0,0.19999601403061223,0.0,0.19999601403061223,0.0,0.20408163265306123,0.5162024621227329,0.32615303290603936,0.9875963741422102,0.8748248482017749,0.16280626234490375,0.1725753282054248,0.45526177780263427,0.2912565141864505,0.31963205331979333,0.26190328001493746,0.1450737932727182,0.16289073702322915,0.22077690167218222,0.2662092689465342
cub_00869,15,15,0.882971360962405,0.7139197267292912,-0.1897816337894421,0.05676074136478517,-0.03078473081136611,0.13608060681535153,-0.1809730908446643,0.06106264869151467,0.3905048498961187,0.3343205001645278,-0.0778826079097563,0.0732620320855615,0.015137736517398234,0.11326824938983802,-0.06953368958299146,0.07452618053324767,0.4930438739442037,0.295361615129057,0.4254269572989649,0.2517931765733175,0.9921297323709173,0.9112465479478145,0.26244253179854105,0.17925900075612167,0.44916689822230277,0.26289957211175435,0.3410982934356651,0.2878739757352474,0.2735205646645736,0.1826984775126874,0.2650991364115247,0.2622888701026745
cub_00875,15,15,0.909885172163712,0.6718034152436485,0.19101222024823045,0.19442956614890197,0.24366101363231388,0.1681508643268727,0.1886035756971507,0.1971368923352222,0.2714823101826764,0.2671875,0.21003085129941554,0.2110789283128168,0.24169985352215761,0.16937598321971684,0.2071282675169108,0.21474397772666748,0.33642360879372235,0.26229610260241565,0.6730514256169788,0.40163419233186676,0.9833308052691222,0.8559275013870908,0.5155877343930382,0.37178619756427606,0.6296973922678465,0.3696853886576128,0.4780231943325179,0.36357522361961125,0.5174040896485237,0.3798148904314686,0.4398014343056211,0.33990844159387923
cub_00877,15,74,0.4969088950219148,0.2094733036037122,-0.27303054416065525,0.05210736003355001,-0.11545865244496693,0.07880025800903032,-0.27128602205957036,0.051170586078667576,-0.3341649873314344,0.05935524322064894,-0.2458088178561563,0.05470597509065111,-0.2002417490384596,0.053322137084076834,-0.22189257222761755,0.058823529411764705,-0.4152789591993551,0.03745586655068311,0.5165560944136754,0.3395181205366082,0.9822480235552802,0.8492582696028748,0.2519525677619951,0.30318807044607277,0.5400702710006327,0.36437797416723317,0.3211242148948164,0.3296825813221406,0.25596077711997683,0.3016820749871597,0.08584390263000506,0.20952809000965825
cub_00878,15,15,0.8549584875320233,0.6332520325203252,0.25100317983605014,0.24993774900398405,0.2228934081525612,0.15896103896103897,0.27006176806067894,0.260689395366359,0.4655214200059271,0.4363404616909786,0.19408584448269073,0.23364256312588313,0.19763003068081508,0.15908566151004386,0.2003830676487762,0.24265115415557895,0.3587944528567971,0.3838859325965343,0.6477362206574716,0.48391866913123843,0.9876626067037413,0.9137980356632021,0.41687363807317085,0.4446027787673673,0.6172947243433625,0.46581945661700264,0.2504642270907351,0.3143394269415273,0.4386270453869406,0.4601037015699265,0.42493267476744945,0.389401870508066
cub_00886,15,15,0.7609678176406672,0.7526196297589941,-0.007026392832329739,0.15252096014700817,0.03310502157325669,0.10044961070292795,-0.009709583153608868,0.153381989540831,0.10711564251446781,0.13274484608078663,-0.017305928980890884,0.12323017516369131,-0.053196895306791565,0.07740619464276129,-0.018169991681239502,0.12474082376015691,0.13366984557945263,0.14878186968838528,0.43703265244679784,0.2824281150159744,0.9950620455500659,0.9275835574337303,0.3388605420901427,0.24302617865244314,0.4374158285356494,0.28398694901157956,0.2644673218632291,0.1802887414134358,0.34579028625642777,0.2421884572968999,0.2498718808063531,0.2616918732206404
cub_00887,15,15,0.6311427030310227,0.46557640359202745,0.21812464792172306,0.22518617995360762,0.13319467878648103,0.17367405414888018,0.20526388250605768,0.21694052022069968,0.10488843464528563,0.19172446220759376,0.26479626226718184,0.2987189440993789,0.16004409171740264,0.23625053889265257,0.23649827300147752,0.2859888525850471,0.18382350988951834,0.2905237701266467,0.46886933140486947,0.4274537695590327,0.9726152257189083,0.8746497291238557,0.2985710816658751,0.33064251493076063,0.5500519879592056,0.46293461622567245,0.397546067113362,0.45007867257903017,0.32360662673235724,0.3439612886119581,0.34326912029071527,0.3516202877904563
cub_00889,15,15,0.8765189687616822,0.7295900792283845,0.42351832120492117,0.27347715736040606,0.43626506157227035,0.2403436128793029,0.42418085612637135,0.27420481239286393,0.4595390901403605,0.2883649996822774,0.3490367082345912,0.3512749781336204,0.37167461095947274,0.33920117356804697,0.35812838856981877,0.3538254128749579,0.451064965583165,0.35812303367025905,0.7754144354667413,0.5277460607444622,0.9901290978277454,0.9430729015393552,0.5726871903478976,0.41289198606271776,0.774130482039675,0.5271648150966367,0.6194963398444797,0.44501461050530966,0.5672180659355068,0.41014049241897343,0.5632668388409799,0.4316290750771716
cub_00900,16,41,0.7286546860652607,0.8718522663682149,0.37839364721924035,0.2927536231884058,0.6163253097834845,0.47987022563043796,0.4644542942296709,0.3618782655900115,0.31544401603868744,0.45007867257903017,0.3691377478708321,0.29651162790697677,0.41361086085309856,0.4668908054378015,0.3781063570191299,0.3594797805324121,0.23262428790287232,0.43073883282760567,0.4654345183237755,0.33275781924430575,0.9227834998427502,0.7218599862731641,0.18972424119473857,0.21037549997015104,0.5750394613453939,0.3931695127030404,0.34886435189975173,0.3480718085106383,0.23595678706530396,0.26402743142144636,0.44230360444359945,0.41868774387890956
cub_00907,16,41,0.9292085286419991,0.8960793575814833,0.6317214672832819,0.5764668918388186,0.3351455581258378,0.43071000855431996,0.6402290312441825,0.5542476573995199,0.554386156368535,0.5477099236641222,0.639974886055553,0.5881934003323573,0.4112751326735894,0.43224149004495827,0.6500724170450779,0.5654005147804383,0.5887791605100196,0.5935706987345751,0.5313892866217442,0.39627104494225684,0.9800672592521501,0.8595385898267396,0.5427670391326578,0.47927914781847364,0.50726180069933,0.3932662270045123,0.437085500289555,0.3420930694380089,0.5655989823474746,0.4601037015699265,0.5963308137527324,0.5410114482353674
cub_00911,16,16,0.9617583806012786,0.8756539611360239,0.28891072147667235,0.41596727554834617,0.18540490147897842,0.19292929292929292,0.28290140012155096,0.4177671068427371,0.49531952735591495,0.4642986065988015,0.3330659137090236,0.39646534929028665,0.15877673910668494,0.18024110555718906,0.3279344192943618,0.39763231197771587,0.47362395858068423,0.45653735632183906,0.22575120580767274,0.23234680093331697,0.99675274102438,0.9544259421560035,0.34815437872846294,0.3698398756840754,0.21208891610346875,0.2262479379238712,0.4007655323054496,0.22841563162677977,0.33148470392625895,0.36845302375809935,0.4015128959747229,0.41181477188562515
cub_00914,16,41,0.8969012383107027,0.9147109330280481,0.24792566135217914,0.28210042161747795,0.023002001906230723,0.16105518917042694,0.23725620281429607,0.29433767573842384,0.37290977898106226,0.5068747677443329,0.26277898164845814,0.2662460567823344,-0.004830737022602925,0.14567873044868135,0.2612433420751794,0.2794033275960987,0.35605707392349106,0.4900418902035717,0.48106235284609267,0.34472361809045227,0.9730884591422096,0.830035561229142,0.37433609799524303,0.29494794660535223,0.4946324529690657,0.3352405029605482,0.2430521043807039,0.30713687060795564,0.36996273338274366,0.29321342007909174,0.37262518298033703,0.3830497941267959
cub_00918,16,16,0.9420800275663417,0.9058019181464249,0.30267868893604105,0.2625023589356482,0.34855772783652095,0.23083527535876364,0.30789030624792496,0.272427566093958,0.4623970240418567,0.5154346363704313,0.25877691629394817,0.262979044742307,0.30826674534415016,0.22087718231035952,0.26843813310225245,0.27388130752142176,0.5035873985903557,0.519181777311554,0.33539149330755463,0.25933362615297734,0.9705845095496325,0.8511344770337577,0.19081729496566927,0.24051639745472345,0.366926500724431,0.2739621683381998,0.13835525031575438,0.2636335306949205,0.1814840389909492,0.2526257259359941,0.3924154703875589,0.37367513282676273
cub_00924,16,55,0.7045905253679255,0.3839156501964027,0.09155935175428896,0.2290263319044703,0.07706228523734479,0.16045099739809193,0.07270451605389965,0.2208029197080292,0.05451125361040167,0.19567140413988324,-0.009472721893026007,0.15017182130584192,0.0622253903043569,0.09821721535601007,-0.024200880775103465,0.1482646234776145,0.07586892744571663,0.2022638378570582,0.40593972854182037,0.3362183754993342,0.9892289993564747,0.9207579672695951,0.36424478870688914,0.3270716062311821,0.4048201741511324,0.3386246915227106,0.2595755650459717,0.27917981072555204,0.37271054857498226,0.3311666994944521,0.2600912300988717,0.28812026347241526
cub_00926,16,68,0.9334946207011698,0.8358946212952799,0.30725620040535623,0.2527307908370264,-0.013691447030249076,0.09984655852696186,0.28397866447840936,0.2522618081986647,0.407749160800265,0.38282635383985814,0.3005641754141171,0.24480555727842213,-0.09111774168636609,0.08234913444426468,0.280941695021655,0.24426534407935524,0.356150772012056,0.35964324034334766,0.23925404307992812,0.18898104265402843,0.978189503222351,0.8446691176470589,0.32522002504272607,0.20304990209458257,0.2415366117222118,0.1935771632471008,0.09851941248104663,0.08929243002202762,0.29473213086945915,0.19814442737265098,0.3295185217689423,0.298155832792042
cub_00933,16,55,0.3187297655195087,0.19999601403061223,-0.27959745003448244,0.06472148541114059,-0.05022432254695515,0.09588293109096865,-0.25436636750905306,0.06795083275687756,-0.2028932874958757,0.06648782283940877,-0.0717866950533232,0.19999601403061223,0.05497574524251167,0.19999601403061223,-0.03547946050001947,0.19999601403061223,-0.10496998467926706,0.20408163265306123,0.4618721161892089,0.3375541486171276,0.986801460287918,0.8864554939374001,0.2581583725302951,0.24892201552297646,0.4594678180298823,0.338,0.2050751669304215,0.20849973177564524,0.2591718051403136,0.2433310848102042,0.13366231213673893,0.23745808236915064
cub_00934,16,139,0.8958954951766632,0.611271676300578,0.20391783514107326,0.2696906433858417,0.09869473288277843,0.21614251954190147,0.21615150632370192,0.2824281150159744,0.3838951017059187,0.37775210655069313,0.17940086305158795,0.25901762750141144,0.1559863028435528,0.2680060652009098,0.18804296971365422,0.262979044742307,0.3016736080680025,0.42620990433314576,0.3228254808259797,0.2836584585865046,0.9928514900978258,0.9161733817070842,0.260090945767779,0.2634760391350408,0.3117555756454685,0.2762304463945059,0.2235461585051206,0.253865182436611,0.2547383767338615,0.26064788907542125,0.33263109616553127,0.3485032733271954
cub_00937,16,16,0.9699581982471382,0.8882303132938189,0.33174207369322034,0.30971025841816757,0.20763213860384822,0.19180522565320665,0.32222034956981,0.30206305955624757,0.5832243608262359,0.3486995277057141,0.33936372900599365,0.3177073074650384,0.20616089877852453,0.19450065468396618,0.32656054109352606,0.31005221932114885,0.5249849961723274,0.3578221269756228,0.44444802664044664,0.30570554941122896,0.9945851779838922,0.9335260115606936,0.30805641455682903,0.25394272991526995,0.4167657270089835,0.296260414648324,0.3461859199279803,0.24946077525112467,0.30302202622019764,0.25433061123484285,0.4416607052219303,0.367587785672961
cub_00949,16,16,0.98918029314978,0.8848610067618332,0.4422657106695671,0.38423339540657975,-0.31886525654187614,0.07758389261744966,0.4435478436501974,0.36549190366036194,0.5545188812210347,0.23590368790003047,0.4508560121431199,0.38767890479153705,-0.28670895516704437,0.07723686329236219,0.45165827909392814,0.37099528656328984,0.5551561931121005,0.23095136907291602,0.08320279506032527,0.1279716742539201,0.9786216167590691,0.879565461696947,0.33571224025297514,0.22241649583986495,0.0843926882795312,0.13134160090191657,-0.1938000716708628,0.03660718850656987,0.3400110576611412,0.21947552026945746,0.32731662184486576,0.30882095010233573
cub_00950,16,194,0.7635037116055127,0.7020013568521031,0.17585964503756485,0.2173965789154434,0.42715348561645367,0.3878708249775258,0.19440959991301313,0.22729774353329665,0.6093308512478519,0.40340555132553474,0.09039896791816487,0.17685000586372698,0.22608025380746977,0.35543999459715,0.10613270283194574,0.18680149015433742,0.2990989373101968,0.282740731367835,0.37693117954966815,0.24891101431238333,0.986876437042432,0.9003882208124231,0.1974014623162969,0.1884525205158265,0.391434929413788,0.2651285930408472,0.5007056485932568,0.362933584296854,0.21123872442380387,0.19687131050767415,0.3704371024418279,0.3401659680715309
cub_00960,17,169,0.9585471776215782,0.8374073056852513,0.06886425982352015,0.11043487883147061,-0.07666753668590276,0.07051418818007255,0.06671790363908123,0.11098809853307501,0.17879319831341411,0.33810718057022177,0.13082691894142293,0.11960281155862992,-0.028898245075429263,0.09379257725216633,0.12429396221683073,0.11929061402041158,0.1990248618467964,0.3054536089112098,0.26815554895713384,0.25280898876404495,0.9898089578057196,0.9056209646790733,0.03885006921242535,0.0894094890118747,0.2734377044422438,0.26099522493088717,0.12182790623591855,0.12864618125139168,0.039407287549989664,0.09075747794275876,0.2235326649896495,0.2555886393415026
cub_00966,17,182,0.0,0.19999601403061223,0.141830155359364,0.13287423797696998,0.32918299796285105,0.2516370439663237,0.1483767131869958,0.13249068953842683,0.5583662597587395,0.6540218632729646,0.0,0.19999601403061223,0.0,0.19999601403061223,0.0,0.19999601403061223,0.0,0.20408163265306123,0.5171879319545686,0.34643767610358245,0.9968809202125349,0.9436374201045904,0.27823856636088234,0.1405828082808281,0.5258504818210176,0.3467087163658324,0.4682167046207877,0.27732627732627735,0.283790922627746,0.1407111511196129,0.28319477692436584,0.291366238188728
cub_00973,17,169,0.0,0.19999601403061223,0.3891342301057366,0.22729774353329665,0.43263878141387824,0.2208029197080292,0.38110754826702603,0.2295533909207866,0.23324765361614758,0.24638839368045737,0.0,0.19999601403061223,0.0,0.19999601403061223,0.0,0.19999601403061223,0.0,0.20408163265306123,0.6312814525361317,0.3916239079184579,0.9943322747656592,0.9410058027079303,0.2516147836505556,0.1917357314994416,0.6156029466822551,0.3749400561759266,0.3039436745826264,0.2156733421273534,0.2490723523883672,0.19222627308008938,0.29879837986722557,0.2823542166751519
cub_00976,17,17,0.32514339841727624,0.20001594387755103,-0.0068840129875494364,0.17919041184419246,-0.02433144178526297,0.11984600792278079,-0.0038400608335680255,0.17898261278195488,-0.3032331240430502,0.06738260686460308,0.043279204887123085,0.19999601403061223,0.03529751368983898,0.19999601403061223,0.04169815182183881,0.19999601403061223,0.049043823907304405,0.20408163265306123,0.5813067491522659,0.3953973440867691,0.9955822168548515,0.9506268830790164,0.22170023493240337,0.22426181993840952,0.5901130495909969,0.40261373960444474,0.16013144101799373,0.20785178124627665,0.22060575656504908,0.22381843423673567,0.19504086007916746,0.2636038173485088
cub_00977,17,180,0.6783712193667755,0.6975052854122622,-0.0006454786217809429,0.16442330006962172,-0.24449535497863617,0.08474759485461031,-0.0002738513098944402,0.1639505886446674,0.09368376222574594,0.21385379871879304,0.02911234676173193,0.1639895621919397,-0.17339053908025698,0.060828665045978225,0.030116775038480835,0.16291060772840507,0.04525711099089239,0.19233256894220027,0.42168301855567053,0.2604408716950323,0.9985341122316003,0.95900439238653,0.24397593582481908,0.2368838457784285,0.4180394325101357,0.26282010948216195,0.28610634037981353,0.25541795665634676,0.24289305219390536,0.2381679389312977,0.20459785880593348,0.2744851391025517
cub_00979,17,17,0.7134854188665555,0.7674357168016908,0.23712892086427212,0.19322235434007135,0.1168903583335225,0.09654155056548107,0.2547844260096112,0.19528318742183312,-0.011926660514521997,0.012585526644358988,0.15667109746344582,0.18812525898301072,-0.07086850390147979,0.10419761236727733,0.1504265694006682,0.19016840607210625,-0.14558650217165894,0.019048097703171334,0.5080097182709656,0.37137000341646736,0.9894769312855919,0.9147109330280481,0.17679754700333558,0.17284664777000058,0.5513524206319474,0.38873512316634373,0.18730426132185343,0.18525663509879575,0.17608379982670475,0.1727788061082832,0.26600198684605425,0.26482039063246265
cub_00981,17,17,0.8901996822814366,0.6276656125841239,0.2609717632665597,0.1527195451151571,0.1329773796741949,0.1541115583668775,0.27155761727157535,0.15683901089399965,0.05786324448818706,0.18015133876600697,0.26365915101579857,0.17336918400748189,0.08135248387360848,0.16750029079911596,0.26773468592110006,0.1763947491795593,0.06600830713257659,0.19661296984717058,0.3652491285375433,0.21555326751862394,0.9944558952968713,0.9273984442523768,0.05179223083036684,0.20369270957017335,0.3685692218343226,0.21954183630066232,0.3033335581851843,0.28591361704826534,0.0485576494211626,0.20526691237664962,0.2949521332686993,0.26951540310841626
cub_00988,17,17,0.7841268655082287,0.5869376136633193,0.31777581862283233,0.13653094739226457,0.19182371682831206,0.14554794520547945,0.32835747484558875,0.1414434396860604,-0.09060853253287762,0.12726565106193707,0.18961100516741056,0.13898189660064694,0.18189954118325932,0.13166055821821257,0.20414408466067807,0.1431989063568011,-0.07908053082987164,0.08480470840021402,0.5137463485398874,0.3822314049586777,0.9977260929286418,0.9487328866880279,0.26264447571545807,0.2690911367050576,0.5187315500772401,0.38950429243976736,0.3563753116071363,0.28039153773287023,0.25331106474592263,0.26893228188759544,0.3287056191378565,0.2783503471331288
cub_00995,17,17,0.8497222286271494,0.6081730769230769,0.0441734967357096,0.13537364937489393,-0.20079135108992624,0.09254218835057158,0.06978281857094322,0.14659506398537478,-0.06894437107192744,0.10598952651101898,-0.001742356022632025,0.08135775862068965,-0.25493747650629806,0.02528735632183908,0.022147667935202852,0.09176956971114617,-0.269225482361141,0.0,0.3740254186949857,0.3115075475396981,0.9944357260069296,0.9348308107587004,0.1600250807425379,0.19581244470657624,0.35864772657346466,0.3046021840873635,0.3709178298053367,0.19292774770534243,0.1499768361382813,0.1896379745349997,0.17321425285190775,0.2277604599420861
cub_01001,18,63,0.0,0.19999601403061223,-0.1998906641353004,0.08686234160077981,0.056837305502860376,0.14352458549370406,-0.2120328144899221,0.08275787656452309,-0.17175849795225429,0.04359687049619106,0.0,0.19999601403061223,0.0,0.19999601403061223,0.0,0.19999601403061223,0.0,0.20408163265306123,0.3715939221914465,0.2425705794947994,0.9957456769332559,0.9365109996140486,0.11777708920139526,0.1446395302884887,0.3519024586561771,0.23204419889502761,0.31398233838393796,0.20777982963007088,0.10791751430991652,0.1427041650228259,0.11547162190676752,0.21780377772506462
cub_01024,18,156,0.0,0.19999601403061223,0.24045532897450167,0.24026696329254726,0.3130162381975212,0.27041397645271553,0.2542237668641984,0.23576134474478172,0.2248918242414527,0.20483717613501307,0.0,0.19999601403061223,0.0,0.19999601403061223,0.0,0.19999601403061223,0.0,0.20408163265306123,0.45731343033712357,0.3341753639566576,0.95054623876901,0.82239171887769,0.2834310069757371,0.27491668238697103,0.4380978352443271,0.31185044774168247,0.158521395550895,0.24508720216163105,0.2985485424969121,0.27036340852130325,0.24126970717677856,0.28094199820310023
cub_01029,18,163,0.0,0.19999601403061223,-0.3289209380138731,0.0021471014130923253,-0.4681951039575029,0.0038011403421026307,-0.33463754514723043,0.0022471910112359553,0.01826053013235682,0.11917641863546037,0.0,0.19999601403061223,0.0,0.19999601403061223,0.0,0.19999601403061223,0.0,0.20408163265306123,0.8071193980088415,0.6142523928255449,0.9924722055572444,0.9595782073813708,0.4040457965401148,0.2476155313519168,0.8073772832590755,0.6171138506163887,0.4271785183707374,0.25736434108527134,0.4083430164708872,0.24884508777332923,0.18220287741471008,0.27174713008074824
cub_01031,18,57,0.0,0.20001594387755103,0.30215064008166215,0.27564509978390744,0.3857724991791269,0.3442502176679392,0.29827702306810217,0.2709599797365755,0.10669103280185374,0.1973544348647691,0.0,0.19999601403061223,0.0,0.19999601403061223,0.0,0.19999601403061223,0.0,0.20408163265306123,0.6112764395123417,0.3726831270090965,0.9958205567295698,0.9307359307359307,0.4154609584593632,0.28828313635785996,0.5921101888867941,0.36206311503223615,0.32280460597930516,0.19138559172640734,0.41050435564193916,0.28379661875514467,0.29605788668933725,0.301416191352821
cub_01034,18,163,0.0,0.19999601403061223,-0.11702184460253295,0.058823529411764705,-0.11139863611738175,0.06100655529710298,-0.08524025948580201,0.0728604265782862,-0.17254107832746254,0.08318196388503045,0.0,0.19999601403061223,0.0,0.19999601403061223,0.0,0.19999601403061223,0.0,0.20408163265306123,0.7400352608663435,0.4975376809431428,0.9812901279026536,0.8859236985529035,0.36870165548732237,0.3698398756840754,0.7019857850548537,0.47108407241808986,0.500971004283407,0.45018239038695373,0.33905791706295424,0.3516666666666667,0.2097226621416237,0.2870781699066351
cub_01035,18,158,0.8609386007801437,0.585558540053721,0.2466795000369033,0.2881073101854823,0.4223642201460336,0.28497342979704204,0.26278517030600923,0.2964278793359602,0.43850365745476483,0.33160383554446343,0.16546424396175546,0.2326495516521312,0.2387022048069265,0.20468187274909963,0.17906723978791422,0.2379718726868986,0.3722610114223345,0.3140838680407026,0.4063811298915803,0.37559972583961615,0.9941503268936004,0.9103369503141062,0.23762665079351072,0.24846059113300492,0.4202017818120472,0.3828980913663612,0.3609292054599304,0.29164808562145633,0.25604345720928584,0.25619578686493183,0.39080656005084935,0.3494131594123319
cub_01036,18,18,0.0,0.20017538265306123,-0.03319396935537499,0.10896940240804154,-0.22043930218753788,0.0324454956807898,-0.016899757897720843,0.11692718473605163,-0.17534917710027417,0.05827724735221996,0.0,0.19999601403061223,0.0,0.19999601403061223,0.0,0.19999601403061223,0.0,0.20408163265306123,0.47422844665618374,0.3168427268551932,0.967877284629991,0.8024247867085765,0.27304680342031257,0.2937910790632378,0.5146930591179738,0.35315533980582525,0.38973472939072296,0.35238794023479186,0.2937587448943802,0.3103470561623473,0.16449712410457712,0.24998755442700232
cub_01038,18,18,0.0,0.2001953125,-0.2992291110737562,0.0526867627785059,-0.501374871677235,0.023445463812436288,-0.29971866641466516,0.05323891948596905,-0.4365582040325829,0.0,0.0,0.19999601403061223,0.0,0.19999601403061223,0.0,0.19999601403061223,0.0,0.20408163265306123,0.5490060310779513,0.37503425596053713,0.9874071711838744,0.9002082938837341,0.3395861367829782,0.27587942860738784,0.5218016093882405,0.3560810810810811,0.3536780854471906,0.3518469129217229,0.35598460267306425,0.27108018306062315,0.10470551889033734,0.2442510859224597
cub_01041,18,156,0.0,0.19999601403061223,0.18553593063747018,0.23189295359685735,0.06816027899330394,0.16998950682056663,0.17651723957248988,0.22827417380660955,0.44870406342448566,0.3302932878420051,0.0,0.19999601403061223,0.0,0.19999601403061223,0.0,0.19999601403061223,0.0,0.20408163265306123,0.337352452215819,0.309881216551364,0.9956041190256317,0.9443906219724859,0.13173130941588956,0.22182716644570327,0.31545252047010963,0.30130324839525385,0.031927551455021505,0.1539556061468412,0.13647167690150416,0.22315395752895753,0.18849714280744836,0.274601828525477
cub_01046,18,32,0.0,0.19999601403061223,0.07059317427001639,0.12029025955902875,0.12174713127537422,0.1385296119809394,0.08234343560775333,0.12029025955902875,0.01076399896815506,0.14212483100495718,0.0,0.19999601403061223,0.0,0.19999601403061223,0.0,0.19999601403061223,0.0,0.20408163265306123,0.4446160197917943,0.35589785164167004,0.9886699020606939,0.9029107803166777,0.22661427252143118,0.21146032504780116,0.4290372130623173,0.3421158218536846,0.3894231221111306,0.2956099431273564,0.21985214689390015,0.21015876805538974,0.19891069443750442,0.2562302760614696
cub_01048,18,163,0.5961497062741106,0.20017538265306123,-0.3043954079367512,0.018308144842276095,-0.4248131136360149,0.019652650822669104,-0.3004185270229966,0.01629802095459837,-0.22654638097318902,0.0,-0.2573687133631469,0.19999601403061223,-0.36404654846326173,0.19999601403061223,-0.2594400330196731,0.19999601403061223,-0.2373132162109277,0.20408163265306123,0.7426896619404737,0.5240337155440808,0.9885094083849105,0.9036327421037655,0.4196558767327318,0.34289309842363225,0.734451586366392,0.5164336985266339,0.47978424786402557,0.34610277519585714,0.4312057528341932,0.3560058855002675,0.13454028665139173,0.26984038595411597
cub_01054,18,18,0.7716783382950989,0.5729509481272528,-0.2615038869800551,0.023300871870698008,-0.3128257920462271,0.015534078834185094,-0.265810087346216,0.022935779816513763,-0.05391700445150057,0.013648635136486351,-0.3188828841850424,0.02517746795362852,-0.35635256301442386,0.025701292729037862,-0.3168889758647543,0.025282190101639512,-0.05891936878771672,0.01822655151636875,0.6637518225033519,0.42461669505962524,0.9960111519186048,0.9485436893203884,0.38278731870249744,0.26655422288855574,0.6717653820655002,0.43060802623137784,0.30741283267501646,0.26041278130050977,0.3802092666098773,0.26505272352904474,0.14856770333960073,0.22256973029435415
cub_01059,19,174,0.4279843383995854,0.19999601403061223,0.294663396506511,0.2376665022200296,0.22538615402295328,0.1758846965080853,0.29916182273459546,0.2413409203364671,0.4309907309785516,0.41004242297795396,0.1743721421648484,0.19999601403061223,-0.008107724662630524,0.19999601403061223,0.19569380613060988,0.19999601403061223,0.27304152649734625,0.20408163265306123,0.3556143704829208,0.26147077309868005,0.993603493873197,0.9370717112247853,0.32660463072988305,0.2855059599289881,0.36519386552139554,0.26139149016403745,0.15935826800968084,0.27020423505826335,0.31732524821020003,0.2856689917564997,0.3220590713066433,0.29135422613662
cub_01065,19,171,0.0,0.19999601403061223,0.3312792569723636,0.2755004766444233,0.36460605554824044,0.2676056338028169,0.3372984828892027,0.28160919540229884,0.3031857255874561,0.3623840881601935,0.0,0.19999601403061223,0.0,0.19999601403061223,0.0,0.19999601403061223,0.0,0.20408163265306123,0.5104071971027531,0.3752226942579142,0.9926780549466833,0.9214935375777884,0.18370548332190523,0.22293262561071234,0.5024060023170613,0.36800490764092425,0.24907939896110595,0.22603858015359496,0.19625352671894067,0.22722595484534835,0.2647266122910475,0.302138892191435
cub_01070,19,176,0.9392840514108304,0.897334089619966,0.13507261264997186,0.2145234493192133,0.1092724608092302,0.2542182227221597,0.1278977210927347,0.20518825436858223,0.22537210214307865,0.3452989184526574,0.12721811875122196,0.20540540540540542,0.14562527836315423,0.24303232998885171,0.12724092349678967,0.196209321730838,0.20974278999865018,0.32820176875204715,0.3310331194681978,0.2735579668760708,0.987247701290378,0.9007481769106923,0.3911698075149009,0.3182704811443433,0.30688068095633825,0.2625817815802718,0.3527643874223874,0.2390759640652692,0.36801304304406185,0.29710191286545967,0.325588986560795,0.3453832029201218
cub_01074,19,19,0.5912139797426978,0.6084762057362603,0.34775422082493757,0.32113714135298765,0.5049684437166148,0.4225182455891731,0.3416246857672208,0.34593724859211583,-0.048681350908913616,0.20936195587358378,0.45623580282622944,0.32167786118793623,0.5301176621347371,0.3339758075235943,0.45554479922954577,0.35012780842190233,0.00423489048909195,0.14767645893473708,0.5321430842478423,0.416472580986661,0.9660789692317632,0.8485769549599337,0.04443215973470855,0.10689523393568816,0.5598719364259401,0.43695854514212074,-0.06658806698229798,0.1387890361716468,0.051467304868003314,0.10749986344021413,0.3513612347565414,0.3410720631899037
cub_01076,19,160,0.8097064784987926,0.6864129064784472,0.35219577345111264,0.26028257456828885,0.25277626442165824,0.279566464775263,0.37377018737782647,0.27049439767044375,0.18409983602068877,0.3163020190871908,0.3667009560001119,0.2473586078309509,0.3510237932081995,0.2725082424549835,0.3746953315858472,0.24720357941834453,0.04629319598111646,0.20936474798687743,0.49131058946056066,0.4148748678181177,0.9794727629283477,0.8739495798319328,0.1821011529714067,0.23095136907291602,0.47947109102722835,0.4214887739924924,-0.006685902664102921,0.21998916902340696,0.22073964420638573,0.24692496924969248,0.3638447436316788,0.3465114846172899
cub_01078,19,167,0.1601506200988099,0.20005580357142858,0.4228501791468001,0.32486304534354166,0.5354322579038967,0.5236830119933201,0.443303613783616,0.3367741076185402,0.06373574236143684,0.2077427039904705,0.09842531894859605,0.19999601403061223,0.2504929568032848,0.19999601403061223,0.11826649437280866,0.19999601403061223,-0.027345673186582778,0.20408163265306123,0.4029365969491491,0.32861114788825635,0.9816508569919196,0.8827392120075047,-0.09058025231224986,0.09736956051093311,0.4357837691477245,0.35033304178160535,0.41839609949367895,0.19166568708122722,-0.07189215557759815,0.10671397379912664,0.27610709499501934,0.2903080646887235
cub_01084,19,173,0.885654279436725,0.6904621601144878,0.3054260206382153,0.2184333474910503,0.3812806554377924,0.24811983342656474,0.3356365968014507,0.2403335392217418,0.22957695683768406,0.3313644418192558,0.28487888336953726,0.20021528525296017,0.3616121192464093,0.22782332069007707,0.3276002998781693,0.2281238526496145,0.159539684582408,0.32611681601151155,0.4303914454947696,0.30749185667752443,0.9705784747173836,0.806805905653583,0.21193420108926508,0.23237296377340141,0.4092245058634538,0.2905922448717124,0.24984086261933758,0.25892579944116734,0.21356821015148864,0.24669495173092296,0.3837828797442728,0.3235917545883717
cub_01087,19,87,0.5412790731449969,0.3752140850859766,0.12325440705981401,0.20143669560011973,0.15862698994352364,0.15991446569958967,0.0895218589096302,0.18532955350815025,-0.13591964956358102,0.14787974862707354,0.08115569637875941,0.1598104922579154,0.06380445605080151,0.11355189438065125,0.03097910512687819,0.13933821442760655,0.15545054231098585,0.1369701726844584,0.4507458858206173,0.33046072257209147,0.9773483178823743,0.8804459851962897,0.10812095648416387,0.13211234574794795,0.4487040297970669,0.32082922013820336,8.454171551788869e-05,0.12028953475522157,0.11585670903543777,0.13223878930027363,0.21393419467313246,0.23572146133210461
cub_01098,19,94,0.7341103098617001,0.622554567502021,0.6046275862512744,0.4312201383441489,0.6555015312434053,0.5233396584440227,0.5898759390544636,0.40143844703582154,0.5659596507625595,0.3035232094638035,0.4616871645898431,0.37661179698216735,0.5127511279332093,0.4022916230000699,0.4423350735238162,0.350491185573947,0.5087424129519517,0.40717607051148585,0.6561374784005547,0.5260036496350365,0.981017196653518,0.8533567273063072,0.41679629855738043,0.2634760391350408,0.6184608717249998,0.48369926813040587,0.46144147370613503,0.2660006244146113,0.40107431535530247,0.25994282873477503,0.5740345620380076,0.4314083889475776
cub_01105,19,176,0.7064704255047457,0.6825755672779034,0.3793611736123409,0.2611673053967456,0.31888906953039386,0.23921229705537378,0.3819496444004641,0.27058674599658206,0.2377529046724508,0.3800871103851912,0.3410942225119124,0.27748458065746806,0.25390545123262453,0.2375115491222667,0.33722106699412024,0.2848372449958432,0.38778239485395,0.40078680378217957,0.4667056218338002,0.31970015781167804,0.9787388159300183,0.898231343989407,0.2505880365891182,0.3034394085503054,0.4697280931461121,0.3301961823966066,0.2884526127333928,0.2822539843157096,0.25096661828221517,0.30840216830149714,0.4033070767885105,0.3650981633356505
cub_01109,19,165,0.6620562930191426,0.676355132381191,0.294763703829788,0.2915057915057915,0.3687829268586246,0.27533837453135923,0.2935688207059245,0.2945046439628483,0.28342541785932934,0.2881194409148666,0.35679406962993354,0.3039043721171961,0.358452693758321,0.28660256410256413,0.35875348953692787,0.3064505630410727,0.2956564195102683,0.26963055729492796,0.5040286206463428,0.37644880323708935,0.9969316348151877,0.9653349001175088,0.2956521594544698,0.28257844129554655,0.4959946528574556,0.37334063227042563,0.23137266117950073,0.18768672016870716,0.2949029987271238,0.28144355960055617,0.40607577082588936,0.3639496331027768
cub_01116,20,108,0.7659917114764871,0.32318037974683544,0.0004116282649369908,0.1743022643496577,0.0737867268383189,0.19067394399620313,0.0017726428385208405,0.17416486280933716,0.11508596953973727,0.1887312382739212,-0.07632678226830363,0.13166055821821257,0.014140345788618596,0.14066496163682865,-0.07506416136884445,0.1309590893722529,0.07199371052474397,0.12789274588340008,0.5646659518355258,0.4213881019830028,0.9944628279352724,0.9567124890318807,0.40904793689182206,0.3100930472990437,0.5602857514657111,0.41907657498409107,0.3894333961525029,0.2453931203931204,0.4046949017499353,0.30823332042844237,0.2809588371776657,0.282875113227082
cub_01118,20,121,0.6694125219691042,0.3805888017609025,0.006826852839410799,0.11246604955379413,-0.12154894525560003,0.12866944100776065,0.02309186896575739,0.11804356303270012,0.2885756631051336,0.19426282617659185,0.03766135292353749,0.1521152631881063,-0.06639798884979209,0.13305859771931805,0.043120842111834715,0.15536495510016118,0.28579918741188376,0.21000179029659247,0.21581034627439138,0.2038147792706334,0.9938602066897063,0.9108826049700086,-0.023294636974259226,0.12501387193430252,0.20622186455783373,0.20114908133341314,0.12085168989082799,0.14077533337084341,-0.011278125941980402,0.1258259759009384,0.17791417998118597,0.2194688623077378
cub_01122,20,96,0.9012649282563606,0.8534490719364669,0.5181873878883084,0.40753208499894805,0.3376612538917679,0.21939364481438728,0.5212540534541672,0.41697260660830276,0.41196425049783764,0.3153626573245102,0.4384265749248016,0.4082935728318832,0.3046675465103561,0.1994143659615155,0.44503198803922545,0.41734340795141583,0.3897610515314487,0.2919587103351599,0.3669011094299435,0.2571249608518634,0.9965541804248205,0.9479763175774046,0.34663933025263366,0.26964744191871753,0.355526327632415,0.25124688279301743,0.20709431048113008,0.23552711761121267,0.3414452026920882,0.26726670416901055,0.45882529972715363,0.38390063651225437
cub_01132,20,148,0.33164097374028545,0.14085386624276144,0.16016808861472034,0.21101194065854542,0.05036716797605179,0.2329465217658255,0.1645369902367548,0.2115233785822021,-0.002780700132103483,0.1833401388321764,0.07190300966528475,0.1589820532056091,-0.041139894053137775,0.12219925127116277,0.07059353770387354,0.16105908197479477,-0.15737214990972928,0.11160420775805391,0.5247341552913951,0.3978269954032595,0.9949142870786597,0.9372586872586872,0.08896053500553806,0.15179230812929614,0.5261506433115696,0.3984113712374582,0.07874716005759248,0.134710096261473,0.07861259074134481,0.14677601809954752,0.19600242635520668,0.2466863944453902
cub_01142,20,88,0.16164565479088014,0.19999601403061223,-0.12380612850983333,0.12054045000279158,0.24908743835952582,0.12060301507537688,-0.10730636194183138,0.12041534081393401,-0.26674073208912835,0.0016797589051924312,-0.0862219336499863,0.19999601403061223,-0.026416466651858556,0.19999601403061223,-0.09765065268016752,0.19999601403061223,-0.1945546880943701,0.20408163265306123,0.15446985488410672,0.16638577323182427,0.9889445453105304,0.8932176209791529,0.33046034912298466,0.2517750200654442,0.19030448754545048,0.17671200750469043,0.05074356066330212,0.08295053947227861,0.32536574117092626,0.24478143418467582,0.10322164454870207,0.21220844326739144
cub_01145,20,20,0.8236675767327823,0.5092070650131529,0.06952452574503264,0.18820673731573026,0.015441298549250575,0.19421635130310602,0.07535621172858217,0.1886289606159313,0.11300679275487172,0.27772876228888327,-0.08422044295406246,0.1416226050372392,-0.06448294682594087,0.1407146509117764,-0.0840261971451155,0.14266203835429353,0.06955081915251297,0.1817652199242645,0.6171829683095219,0.3724015317286652,0.9968782696348777,0.9616850747727494,0.4575799885800944,0.3773777173913043,0.6144190824864892,0.3714637146371464,0.5634647215601096,0.475403871343327,0.45549216527333275,0.3800027225701062,0.3092556555721559,0.3268724682138451
cub_01153,20,135,0.9476024320342332,0.8587429417754328,0.20332218627107312,0.24473096950161172,0.14064884312171527,0.21241395966670693,0.20315174955752902,0.24088493387714746,0.5944416269429957,0.4790375501275975,0.20179534688040965,0.26720545523424677,0.1669263782055815,0.21555326751862394,0.1989365848059879,0.26345609065155806,0.5262151856954496,0.4698419602725823,0.5066185144661676,0.3556231003039514,0.9816286518299028,0.9038133181559477,0.44959259377302596,0.38774811772758383,0.4659997896421421,0.3404127429372871,0.2947397198080837,0.29000445377616596,0.4510591033239849,0.37653608527394933,0.4221785804238855,0.39373366312002617
cub_01157,20,12,0.8892656963414379,0.517653284947456,0.14818664811831314,0.2470485895364732,0.29922358202497357,0.20692765650369835,0.1411897631745609,0.24534623976172748,-0.3677574372409085,0.06146275064132768,0.04243471450899818,0.11888969399699013,0.1709947553154893,0.12648709315375983,0.036250929735113964,0.1162144128113879,-0.2829055517120119,0.0372359470103831,0.6129675790326947,0.4408787421925479,0.9955822727671448,0.959195626708317,0.17428837259586727,0.09064012910166756,0.5997449417680623,0.437061434913361,-0.06868203330382662,0.07286485342364271,0.17907573265888777,0.09269738614928591,0.23799066438565308,0.2513735893901351
cub_01169,20,194,0.3376974190449493,0.1313341976213291,-0.1274147676981768,0.07200085460955026,0.08462126875290057,0.1355021216407355,-0.12530464400256583,0.07337683174671088,0.1813615878680952,0.19201599153389382,0.024041318209095896,0.09635658491287485,0.05026105190110845,0.06675524847196386,0.012180909727949486,0.09146772527054217,-0.06349970428804601,0.03926191696565864,0.38941569146146454,0.270253164556962,0.99368302488539,0.915807560137457,0.14834905475605192,0.18574185624890344,0.3929021505730533,0.26832659251769464,0.2906417712882276,0.3209329598019415,0.16198641014101597,0.18574185624890344,0.1833948361747009,0.20299169748567475
cub_01170,20,20,0.5031120432633092,0.5422491934244892,0.31514825565992394,0.27936022430382973,0.3245720995007045,0.23239825670615677,0.31680371007518543,0.27651322482197355,0.500111914949975,0.33232608552847664,0.39609192721719627,0.3086854460093897,0.2149529381878996,0.2696103238866397,0.3774137622052402,0.3068958781011916,0.13393602421689682,0.28039153773287023,0.38990726412743415,0.3433734939759036,0.9941074325709643,0.912339209147213,0.10839261532720096,0.1870608899297424,0.41640795823616855,0.35461663066954646,0.2128175070162773,0.191595650896268,0.11684212053890874,0.18615807640554613,0.35470783820621893,0.3335716081026157
cub_01171,20,152,0.8649863230844007,0.6800400367003087,-0.02731526802129734,0.07567799335405724,-0.28901792182582114,0.029441936807550268,-0.03524798934369643,0.07165741136266553,-0.339552729520198,0.012787851541036016,-0.015799434282811865,0.04525168655941879,-0.24402553011924805,0.022644191714053616,-0.02747473538666433,0.04303246854124592,-0.22579166794404185,0.01816453162530024,0.4105759091951221,0.2836584585865046,0.9951237876356637,0.9187380497131931,0.18216047789309506,0.20821166795780943,0.4399804841502705,0.3014720186758317,0.26135500506405707,0.2502312388234569,0.17992151020377653,0.20634259534717678,0.1419918813855071,0.2111568091539739
cub_01173,20,88,0.7728114079986721,0.48038926570333235,-0.2643916153490311,0.013687559977776655,-0.1577833893827246,0.1279716742539201,-0.2552669277864232,0.015893905648916785,-0.3209941124349483,0.017055430147980936,-0.35440957788659905,0.009806386723661051,-0.09261813869245884,0.14533424595026237,-0.33540926882703187,0.0129136400322841,-0.2369423840145687,0.0127309036445332,0.2790740578807489,0.2083809982539587,0.9917297098954865,0.9041745730550285,0.27217301944524835,0.2739553879987433,0.2770769969327779,0.21100585289326013,0.1929079809377195,0.178847607419036,0.26555718737925976,0.26853531877619974,0.06890099640640848,0.19204551669859293
cub_01177,21,21,0.7484022449935808,0.5371065328942329,0.14528619600188353,0.08809975603144483,-0.30588390971489315,0.0391425908667288,0.13751011534699378,0.08756909071204075,0.43555342411155845,0.4261095871140184,0.3755402108073297,0.15937842990006354,-0.21816044798609946,0.08798178565620426,0.36308282696871036,0.1563058132165697,0.6513250435127638,0.5904455600878569,0.2658929198696053,0.2700120230336012,0.9939227272027771,0.9156247017275938,0.3261981130453308,0.15579751453654087,0.2935441272246479,0.2801377726750861,-0.25435638061065874,0.08370303062697097,0.3034494783859128,0.14996313311780388,0.2840871126106295,0.26849182147978373
cub_01180,21,183,0.277009666239233,0.19999601403061223,0.23496187874074315,0.16085372201978138,0.1188711142563484,0.15510791366906476,0.2390961981531266,0.16266944734098018,0.16345486945342577,0.3207608624845287,0.16392272656082688,0.19999601403061223,0.1087799178622202,0.19999601403061223,0.15830865011265305,0.19999601403061223,0.33278757972785344,0.20408163265306123,0.33488544178269153,0.24581005586592178,0.9888988528447813,0.8621265540916682,0.02239251714888298,0.12927481341205302,0.3379763011955518,0.250701065619742,0.12750260004449812,0.14852999490171642,0.01886306117172033,0.12364220793615606,0.2418474250196371,0.23756948840780817
cub_01181,21,119,-0.1167325189961974,0.20041454081632654,0.014679525972238169,0.11159676883921656,0.14205051935298238,0.1646281374992754,0.005959647965944631,0.10895843682728928,0.05378892701321138,0.10725586470267322,0.0158972119314744,0.19999601403061223,0.09368866855585475,0.19999601403061223,0.010230350015108297,0.19999601403061223,0.0002124475734714655,0.20408163265306123,0.3065270535417522,0.24480555727842213,0.997620162089354,0.9438256658595642,0.21779496236112367,0.19658876298394712,0.3132119425044052,0.2506231306081755,0.17555895448401107,0.27990657155482607,0.2222928980823356,0.20162389616547147,0.16351871682980465,0.24095313385867234
cub_01185,21,172,0.5047984490467828,0.19999601403061223,0.25660014534220293,0.15324943975176694,0.278347848506858,0.1263890447861713,0.2589221264715646,0.16166001041847544,-0.23500249478057625,0.01956150055315297,-0.07769716378976044,0.19999601403061223,-0.01710286670805668,0.19999601403061223,-0.06367557250562998,0.19999601403061223,-0.1397841752328335,0.20408163265306123,0.6255617087911746,0.4454447245228664,0.9822097279880533,0.8293683347005743,0.28498411277573826,0.25978625574748354,0.5565817243574944,0.37739345274861025,0.30224529982518034,0.28828313635785996,0.2698744355460029,0.23839482042511606,0.25245755370894635,0.26023976058583914
cub_01198,21,45,0.5467656464567955,0.19208838203848896,0.1869095596178381,0.18750369800603514,0.10595250914477382,0.13115031279941386,0.18540450511804246,0.1886289606159313,0.2803569261534287,0.12264673311184938,-0.026703186036935847,0.10305028854080792,-0.08311667968930248,0.07245912151330555,-0.028396197247487834,0.10135542995116062,-0.07697310816102385,0.0200744616623063,0.392597583698698,0.294588144230149,0.9841449694855582,0.8730751283247783,0.16779060856259673,0.16778020965326576,0.44754364355983967,0.32755655509988096,0.24772241005933734,0.24386503067484663,0.19695090187745706,0.1818711745846692,0.23513000617330768,0.21384624205379263
cub_01203,21,36,0.5801525879204267,0.19999601403061223,0.12884987496748945,0.15623919806429312,0.03327559048696707,0.19293865905848787,0.12093713746098302,0.15060482715129278,-0.303806173242687,0.06992084432717678,0.154263047241623,0.19999601403061223,0.25576635184272983,0.19999601403061223,0.14274882088577567,0.19999601403061223,-0.019878541124294106,0.20408163265306123,0.4133779024432461,0.3097957319062847,0.9975058915274243,0.9483545286865352,0.17104726204103857,0.1970833087323611,0.4046337512154251,0.30553567943797566,0.27946746866788963,0.2635547800074785,0.16465339554969793,0.19694196823897514,0.23486629119224897,0.2530023476257581
cub_01204,21,104,0.0,0.19999601403061223,0.4794075186513079,0.21312862669245647,0.3917941507864394,0.19208838203848896,0.4845614025381916,0.21828335559062764,-0.0042278245815886226,0.12638888888888888,0.0,0.19999601403061223,0.0,0.19999601403061223,0.0,0.19999601403061223,0.0,0.20408163265306123,0.5174568165532903,0.32022102354953297,0.9900599582818528,0.8816801050065629,0.06677396071354842,0.11248285322359397,0.4914452066094852,0.2957582800697269,0.10958069170921145,0.16042811355311357,0.04823173926029207,0.09855873428695275,0.238338908034802,0.24153893677836366
cub_01205,21,9,0.6673259983443347,0.5571417487780278,0.3828891963124865,0.42603382123063804,0.41153716629447945,0.4965326970397435,0.3817436059080003,0.4258312020460358,0.172205193630982,0.3927050419013601,0.2700634127287959,0.36987236366118353,0.4410820209070517,0.40842105263157896,0.2503681584178696,0.363914373088685,0.1810612380694461,0.2542530157748221,0.6440756590531368,0.4992156569806529,0.9870128622368984,0.9285096569616604,0.3068472492825251,0.36247564007795174,0.6028405715861777,0.4815088211412121,0.33599596398429055,0.33274173404325247,0.2994928964041423,0.36688464909323804,0.42230274621070774,0.44440276496333614
cub_01210,21,183,0.05263704972611521,0.19999601403061223,0.053002750099595576,0.09212602709909126,0.1914020257440984,0.15404519579092635,0.0452756220049888,0.09052379917409259,0.3356040643652336,0.28967622924750336,-0.02703653696464975,0.19999601403061223,0.020804953926826752,0.19999601403061223,-0.010051524212495293,0.19999601403061223,-0.18477733926310808,0.20408163265306123,0.21370130842043641,0.18855856922894706,0.9910855731379492,0.8975134726292899,0.11782949904109255,0.13974928326493902,0.2320573920409336,0.19720830350751611,0.12457028345867593,0.13693713901194415,0.12101608408578765,0.13738359699315605,0.1518080803740987,0.22185248698152776
cub_01221,21,124,0.8182173009910764,0.26615394313812013,0.14337566351854214,0.1479110704692233,-0.03132722319004281,0.11206466973035822,0.16472744642692042,0.1483704974271012,-0.13457851216144529,0.13924761370016844,0.11020996450721311,0.1227972027972028,-0.05389918305573958,0.03785293205088427,0.13162060306347484,0.12462176398072397,-0.17850603853202596,0.0678921310439271,0.1003502626034947,0.17485219223789733,0.9839747519909413,0.8878750823064623,0.05984066361052628,0.11837387611009983,0.05742511139765711,0.16557291364190718,0.14665505748212154,0.1831125634591819,0.044740900591893146,0.11199473482147754,0.15752178461630717,0.18724621246098233
cub_01223,21,197,0.6480623964627067,0.4645175406607833,0.19427937771746218,0.1915499643959174,-0.43847277566065807,0.018617156191345813,0.2872437901474529,0.22506253431761333,-0.3065550974538565,0.025530839231547017,0.04313322442622147,0.15650570473666015,-0.45481400204115613,0.007884296690604128,0.10505142460735822,0.1820484127451558,-0.5422501346127047,0.0,0.17056546081825008,0.1897563578161124,0.9792874484831979,0.8134995933857414,0.13538842367636367,0.13160685382597534,0.072319026935954,0.13969335604770017,0.34872016656734606,0.22285886610373945,0.09705043305907887,0.11689527901724232,0.08926727754220111,0.19240178367774252
cub_01231,21,38,0.0,0.19999601403061223,-0.2560667153120128,0.033843300880853036,-0.22694412818688545,0.046184320266889074,-0.24427624181133176,0.03828246249353337,0.06520992050897029,0.15198863636363635,0.0,0.19999601403061223,0.0,0.19999601403061223,0.0,0.19999601403061223,0.0,0.20408163265306123,0.4180980990551253,0.32922710113252535,0.9944479007894131,0.9187380497131931,0.18451855268845546,0.14671115887110459,0.42944167487871193,0.3354181914964402,0.15110783282647805,0.17203306549511532,0.18882293421890767,0.15015883821193557,0.11362398864372211,0.22177672091338244
cub_01240,22,24,0.7742799479338621,0.2030931542980458,0.11015431474452508,0.09385219097449313,0.6135448040361635,0.2102026049204052,0.10350228303768468,0.09224489795918367,0.029906011485140334,0.05764214919144497,0.092375253570949,0.15937842990006354,0.48200749053558056,0.17156032922771583,0.08615732773141249,0.16152555124717866,-0.12931721066888965,0.071277607524041,0.3305831216711925,0.28959712137762644,0.9912992296778599,0.8978723404255319,0.46286584536747355,0.25518479539404443,0.33579569969391543,0.29776915615906885,0.1056025431205076,0.07144744490831263,0.46213925342909035,0.24302617865244314,0.3233930610244312,0.2183782634773066
cub_01241,22,105,0.0,0.19999601403061223,0.2203828315386522,0.2239297475301866,0.31720635010095405,0.2510129028236614,0.24622945185540815,0.224228376235208,0.19180494270320209,0.23402312842361533,0.0,0.19999601403061223,0.0,0.19999601403061223,0.0,0.19999601403061223,0.0,0.20408163265306123,0.44331361907436606,0.2598870056497175,0.9861548413658906,0.879037543301189,0.2767633498110499,0.3089089735313105,0.4851869961911552,0.2720243376853847,0.13546479250276505,0.1901267903263677,0.2627782395385161,0.29362598098640974,0.23768569431213063,0.27605803168457066
cub_01242,22,88,0.6869281377549427,0.47173131920510375,0.06560538486997676,0.09750095696396348,0.07942751321231775,0.06179240292032589,0.07987866935872451,0.11258938965574589,-0.11852828737176507,0.10028762142508275,-0.15827798371819998,0.06381850948796777,-0.14045291416713288,0.05476140424637377,-0.14044187874154307,0.074296113906434,-0.23627418015839258,0.04655964486656687,0.7553070990170829,0.4898671219657041,0.9787066793247766,0.8732499533320889,0.44115129225009425,0.368822576289495,0.7300987281911964,0.458151700087184,0.42974918148464947,0.3758821932681867,0.434327475792073,0.3627503696733432,0.2591469944732534,0.2674707518195711
cub_01245,22,113,0.7828273156941785,0.3490623109497883,0.045058473686076454,0.22505035707745835,-0.12515547748052683,0.13582342954159593,0.045316484419279594,0.21806154032894337,0.32501315525416025,0.31331778727814485,-0.12301851544240121,0.1351809954751131,-0.18843931081886497,0.1227343924815395,-0.13686880073110996,0.13025848960973138,0.4252245280572606,0.36165211551376764,0.6384208230168767,0.4425357579242435,0.9842573446629919,0.8585054171682563,0.24411938342802045,0.28828313635785996,0.6266225763146321,0.4485745218332732,0.123661112804827,0.178573504621287,0.2481148064982954,0.27740675403225806,0.26101025995757976,0.29900136734621735
cub_01258,22,44,0.8440431740558456,0.8511344770337577,-0.16626674600885363,0.05040037682524729,-0.08272192156995814,0.09313725490196079,-0.18053284779004553,0.04433343740243522,0.6484583526131655,0.4233064233064233,-0.12869890201675094,0.0580420686383046,-0.12603098708635546,0.1117881675160647,-0.142933299068511,0.05133577789418544,0.5567830829030012,0.45747969232981095,0.5560017352227329,0.34292405486784877,0.9852478076899703,0.882915845764143,-0.04084076136308903,0.08824003005743117,0.5334148337836507,0.3235294117647059,0.061763017061567047,0.17142361913565982,-0.05322682846724993,0.08150637435322985,0.21763064733060794,0.26876646745274724
cub_01259,22,43,0.5719460045613811,0.5142598460842009,0.037307615711990795,0.19928293994622048,0.1570850973551268,0.20641981245491706,0.03013370468995033,0.1954255762701769,0.10125705284260005,0.15244699596430397,0.059839009399618136,0.34996973162036726,0.1900922282064399,0.36670071501532175,0.05000947563552698,0.3435533538626322,0.3381867467392475,0.13458310016787914,0.5248163666123938,0.5233396584440227,0.9966361729795541,0.9593868983696183,-0.27915384484027456,0.10076551387154568,0.5226375274140501,0.5149456521739131,-0.25233889224526707,0.08748122720446257,-0.2893528065126144,0.09975048817530918,0.18394009723664823,0.31655410064165945
cub_01263,22,24,0.0820332803515172,0.027386741745584847,0.14904062008072586,0.1869418652788456,0.29205420402113214,0.21570052698528075,0.15957235756727234,0.1959954710684703,0.10353135383093505,0.21808350856112946,-0.001691568270235631,0.07423861264250924,0.013886461236485041,0.12022772940388479,-0.004244084742602897,0.06789400872618921,0.012273912562844696,0.11973270006074999,0.3612256984656443,0.20302103938140623,0.9906800453309065,0.8666294642857143,0.19863307909086766,0.12801824858128408,0.3527031544486868,0.1977798997374075,0.20885908822563715,0.1997751346233505,0.19551259791410647,0.11677223905260259,0.20760468000759486,0.1958798126756273
cub_01265,22,24,0.7502920431591846,0.35133315378400215,-0.15568611163269905,0.15703908682116915,-0.14872092183118515,0.2557877612313853,-0.14356589219492305,0.16665697843399407,0.30837481820575796,0.4613665849790976,-0.1562059958077262,0.16584374092361312,-0.03922781369593713,0.22176903877762222,-0.14796744168774675,0.172176147646303,0.23358109902710833,0.400884405444621,0.5246619125610119,0.34815610935715724,0.996028911273915,0.9440139480821387,0.21523863904420137,0.19595351855128887,0.5395485356376735,0.35745688197497466,0.34420709870018545,0.2491528556466022,0.2204242146977821,0.20304990209458257,0.22273220636377353,0.3100426742499034
cub_01268,22,99,0.9379872067638809,0.7042540545130339,0.41524478511472673,0.2298406862745098,0.2312999523066445,0.27734996499713616,0.42803278532487515,0.23354434269559338,-0.05881356668658241,0.11664280207071263,0.3181663571045155,0.21540604372312724,0.1487325606813858,0.2684067496682045,0.3328181820019998,0.21166384931176044,-0.05527295614181342,0.09364043368034954,0.6516831001400993,0.48435766585311735,0.983336134834857,0.9045359650787625,0.11755153175590695,0.15744705143574814,0.5972283584650523,0.45287389604748807,-0.06851944309980473,0.09736956051093311,0.14384260305874064,0.1730502198565147,0.3415545061082989,0.3080255523811328
cub_01286,22,104,0.6610242246008806,0.5786865906409753,0.4510894731845288,0.1859599361815281,0.1282370903693818,0.14869505494505494,0.4518974898855742,0.18428040361125864,0.18426934701177122,0.21596497541081924,0.25617244853290844,0.16351727335961047,0.10510634080703689,0.18097311290227688,0.24453239469909807,0.1579463513123738,0.30175565162556356,0.20030780158636202,0.2383069456865487,0.24805671289098938,0.9940860514443683,0.903271692745377,0.23222965755588912,0.16095968850206138,0.20650661216546617,0.2302317028319235,0.205981987664781,0.23229806114386434,0.22778998236719716,0.16215751461653102,0.3259323798400662,0.26355379151206704
cub_01287,22,99,0.0,0.19999601403061223,-0.20085265595083032,0.07504419090470835,-0.04195341455768284,0.07637026708141156,-0.19019133088600354,0.07211538461538461,0.13186952137265948,0.12470183613468686,0.0,0.19999601403061223,0.0,0.19999601403061223,0.0,0.19999601403061223,0.0,0.20408163265306123,0.526208003796005,0.3649347116430903,0.9824810767354871,0.8654150013941816,-0.08955549243392531,0.060297040058571276,0.5848434573125724,0.3978269954032595,-0.1781058347994413,0.05313733638063578,-0.08557784466271735,0.05963206856903941,0.09594436572840821,0.21023603473069866
cub_01295,23,4,0.6745416478711448,0.19999601403061223,0.41833048370239834,0.37729892945374693,0.2238748396722648,0.15550693764753296,0.3915339552224926,0.34130856111742297,0.33146544759002755,0.29436925434116445,0.45592794357579175,0.19999601403061223,0.14124484369129042,0.19999601403061223,0.416947051633134,0.19999601403061223,0.21059456410258284,0.20408163265306123,0.5061722604689084,0.2937536259911042,0.9665502811535103,0.8153039073806078,0.16019475532253596,0.20785178124627665,0.4806332194991599,0.2801377726750861,0.2885012986885887,0.2011255924170616,0.1450925995471677,0.20105443990284935,0.38744034611606654,0.2781184327298909
cub_01302,23,191,0.0,1.0,0.0,0.19999601403061223,0.0,0.19999601403061223,0.0,0.19999601403061223,0.0,0.20408163265306123,0.0,0.19999601403061223,0.0,0.19999601403061223,0.0,0.19999601403061223,0.0,0.20408163265306123,0.45777256101603353,0.3466183574879227,0.9415807429597469,0.7830490405117271,0.2991283440808573,0.31195806910832147,0.33259293959298797,0.28538491097732804,0.31050803425506346,0.308486608583414,0.267529416500568,0.29511338230597256,0.1739408025603505,0.32924998123096544
cub_01303,23,105,0.7075745208764597,0.7511560945816247,0.0866304283558733,0.25625938908362544,0.21321493237981612,0.1639505886446674,0.0929655409334188,0.24875559980089595,0.4047502015766383,0.3727149627623561,0.26812321862277555,0.25878073256397394,0.16417799827636262,0.15252096014700817,0.2719090935692511,0.25085696478653785,0.4812604326332893,0.31758513127112037,0.31157585993807735,0.2644112644112644,0.9851958162525781,0.8586775328764586,0.2365330346546776,0.1772049004238518,0.3629070381395826,0.29953379953379955,0.23900237937333643,0.1753623188405797,0.2434082699446695,0.17413713226777855,0.3379485843684538,0.31479382479970286
cub_01308,23,7,0.8897705056588979,0.7264516129032258,0.22164195833216033,0.17361557803637215,0.18337606411925675,0.10718817233960391,0.24717802962881097,0.17691901718172756,-0.3627165893570435,0.09618295847750866,0.09371380527805502,0.1937901498929336,0.056821875127781134,0.1437200820606337,0.10928921366015247,0.19173445757377827,-0.2083977831607748,0.08695652173913043,0.6878812016738838,0.5130041462495288,0.9914570123199506,0.9119748499571306,-0.14636355419088615,0.12645146952608477,0.7056038261232438,0.5356951564771597,-0.22924590299925743,0.08416662210576975,-0.17057925579595018,0.11929998895881638,0.2046286937612187,0.2791433855652936
cub_01311,23,4,0.20859625593150743,0.30538221528861154,0.044003995149349134,0.294276875483372,0.17339237877918728,0.21849402342090893,0.040120220398854906,0.30199688796680496,0.046429999971810056,0.29373126713857534,0.15058530040305784,0.23873595852363905,-0.09845715008872495,0.17664302046080788,0.16860666894256754,0.23000551571980143,0.7212732996598804,0.5393667906764862,0.507597942939441,0.32571504062355505,0.9715366392031675,0.7980648629277907,0.2091313768599266,0.31000839956063836,0.46269146224103685,0.27501429388221843,-0.07574599488388664,0.17659006499535748,0.19802474468806147,0.2985141539643909,0.24851914267968242,0.3188359580421972
cub_01313,23,186,0.0,0.19999601403061223,-0.036205514657341474,0.10183914356299753,0.07429956558513774,0.13025848960973138,-0.01868869494187689,0.10396039603960396,-0.21396313987605814,0.08829844337090714,0.0,0.19999601403061223,0.0,0.19999601403061223,0.0,0.19999601403061223,0.0,0.20408163265306123,0.20091171496552018,0.2230347349177331,0.9894914926201408,0.8855693348365277,-0.010223351061998481,0.10142329421990438,0.1912626738842383,0.21954183630066232,-2.6864501338012227e-05,0.108529250956807,-0.005789504278192502,0.1041224200838643,0.07807122518254878,0.20470953551161664
cub_01315,23,23,0.41981301192215886,0.24218604939035712,0.07747718848001767,0.14836642444355438,0.07091003698009478,0.12342569269521411,0.07669754432566077,0.1473160692848568,-0.052263579669889336,0.07754039115646258,-0.3264549345086943,0.01645986325652064,-0.37112032303773773,0.0027479390457157134,-0.3191053987877416,0.022727272727272728,0.3627474840009162,0.19215617098841653,0.7559309707417371,0.6462964481994914,0.9865488316902419,0.9085203499429441,-0.1869591669752674,0.16322432587492827,0.7229834035796913,0.6077865897620764,-0.21729123300150047,0.16831854327532558,-0.1879254941938863,0.1616913997593537,0.12079922276972009,0.24191756865349934
cub_01316,23,97,0.8868584642450744,0.5635712059831723,0.2419148278178155,0.25878073256397394,0.3833719159992811,0.2627406568516421,0.24096549914503868,0.2596497834682734,-0.036560691894202815,0.21962223291626565,0.23348078362619465,0.2167323431342831,0.4665613437085991,0.24550080675189276,0.22991196695961852,0.21724890829694324,-0.12002219742478878,0.1628240422115164,0.6070389667729519,0.4280631848584033,0.9942601383986959,0.9438256658595642,0.2764459957155617,0.28144355960055617,0.5960271236723114,0.42390918765519686,0.19898648535596383,0.282335083169945,0.27478810737080495,0.28518002028397565,0.36493524863126137,0.33676182757370704
cub_01328,23,142,0.8545838511495284,0.5180394826412525,-0.17174391702127134,0.10688285903375248,0.04636242561341157,0.14718490997427836,-0.05002384693445433,0.15917754418389743,-0.08594482892146879,0.17850499883747967,-0.08842356824745998,0.14443747505274562,0.11054652176395548,0.2329524511610763,0.013376125560880378,0.2077265615597545,-0.059954093584167804,0.17230413414281584,0.29183633774755724,0.20533301303225032,0.8738008385842226,0.6503577008469699,0.35149503252956343,0.35437541750167,0.4188830414223641,0.2688879054182209,0.263723119737074,0.1433485591834433,0.3691171178120671,0.34825109722037506,0.2091756104807868,0.25585094065266545
cub_01329,23,9,0.7940535251719145,0.7936394497051992,0.08755569618823314,0.12342569269521411,-0.09587707280487377,0.043464697930747635,0.08290693024277715,0.1291139240506329,-0.14320202286362363,0.025906997925416182,0.0878198386186334,0.1364047996377632,-0.16996551310138125,0.039933702802092505,0.08926832601379929,0.14170362788581825,-0.17643142649368437,0.02589651509787062,0.3570469332178354,0.31865965834428384,0.9943710951842869,0.9270283245319251,0.21987462183744502,0.2368838457784285,0.3357722014681019,0.30341602805559165,0.3188692842143472,0.2734752842158156,0.2161688262301355,0.2310261080752884,0.19988208287492973,0.2499985771154725
cub_01335,23,23,0.8461473978287655,0.5049490101979605,0.2507217161429936,0.15324943975176694,0.11071984400596899,0.18372161604246534,0.24223834947353673,0.14981380693211113,0.2549541372329182,0.38377013377013375,-0.020528194434395675,0.12664196699225327,-0.12073070804911416,0.1473160692848568,-0.027268802551634056,0.12361437688948607,0.22298843939192103,0.27797037503939487,0.519863034885265,0.3285232011650228,0.9948601987945728,0.9445790136614669,0.08626074910671144,0.21059230952949606,0.5212653848096832,0.33072536798833047,0.10709917937413926,0.1607602908341444,0.08651423659541295,0.20864381520119224,0.271673664173783,0.28232471955200544
cub_01343,24,85,0.6953492809479935,0.501346499102334,0.3086828796582895,0.1160540510482122,0.12662092917452575,0.05592676382385437,0.2592193697231617,0.10621176211210935,0.5215655003629832,0.25534022661135536,0.1404144853434372,0.07475634572132377,0.1525061788197281,0.09594277289357288,0.10654391099978544,0.06647537063605931,0.05592030907929174,0.061796281749148994,0.4511713651169741,0.3338206951551804,0.9550319651725396,0.8063180631806318,0.17491450296874372,0.18083867210250437,0.480086238711768,0.3509693053311793,-0.056916122426183866,0.0397969126621878,0.1514306780156814,0.16175796470318587,0.3015027647779146,0.21382344578885604
cub_01353,24,186,0.8363862627652129,0.8448386800257377,-0.1127488310228215,0.050620321415484476,-0.12798980007380859,0.03978862294062791,-0.09608360024509731,0.05893526090856329,-0.07691814694988654,0.1196090341818985,-0.10910685202849296,0.06168006771053745,-0.14952338947965477,0.05243838489774515,-0.09425814989715264,0.07228722551690976,-0.09035542268597815,0.09802328730029786,0.30719216954777906,0.23781916861971136,0.990891421993291,0.8776312096547852,0.18787297436122502,0.17325386262369075,0.3156774210148151,0.24650642817216323,0.19452904620070718,0.1378304057466749,0.18187573917597277,0.16852054636620367,0.14382938951174074,0.21598550040540207
cub_01355,24,29,0.668372907077394,0.33911188158421124,0.3604693718584077,0.2660862982588948,0.0626533218192278,0.12771815474518178,0.36071749953262866,0.26369474877219495,0.022834417938518113,0.17427313795899455,0.25540779823004184,0.2101711255724271,0.2612208437757753,0.16835369400814426,0.2493290719286013,0.21111982150394984,0.09548287147697285,0.08910837940844919,0.33997342566329125,0.323093150504318,0.9935724924208262,0.9485436893203884,0.19795959274766126,0.2502312388234569,0.33535541494949006,0.3228315317690483,0.08898545223061621,0.13814976984394298,0.19160369666569133,0.24700166061873424,0.2989292118876763,0.27196588551282247
cub_01361,24,91,0.8759878124995965,0.3665146047525022,-0.09729578831126691,0.10706602680787689,-0.186493303689018,0.09492635024549918,-0.05844210593072641,0.11203457446808511,0.2096966594782435,0.26521060842433697,-0.06389115538814125,0.15717250922509224,-0.05544833538308888,0.2043927028324532,-0.0359227013398371,0.16145833333333334,0.04433212534264376,0.11572749284613691,0.53573526373228,0.42613515241952676,0.9663270375699835,0.8735997012696042,-0.07881785769897946,0.06834229107387502,0.539127208309285,0.416872573243911,-0.29992153514784736,0.044779964959290944,-0.08034919270070966,0.0694693533073109,0.14764160875616117,0.23224681594725566
cub_01365,24,5,0.6618304046363837,0.44053084648493546,-0.0014241305990164471,0.08007749434937037,-0.23096963381959978,0.007783078081847854,0.00490404706839425,0.08054269408851082,0.21217426648630922,0.11781894365420664,0.013491832345506763,0.09284353741496598,-0.41903324762027316,0.02910879926203044,-0.0038669498081969496,0.09082513987723397,0.11169804822800644,0.14113742476233335,0.15835562122065028,0.17457716392579153,0.9909006258876618,0.8873424863644912,0.09039045494556538,0.1414175533412149,0.1634857350378072,0.17595359465635438,-0.004725271367794238,0.14651662519791903,0.09218482609206412,0.1459981912728917,0.12262644191556456,0.18349823818227315
cub_01368,24,29,0.851436426541805,0.8247113373943086,0.04026885835977457,0.04640250260688217,-0.16492360386989605,0.06387490060959448,0.038381697199149994,0.04700297355104596,-0.4998915254433872,0.043167318378267136,0.00016094538035592182,0.04749478079331942,-0.22069486808852026,0.06426980591791283,-0.0012104264562896427,0.04798705028458044,-0.33074874148596767,0.046019707991538976,0.4503171414470074,0.3665146047525022,0.9942592107506363,0.9411935390269852,0.1894788307774203,0.18525663509879575,0.4367465483013492,0.3646562861222547,0.20131240036999745,0.1633578150103282,0.19523368129126176,0.18442575067180744,0.14534177167164647,0.22908900054734158
cub_01374,24,52,0.8338477664062355,0.46774901272487934,-0.1949922593566545,0.08246588641389353,-0.15497607515490014,0.08042635658914729,-0.17143279583581483,0.08686234160077981,-0.1835681235868674,0.031806615776081425,-0.27848448300118833,0.022362589781468087,-0.19223899353609483,0.04963129543433921,-0.25960769108052634,0.023457419683834777,-0.31290494549899883,0.05319204197184562,0.4857937410141053,0.3978269954032595,0.9902215172979422,0.9311074761858944,0.12605596963211405,0.1287090129711073,0.4716446963859788,0.3922031076581576,0.05652373882737384,0.07926115192164378,0.11047658611620231,0.12382905603902222,0.08842390990859378,0.1967260240103569
cub_01377,24,22,0.8777442771000874,0.6908171861836563,-0.206295593469672,0.0875101598482796,0.07442054595588456,0.2295533909207866,-0.18575389709245355,0.10044961070292795,-0.49065744018392105,0.0,-0.10647759645177168,0.08275787656452309,0.05909230767186637,0.2211743230909644,-0.09571842709955776,0.09266114982578397,-0.6055577230713809,0.0,0.3572302266173781,0.2927536231884058,0.9593573182170757,0.8285349854227405,0.02736186226151333,0.16804931443714713,0.4673086445982134,0.3354181914964402,-0.044247204957189486,0.14173893456470324,0.02344006536470596,0.1630241496013308,0.07408315769738524,0.22896285972317934
cub_01378,24,85,0.769515895169171,0.417425686648309,-0.1261522658859835,0.04700297355104596,-0.04913260907956353,0.07481390242596261,-0.1378193875329999,0.04324773885019233,0.38195640719263524,0.3438722078610724,-0.2919181287656781,0.03752131893121091,-0.32128750368172304,0.016816086714278478,-0.2879321519689895,0.03983217652543251,0.36277531961804277,0.3229825820340531,0.6233338694818239,0.470437394680929,0.9911845077721756,0.9224137931034483,0.018998647467940874,0.06469568870451084,0.590259777684216,0.44972551285755563,-0.11730650365154166,0.0778268034660571,0.022999779794089327,0.06235263295782028,0.16196504357424102,0.22606443328745854
cub_01384,24,136,0.30565847892198944,0.2816910402963152,0.1748916265793104,0.27696125214735634,0.27240395343380924,0.3054507610251073,0.1748477579799,0.278343949044586,-0.05300292049613749,0.2072045251562965,0.0071195980059176244,0.18532955350815025,0.20001793511731136,0.2511688797456518,-0.010559174141891729,0.18253594155078953,0.11481973803540013,0.21962223291626565,0.5934995427054088,0.438812818123163,0.957546420484898,0.819088189975528,0.2875420164132047,0.2668707823044239,0.5471240114745706,0.4123856439127375,0.30375179508100153,0.26394863163144444,0.3102682993636308,0.27044301021367256,0.27906193859722156,0.31065714743676587
cub_01390,24,16,0.835318260477076,0.9548066621213597,0.3762747248635309,0.33328904537301535,0.01353175401314088,0.1648287869994196,0.3484626129494212,0.3388925950633756,0.2136254061815172,0.40837732703528756,0.32612654449166956,0.32597780126849896,-0.020674491518717964,0.16401809534856746,0.30324093669178476,0.3301961823966066,0.13814459668648077,0.40642341842397334,0.43248530472998886,0.3054507610251073,0.9567448873334946,0.7910048188470462,0.2262794645457284,0.27036340852130325,0.5042838461927928,0.3260654112983152,0.19297281592142285,0.1840798925421947,0.2315052762035975,0.27620066721218606,0.33855479598419524,0.37199832489841717
cub_01392,24,191,0.7023406034552357,0.5582279463108076,0.4532175683514837,0.20004780114722753,0.1644344478605386,0.24838388861263053,0.4498675113354583,0.20263473053892214,0.4463887593777925,0.406029106029106,0.23313238445539525,0.2294780691007106,0.09125246882705482,0.22288569339507677,0.23303890904523752,0.2306843267108168,0.25763688246049415,0.3541040539638015,0.49369954915416087,0.3141697223677318,0.9953123290492274,0.9303645282292969,0.623259674560664,0.3966384239167872,0.5071022873371299,0.3227443485138074,0.5154399794655469,0.34744467335681534,0.6321597357851919,0.40389142778008585,0.45321887270137406,0.3578485826649082
cub_01404,25,111,0.5518031493006114,0.4733171841738237,0.30449082971427555,0.25365396627108056,0.37760128767560996,0.33450797872340426,0.31903533234508247,0.27289446981227805,-0.12898824248603408,0.03491220906492446,0.4164751281391919,0.3369304556354916,0.45034319563211495,0.3922996878251821,0.42548434574950417,0.3580079843020502,-0.13207567124895597,0.020331135826078206,0.6393097361342633,0.45455863168575156,0.9798860769110427,0.8898305084745762,-0.1443740240442612,0.0631882538017829,0.6467265735887421,0.46860822479145325,-0.06747144900227425,0.09228531408253421,-0.151431194555056,0.061907505368459646,0.2991210049235905,0.3004822339892581
cub_01415,25,106,0.5091652159191017,0.13552326567535478,-0.023446731649720526,0.10493283417749394,0.06839469100336956,0.12860597199572626,-0.030208388191332352,0.1025049439683586,0.4644635856981126,0.1604945337988667,-0.1708109706847637,0.059618022580985544,-0.09107628781034598,0.08879973978098232,-0.17843624235180747,0.05566360052562418,-0.012950123815097974,0.0,0.35203025884984757,0.2112251056125528,0.9869158219561052,0.9000284010224368,0.2821972771085559,0.32820176875204715,0.3236642351480336,0.19571045576407506,0.20680482396884822,0.15166145981255325,0.28216426266164946,0.33581499538806164,0.19792476185403704,0.19725233992367464
cub_01418,25,26,0.608737746535164,0.43357142857142855,0.39743961683344176,0.38033012379642367,0.34833747938304416,0.33001988071570576,0.39745255157974924,0.38490201490477505,0.4857389637258131,0.4884011158420203,0.35248411959187814,0.26584673604541154,0.1931414583875091,0.19485622432577246,0.34492926353754993,0.26170868171245365,0.23031944270145974,0.25806651774633904,0.4674271355070867,0.3458056729028364,0.9931451961747068,0.9246260069044879,0.32512540770134546,0.3525683789192795,0.47201040062227245,0.3472511243874606,0.3197803213093782,0.2661587460188597,0.3219028665575774,0.34995672148611756,0.4171981313431984,0.3722712916186248
cub_01422,25,28,0.7116572942367484,0.45540246555474984,-0.05597744953861969,0.13191585358975805,-0.27033514975757766,0.05709470135889603,-0.07967915583450044,0.1281618887015177,0.06295235688180625,0.08643232236630587,-0.1035060700864697,0.07562034406988584,-0.248696312702014,0.043736023714181706,-0.11477385203473625,0.07521697203471553,-0.005156210492712552,0.058636173767752715,0.3701813675011548,0.27598703032614913,0.992174499235701,0.9198392959632676,0.2988663325522007,0.32213889794587547,0.3892063254554579,0.2819366377107818,0.19014122300708863,0.23665751753583408,0.29290706411649625,0.3102623755977769,0.16199748416933488,0.23060256668249657
cub_01423,25,3,0.0,0.19999601403061223,0.31242563851101807,0.3825170489770614,0.38387034478471804,0.32483992342728896,0.31008455166386756,0.38280281107895825,0.3244482017345019,0.4071066694427094,0.0,0.19999601403061223,0.0,0.19999601403061223,0.0,0.19999601403061223,0.0,0.20408163265306123,0.7022987581665624,0.47108407241808986,0.9898928296928127,0.9207579672695951,0.47872896686517935,0.3886986301369863,0.6857135837139792,0.4653913551401869,0.5476258735492023,0.3800027225701062,0.47362239594423333,0.3803785403050109,0.34724740964173834,0.3671763619694336
cub_01424,25,25,0.6557820341928585,0.7519203910614525,0.23073279632902716,0.15232244358959637,0.49348992541512665,0.34193634661674244,0.24030046621548176,0.15291819852941177,0.2986549636289059,0.4783084214363835,-0.011898191911532801,0.11816814307203743,0.4131886650479967,0.3347964884277733,-0.0016234014668012693,0.11835506519558676,0.5041329706166433,0.5114805427165647,0.4135169525329776,0.2805461621897531,0.9963022702486029,0.9411935390269852,-0.10863866459431111,0.11382739108938088,0.4291095950768932,0.2846444344876144,0.2215682796478863,0.2898403206310834,-0.10166969671047327,0.11407220176932799,0.31152993095128545,0.33228867265597956
cub_01430,25,60,0.03139230792343995,0.14157328934645355,0.12107445204406078,0.16917161831527439,0.2517529624528565,0.2696906433858417,0.13974475191639193,0.18855856922894706,0.1696910395620052,0.2786957618567104,-0.03833421441779006,0.06709910676307954,-0.3423035854393205,0.024240877774942587,-0.0682113137017556,0.05631578947368421,-0.0011708104491663408,0.029344570239122708,0.40264789706051585,0.26552746074784034,0.9881778054680886,0.8734248109773173,0.31441537703308386,0.2676628735775916,0.44295217760004657,0.2978530781169167,0.33345782259789597,0.26033443152856345,0.31954717527787174,0.2892661833905634,0.20432225632854834,0.2319172709815233
cub_01434,25,12,0.7380811119894546,0.38436077782374845,-0.021434995207214116,0.18170580964153277,0.004281879753139366,0.23037323037323038,-0.01672702898289782,0.1964956195244055,0.15102810558649798,0.19349143765079738,-0.19898590380168632,0.09666138462379105,-0.11740251624272802,0.12676847069391423,-0.18824392909049045,0.1063947078280044,0.2919347655856958,0.33996431167801205,0.4950094406452418,0.3757883191664382,0.9785612092133377,0.876928831946133,-0.004263776017192094,0.16730957452933387,0.5367000219832896,0.3970485869413894,0.10475374808608627,0.21203969392635102,-0.0033817672326800744,0.17210082090415077,0.18332735775119025,0.27049543848341545
cub_01436,25,8,0.7840522096319202,0.5886962716694372,0.554768519692118,0.32641596721961535,0.1793968145190982,0.1915222037520779,0.5416935590526387,0.3097957319062847,0.15018370845695464,0.1414175533412149,0.35845263042977465,0.2159214830970556,0.16862600036273637,0.21166384931176044,0.3249923486737772,0.19386116233418596,0.06737035727294163,0.12432762158265402,0.36729767763378646,0.2219178082191781,0.9562069775935241,0.7482578397212544,0.1709039610426916,0.22182716644570327,0.3148615535379274,0.1886289606159313,0.08836345559603223,0.15329920364050056,0.16798814118075536,0.2264093878538592,0.3463438609784451,0.27093081404738084
cub_01444,25,183,0.42941818857866043,0.34134775930007344,0.07720231764879919,0.12854251012145748,-0.24891533167692942,0.07165741136266553,0.06264196088048125,0.11686143572621036,-0.2134353865519733,0.07725413102385634,0.1907099316927661,0.1520679171685883,-0.08908485318509107,0.1232034002572563,0.1853570809799055,0.140747472452573,-0.09103272286013434,0.1280440342488602,0.44638910762584577,0.33568481299081593,0.9908553444525989,0.8998485422188565,0.23999460598497843,0.27475636592266584,0.42124844254427674,0.3230059327620303,0.323840506626516,0.2847728280844053,0.2409608207179257,0.2708411683590322,0.19774333423057508,0.2445757147999565
cub_01454,25,92,0.4983077857115189,0.4064470918009811,0.6190143167990493,0.43870967741935485,0.3335458156646223,0.2956746287927695,0.6376123001863594,0.4449244060475162,0.20448440584847669,0.23718574566756162,0.2126218257342155,0.26401309988663557,0.11605612888231827,0.2110789283128168,0.209345509624789,0.258938652615732,0.13571578893590078,0.2253716910431524,0.662903954169352,0.48063445223164886,0.9820251942821949,0.8939322449749929,0.1808237770228947,0.17135594199549367,0.6047140070769882,0.43829726243371075,0.2260569695185779,0.14632215751682026,0.16588893530514437,0.17169440591770688,0.3859411143174935,0.3389720257771262
cub_01462,25,12,0.9115109940969582,0.7955722192465631,0.21199306633233556,0.21776591226260542,0.2809475406703584,0.19628062228050308,0.2207602212308661,0.21931956257594168,0.5618787148026685,0.3588231351786073,0.05376636393819757,0.21081146159402842,0.1153640079153942,0.1949857414448669,0.06682523011910153,0.21520057999033348,0.4943028523348129,0.29362704526644173,0.6049950103591688,0.4573046761545164,0.9945458485621941,0.9443906219724859,0.29836572341618217,0.29544438055076355,0.6120173779928463,0.4605923877447056,0.4058610523634655,0.32007292141415455,0.3057081977598826,0.29503065917220234,0.4092561467929621,0.36501479512324797
cub_01465,26,43,0.5040066045400203,0.6254960719203045,0.24924105793268003,0.28316603797711143,0.25315856620619814,0.2752573389248952,0.25245439765233046,0.29009449122581477,0.09450444832649235,0.2942040086812205,0.02485693188292853,0.24689363817097415,-0.08078103601057958,0.26552746074784034,0.038992422046136524,0.2550025012506253,0.3895374761084372,0.30059657450766564,0.5486050769966407,0.4438848920863309,0.9662798280385877,0.859021859948129,-0.03675418966072058,0.1571167674922954,0.5790654573213555,0.47954294139329157,-0.20661578985380333,0.11677223905260259,-0.012857580348215615,0.16536383492355444,0.23757957807856586,0.3371960438868437
cub_01469,26,92,0.8395602364128543,0.39027431421446385,0.3372684632243601,0.19928293994622048,0.20220013953126967,0.19471397106970653,0.34807964112366074,0.2031652778610395,0.5455236800049614,0.45653735632183906,0.30059053992506635,0.19123931623931623,0.11814151434554439,0.12455874936964195,0.3121591319300258,0.20122097198946612,0.39378671249394803,0.26505272352904474,0.4855653693752119,0.3223957303814983,0.9850661394505034,0.8935748655533541,0.23746070420794235,0.2132000957395883,0.443860119799953,0.29827285076654375,0.10486694899204427,0.16912697497405144,0.24168460754099141,0.2197689808687282,0.3930542632238891,0.2894923412549668
cub_01474,26,3,0.2982337004793319,0.3467704071366289,-0.02271146239531846,0.04790981681540629,0.01536286744874195,0.0744327910958904,-0.03454036219845943,0.045128044971892566,0.14803712603279306,0.08048793479997869,-0.12305902842971721,0.06117485327552477,-0.06977603332109403,0.13044947617438324,-0.13294182260486434,0.06291706387035272,0.11625236445738664,0.1506810442678774,0.6404903022021661,0.42008066227977076,0.9867534703763061,0.8980518252317004,0.3114791188747865,0.278212079182953,0.6688311832669726,0.4479474785369021,0.4557652396663058,0.36697680690399137,0.3248516234237747,0.2884468734112862,0.2388685524852741,0.24664447719696928
cub_01477,26,43,0.33503270254545314,0.20009566326530612,0.07931253373378562,0.1281892772844779,0.17938592024643624,0.20332074566924413,0.0985055709989134,0.14485315084117478,-0.0021760516492716274,0.10181462566554385,0.013315766488028593,0.19999601403061223,-0.017571852959462893,0.19999601403061223,0.002807957043519844,0.19999601403061223,-0.16853063443949468,0.20408163265306123,0.6154206874057105,0.3176207983193277,0.964261764338457,0.8327093416126381,0.38751900575742404,0.40622832570398115,0.6486244054366919,0.3617858596824535,0.36371170038880973,0.2561179604733288,0.4006640148745214,0.40107801810517585,0.2600188993473015,0.27719222942450333
cub_01478,26,106,0.7075348546118492,0.3752226942579142,0.11169636836060763,0.1674034434620754,0.34963243038406727,0.25838610571195686,0.09701297726145582,0.165979201766107,0.3209684100145116,0.18290548424737457,-0.17892097440481708,0.05370924555048039,0.20371668074167376,0.14889232354456466,-0.19404072875525957,0.05570459207827048,0.568088512756788,0.364952201427225,0.39358688573815137,0.33942872397223706,0.9765061356955328,0.8734248109773173,-0.11890473589162145,0.07731137088204039,0.4033313947131239,0.3482466747279323,0.14240493309375546,0.13712843522153673,-0.13879183715942653,0.082661397981524,0.24292142047735948,0.24209044705390376
cub_01479,26,48,0.8478689037218061,0.7802022352315061,0.30928581307862224,0.38748703767715176,0.31945299176980513,0.3444533762057878,0.29293620601398795,0.3784340659340659,0.5501067691576931,0.5588958942026757,0.275718886709408,0.32957933090427294,0.3291805436905063,0.2928368977067766,0.26862753225672104,0.3223957303814983,0.4702541369271215,0.4747599650858307,0.31680453188089686,0.3467087163658324,0.9895987605459418,0.9103369503141062,0.4125499471648906,0.43448422244233764,0.30328047460812113,0.3386246915227106,0.36795430295817083,0.35845896147403683,0.39315806059388564,0.42450642872198413,0.4297851907385052,0.4454776336113716
cub_01486,26,28,0.8026386400256491,0.722441282358992,0.2067517836139125,0.16292134831460675,0.3559201882159173,0.2016157989228007,0.1885420269417522,0.15742448697256167,-0.07951254362084745,0.0480520822568978,-0.05092246640357408,0.12773722627737227,0.09350889834576252,0.1659700452803901,-0.05921182939599585,0.12476899815198522,-0.18840126394228585,0.03657913558802493,0.6792428257136718,0.44077530509691315,0.9846164262059721,0.8659352919300856,0.4221301851471646,0.3449419568822554,0.6497665821830287,0.40861875350926447,0.4075685913217277,0.2569745815251085,0.43304119816210274,0.3428041592158421,0.3230452828342639,0.29383736348554007
